let builtin_flashCodeData = [
0x02, 0x00, 0x2E, 0xFF, 0xFF, 0xFF, 0xFF, 0xFF, 0xFF, 0xFF, 0xFF, 0x02, 0x68, 0x29, 0xFF, 0xFF, 0xFF, 0xFF, 0xFF, 0xFF, 0xFF, 0xFF, 0xFF, 0xFF, 0xFF, 0xFF, 0xFF, 0xFF, 0xFF, 0xFF, 0xFF, 0xFF,
0xFF, 0xFF, 0xFF, 0x02, 0x6A, 0x6A, 0xFF, 0xFF, 0xFF, 0xFF, 0xFF, 0x02, 0x68, 0x69, 0x75, 0x81, 0xA3, 0x90, 0x00, 0x01, 0x85, 0x83, 0xA0, 0x12, 0x67, 0xD7, 0xEC, 0x4D, 0x60, 0x6A, 0x78, 0x97,
0x80, 0x03, 0x76, 0x00, 0x18, 0xB8, 0x64, 0xFA, 0x78, 0x1F, 0x80, 0x03, 0x76, 0x00, 0x18, 0xB8, 0x1F, 0xFA, 0x78, 0x1F, 0x80, 0x03, 0x76, 0x00, 0x18, 0xB8, 0x1F, 0xFA, 0x90, 0x1B, 0xE1, 0xAE,
0x83, 0xAF, 0x82, 0x90, 0x00, 0x01, 0x12, 0x00, 0xB1, 0x60, 0x05, 0xE4, 0xF0, 0xA3, 0x80, 0xF6, 0x90, 0x00, 0x01, 0xA8, 0x82, 0x90, 0x00, 0x01, 0xA9, 0x82, 0xE8, 0xC3, 0x99, 0x50, 0x05, 0x76,
0x00, 0x08, 0x80, 0xF6, 0x90, 0x01, 0x0F, 0x12, 0x00, 0xBA, 0x90, 0x01, 0x13, 0x12, 0x00, 0xBA, 0x90, 0x01, 0x17, 0x12, 0x00, 0xBA, 0x90, 0x01, 0x1B, 0x12, 0x00, 0xD8, 0x90, 0x01, 0x21, 0x12,
0x00, 0xD8, 0x90, 0x01, 0x27, 0x12, 0x00, 0xD8, 0x75, 0xD0, 0x00, 0x12, 0x8E, 0x2E, 0x02, 0x01, 0x2D, 0xEF, 0x65, 0x82, 0x70, 0x03, 0xEE, 0x65, 0x83, 0x22, 0xE4, 0x93, 0xF8, 0x74, 0x01, 0x93,
0xF9, 0x74, 0x02, 0x93, 0xFE, 0x74, 0x03, 0x93, 0xF5, 0x82, 0x8E, 0x83, 0xE8, 0x69, 0x70, 0x01, 0x22, 0xE4, 0x93, 0xF6, 0xA3, 0x08, 0x80, 0xF4, 0xE4, 0x93, 0xFC, 0x74, 0x01, 0x93, 0xFD, 0x74,
0x02, 0x93, 0xFE, 0x74, 0x03, 0x93, 0xFF, 0x74, 0x04, 0x93, 0xF8, 0x74, 0x05, 0x93, 0xF5, 0x82, 0x88, 0x83, 0x12, 0x00, 0xB1, 0x70, 0x01, 0x22, 0xE4, 0x93, 0xA3, 0xA8, 0x83, 0xA9, 0x82, 0x8C,
0x83, 0x8D, 0x82, 0xF0, 0xA3, 0xAC, 0x83, 0xAD, 0x82, 0x88, 0x83, 0x89, 0x82, 0x80, 0xE3, 0x20, 0x20, 0x0B, 0xE1, 0x20, 0x20, 0x0B, 0xE1, 0x98, 0xA4, 0x0B, 0xE1, 0x00, 0x01, 0x0B, 0xED, 0x0B,
0xED, 0x1B, 0xE1, 0x2D, 0x0D, 0x0B, 0xED, 0x3D, 0x01, 0x2E, 0x38, 0x2E, 0x38, 0x80, 0xFE, 0xEE, 0xF8, 0xEF, 0xF9, 0x02, 0x01, 0x3A, 0xEC, 0xF8, 0xED, 0xF9, 0xE8, 0x8B, 0xF0, 0xA4, 0xC9, 0x8A,
0xF0, 0xA4, 0x29, 0xF9, 0xE8, 0x8A, 0xF0, 0xA4, 0xF8, 0xE5, 0xF0, 0x29, 0xF9, 0x48, 0x22, 0xEC, 0xF8, 0xED, 0xF9, 0x02, 0x01, 0x60, 0xEC, 0xF8, 0xED, 0xF9, 0xEB, 0xC9, 0xFB, 0xEA, 0xC8, 0xFA,
0xEB, 0x33, 0x50, 0x08, 0xE4, 0xC3, 0x9A, 0xFA, 0xE4, 0x9B, 0xFB, 0xD3, 0x92, 0xF0, 0xE9, 0x30, 0xE7, 0x09, 0xB2, 0xF0, 0xC3, 0xE4, 0x98, 0xF8, 0xE4, 0x99, 0xF9, 0x12, 0x01, 0xC3, 0x30, 0xF0,
0x08, 0xC3, 0xE4, 0x98, 0xF8, 0xE4, 0x99, 0xF9, 0x48, 0x22, 0xEC, 0xF8, 0xED, 0xF9, 0x02, 0x01, 0x9B, 0xEC, 0xF8, 0xED, 0xF9, 0xEB, 0xC9, 0xFB, 0xEA, 0xC8, 0xFA, 0x89, 0xF0, 0x12, 0x01, 0x60,
0x20, 0xF7, 0x06, 0xEA, 0xF8, 0xEB, 0xF9, 0x48, 0x22, 0xC3, 0xE4, 0x9A, 0xF8, 0xE4, 0x9B, 0xF9, 0x48, 0x22, 0xEC, 0xF8, 0xED, 0xF9, 0x02, 0x01, 0xC3, 0xEC, 0xF8, 0xED, 0xF9, 0xEB, 0xC9, 0xFB,
0xEA, 0xC8, 0xFA, 0xE9, 0x4B, 0x70, 0x10, 0xE8, 0xC0, 0xF0, 0x8A, 0xF0, 0x84, 0xF8, 0xAA, 0xF0, 0xD0, 0xF0, 0x79, 0x00, 0x7B, 0x00, 0x22, 0xEC, 0xC0, 0xE0, 0xED, 0xC0, 0xE0, 0xEE, 0xC0, 0xE0,
0x7D, 0x00, 0x7E, 0x00, 0x7C, 0x10, 0xC3, 0xE8, 0x33, 0xF8, 0xE9, 0x33, 0xF9, 0xED, 0x33, 0xFD, 0xEE, 0x33, 0xFE, 0xED, 0x9A, 0xEE, 0x9B, 0x40, 0x05, 0xFE, 0xED, 0x9A, 0xFD, 0x08, 0xDC, 0xE6,
0xED, 0xFA, 0xEE, 0xFB, 0xD0, 0xE0, 0xFE, 0xD0, 0xE0, 0xFD, 0xD0, 0xE0, 0xFC, 0xE8, 0x49, 0x22, 0xEC, 0xF8, 0xED, 0xF9, 0x02, 0x02, 0x21, 0xEC, 0xF8, 0xED, 0xF9, 0xEB, 0xC9, 0xFB, 0xEA, 0xC8,
0xFA, 0x12, 0x01, 0xC3, 0xEA, 0xF8, 0xEB, 0xF9, 0x48, 0x22, 0x30, 0xE0, 0x1B, 0x20, 0xE3, 0x0C, 0x08, 0xE6, 0x25, 0xF0, 0xF6, 0xF5, 0xF0, 0x18, 0xE6, 0x3C, 0xF6, 0x22, 0x09, 0xE7, 0x25, 0xF0,
0xF7, 0xF5, 0xF0, 0x19, 0xE7, 0x3C, 0xF7, 0x22, 0x30, 0xE2, 0x11, 0xC0, 0x83, 0xA3, 0xE0, 0x25, 0xF0, 0xF5, 0xF0, 0xF0, 0x15, 0x82, 0xD0, 0x83, 0xE0, 0x3C, 0xF0, 0x22, 0x20, 0xE3, 0x0C, 0x08,
0xE2, 0x25, 0xF0, 0xF2, 0xF5, 0xF0, 0x18, 0xE2, 0x3C, 0xF2, 0x22, 0x09, 0xE3, 0x25, 0xF0, 0xF3, 0xF5, 0xF0, 0x19, 0xE3, 0x3C, 0xF3, 0x22, 0xF5, 0xF0, 0xEB, 0xCC, 0xFB, 0x12, 0x0A, 0x16, 0x02,
0x02, 0x82, 0x12, 0x02, 0x2A, 0xCB, 0xFC, 0xE5, 0xF0, 0x22, 0xEC, 0xF8, 0xED, 0xF9, 0xEE, 0xFA, 0xEF, 0xFB, 0xEF, 0x4E, 0x4D, 0x4B, 0x4A, 0x49, 0x70, 0x0D, 0xE8, 0x8C, 0xF0, 0xA4, 0xFC, 0xAD,
0xF0, 0x7E, 0x00, 0x7F, 0x00, 0x4D, 0x22, 0xC0, 0x82, 0xEC, 0xF5, 0x82, 0x88, 0xF0, 0xA4, 0xC0, 0xE0, 0xE8, 0xC5, 0xF0, 0xCD, 0xC0, 0xE0, 0xA4, 0x2D, 0xFD, 0xE4, 0x35, 0xF0, 0xCE, 0xFC, 0x85,
0x82, 0xF0, 0xE9, 0xA4, 0x2D, 0xFD, 0xEE, 0x35, 0xF0, 0xFE, 0xE4, 0x33, 0xCF, 0x88, 0xF0, 0xA4, 0x2F, 0xFF, 0xE9, 0x8C, 0xF0, 0xA4, 0x2F, 0xFF, 0xEA, 0xD0, 0xF0, 0xC0, 0xF0, 0xA4, 0x2F, 0xFF,
0xEB, 0x85, 0x82, 0xF0, 0xA4, 0x2F, 0xFF, 0xD0, 0xF0, 0xE9, 0xA4, 0x2E, 0xFE, 0xEF, 0x35, 0xF0, 0xFF, 0xEA, 0x85, 0x82, 0xF0, 0xA4, 0x2E, 0xFE, 0xEF, 0x35, 0xF0, 0xFF, 0x8C, 0xF0, 0xE8, 0xA4,
0x2E, 0xFE, 0xEF, 0x35, 0xF0, 0xFF, 0xD0, 0xE0, 0xD0, 0x82, 0xFC, 0x4E, 0x4D, 0x4F, 0x22, 0xEF, 0xCB, 0xFF, 0xEE, 0xCA, 0xFE, 0xED, 0xC9, 0xFD, 0xEC, 0xC8, 0xFC, 0x22, 0x12, 0x03, 0x0F, 0xEB,
0x4A, 0x4E, 0x4F, 0x70, 0x17, 0xEC, 0xFA, 0xED, 0xFB, 0x12, 0x01, 0xBD, 0xF5, 0xF0, 0xE8, 0xFC, 0xE9, 0xFD, 0xEA, 0xF8, 0xEB, 0xF9, 0xE4, 0xFA, 0xFB, 0xE5, 0xF0, 0x22, 0xC0, 0x82, 0xC0, 0x83,
0x75, 0xF0, 0x20, 0x8B, 0x82, 0x88, 0x83, 0xE4, 0xFB, 0xCF, 0xC0, 0xE0, 0xE4, 0xCA, 0xCE, 0xC0, 0xE0, 0xE4, 0xC9, 0xCD, 0xC0, 0xE0, 0xC3, 0xEC, 0x33, 0xFC, 0xA8, 0x81, 0xE6, 0x33, 0xF6, 0x18,
0xE6, 0x33, 0xF6, 0x18, 0xE6, 0x33, 0xF6, 0xEB, 0x33, 0xFB, 0xE9, 0x33, 0xF9, 0xEA, 0x33, 0xFA, 0xEF, 0x33, 0xFF, 0xEB, 0x95, 0x83, 0xE9, 0x9D, 0xEA, 0x9E, 0xEF, 0x95, 0x82, 0x40, 0x0C, 0xFF,
0xEB, 0x95, 0x83, 0xFB, 0xE9, 0x9D, 0xF9, 0xEA, 0x9E, 0xFA, 0x0C, 0xD5, 0xF0, 0xC8, 0xD0, 0xE0, 0xFD, 0xD0, 0xE0, 0xFE, 0xEB, 0xF8, 0xD0, 0xE0, 0xCF, 0xFB, 0xEC, 0xD0, 0x83, 0xD0, 0x82, 0x4D,
0x4E, 0x4F, 0x22, 0x12, 0x03, 0x0F, 0x12, 0x03, 0x1F, 0xEB, 0xFF, 0xEA, 0xFE, 0xE9, 0xFD, 0xE8, 0xFC, 0x80, 0xEC, 0x12, 0x03, 0x0F, 0xEB, 0x33, 0x50, 0x0E, 0xE4, 0xC3, 0x98, 0xF8, 0xE4, 0x99,
0xF9, 0xE4, 0x9A, 0xFA, 0xE4, 0x9B, 0xFB, 0xD3, 0xEF, 0x30, 0xE7, 0x08, 0xB3, 0xC0, 0xD0, 0x12, 0x03, 0xF5, 0x80, 0x02, 0xC0, 0xD0, 0x12, 0x03, 0x1F, 0xD0, 0xF0, 0x20, 0xF7, 0x01, 0x22, 0xF5,
0xF0, 0x12, 0x03, 0xF5, 0xE5, 0xF0, 0x22, 0x12, 0x03, 0x0F, 0xEF, 0xC0, 0xE0, 0x12, 0x03, 0xB6, 0x12, 0x03, 0xA9, 0x80, 0xE4, 0xE4, 0xC3, 0x9C, 0xFC, 0xE4, 0x9D, 0xFD, 0xE4, 0x9E, 0xFE, 0xE4,
0x9F, 0xFF, 0x4E, 0x4D, 0x4C, 0x22, 0xEC, 0xF4, 0xFC, 0xED, 0xF4, 0xFD, 0xEE, 0xF4, 0xFE, 0xEF, 0xF4, 0xFF, 0x4E, 0x4D, 0x4C, 0x22, 0xC0, 0x83, 0xF5, 0xF0, 0xC3, 0xEC, 0x98, 0xF5, 0x83, 0xED,
0x99, 0x42, 0x83, 0xEE, 0x9A, 0x42, 0x83, 0x20, 0xF0, 0x10, 0xC0, 0x82, 0xEB, 0x64, 0x80, 0xF5, 0x82, 0xEF, 0x64, 0x80, 0x95, 0x82, 0xD0, 0x82, 0x80, 0x02, 0xEF, 0x9B, 0x82, 0xF1, 0x30, 0xF2,
0x05, 0x45, 0x83, 0x70, 0x01, 0xD3, 0xD0, 0x83, 0x30, 0xF3, 0x01, 0xB3, 0xE4, 0x33, 0x22, 0x88, 0xF0, 0x05, 0xF0, 0x80, 0x0E, 0xEF, 0xA2, 0xE7, 0x13, 0xFF, 0xEE, 0x13, 0xFE, 0xED, 0x13, 0xFD,
0xEC, 0x13, 0xFC, 0xD5, 0xF0, 0xEF, 0xEF, 0x4E, 0x4D, 0x4C, 0x22, 0x88, 0xF0, 0x05, 0xF0, 0x80, 0x0D, 0xC3, 0xEF, 0x13, 0xFF, 0xEE, 0x13, 0xFE, 0xED, 0x13, 0xFD, 0xEC, 0x13, 0xFC, 0xD5, 0xF0,
0xF0, 0xEF, 0x4E, 0x4D, 0x4C, 0x22, 0x88, 0xF0, 0x05, 0xF0, 0x80, 0x0D, 0xC3, 0xEC, 0x33, 0xFC, 0xED, 0x33, 0xFD, 0xEE, 0x33, 0xFE, 0xEF, 0x33, 0xFF, 0xD5, 0xF0, 0xF0, 0xEF, 0x4E, 0x4D, 0x4C,
0x22, 0xEC, 0xF8, 0xED, 0xF9, 0xEE, 0xFA, 0xEF, 0xFB, 0xEC, 0x28, 0xFC, 0xED, 0x39, 0xFD, 0xEE, 0x3A, 0xFE, 0xEF, 0x3B, 0xFF, 0x4E, 0x4D, 0x4C, 0x22, 0xC3, 0xEC, 0x98, 0xFC, 0xED, 0x99, 0xFD,
0xEE, 0x9A, 0xFE, 0xEF, 0x9B, 0xFF, 0x4E, 0x4D, 0x4C, 0x22, 0xC3, 0xE8, 0x9C, 0xFC, 0xE9, 0x9D, 0xFD, 0xEA, 0x9E, 0xFE, 0xEB, 0x9F, 0xFF, 0x4E, 0x4D, 0x4C, 0x22, 0xEC, 0x58, 0xFC, 0xED, 0x59,
0xFD, 0xEE, 0x5A, 0xFE, 0xEF, 0x5B, 0xFF, 0x4E, 0x4D, 0x4C, 0x22, 0xEC, 0x48, 0xFC, 0xED, 0x49, 0xFD, 0xEE, 0x4A, 0xFE, 0xEF, 0x4B, 0xFF, 0x4E, 0x4D, 0x4C, 0x22, 0xEC, 0x68, 0xFC, 0xED, 0x69,
0xFD, 0xEE, 0x6A, 0xFE, 0xEF, 0x6B, 0xFF, 0x4E, 0x4D, 0x4C, 0x22, 0x08, 0x08, 0x08, 0xE6, 0x2C, 0xFC, 0xF6, 0x18, 0xE6, 0x3D, 0xFD, 0xF6, 0x18, 0xE6, 0x3E, 0xFE, 0xF6, 0x18, 0xE6, 0x3F, 0xFF,
0xF6, 0x4E, 0x4D, 0x4C, 0x22, 0xE8, 0x14, 0x60, 0x01, 0x04, 0xF9, 0xFA, 0xFB, 0x02, 0x04, 0xA9, 0xC0, 0xF0, 0xE5, 0xF0, 0xC4, 0x54, 0x0F, 0x75, 0xF0, 0x05, 0xA4, 0x90, 0x05, 0x3F, 0x73, 0x12,
0x04, 0xA9, 0x80, 0x49, 0x12, 0x04, 0xB9, 0x80, 0x44, 0x12, 0x02, 0x92, 0x80, 0x3F, 0x12, 0x03, 0xB6, 0x80, 0x3A, 0x12, 0x03, 0x1F, 0x80, 0x35, 0x12, 0x03, 0xEA, 0x80, 0x30, 0x12, 0x03, 0xA6,
0x80, 0x2B, 0x12, 0x04, 0x4F, 0x80, 0x26, 0x12, 0x04, 0x6B, 0x80, 0x21, 0x12, 0x04, 0x86, 0x80, 0x1C, 0x12, 0x04, 0xDB, 0x80, 0x17, 0x12, 0x04, 0xEB, 0x80, 0x12, 0x12, 0x04, 0xFB, 0x80, 0x0D,
0x12, 0x05, 0x25, 0x80, 0x08, 0x12, 0x03, 0xF5, 0x80, 0x03, 0x12, 0x04, 0x06, 0xD0, 0xF0, 0xFB, 0x30, 0xF0, 0x10, 0xD0, 0xE0, 0xF8, 0xEC, 0xF6, 0x18, 0xED, 0xF6, 0x18, 0xEE, 0xF6, 0x18, 0xEF,
0xF6, 0x80, 0x2E, 0x30, 0xF2, 0x1D, 0xD0, 0x83, 0xD0, 0x82, 0xEF, 0xF0, 0xA3, 0xEE, 0xF0, 0xA3, 0xED, 0xF0, 0xA3, 0xEC, 0xF0, 0xE5, 0x82, 0x24, 0xFD, 0xF5, 0x82, 0xE5, 0x83, 0x34, 0xFF, 0xF5,
0x83, 0x80, 0x0E, 0xD0, 0xE0, 0xF8, 0xEC, 0xF2, 0x18, 0xED, 0xF2, 0x18, 0xEE, 0xF2, 0x18, 0xEF, 0xF2, 0x30, 0xF3, 0x10, 0xD0, 0xE0, 0xFF, 0xD0, 0xE0, 0xFE, 0xD0, 0xE0, 0xFD, 0xD0, 0xE0, 0xFC,
0x4D, 0x4E, 0x4F, 0xFB, 0xD0, 0xE0, 0xF8, 0xD0, 0xE0, 0xF9, 0xD0, 0xE0, 0xFA, 0xD0, 0xE0, 0xCB, 0x22, 0x75, 0xF0, 0x04, 0x02, 0x06, 0x00, 0x75, 0xF0, 0x14, 0x02, 0x06, 0x00, 0x75, 0xF0, 0xF4,
0xEB, 0xC0, 0xE0, 0xEA, 0xC0, 0xE0, 0xE9, 0xC0, 0xE0, 0xE8, 0xC0, 0xE0, 0xEC, 0xF8, 0xED, 0xF9, 0xEE, 0xFA, 0xEF, 0xFB, 0xE0, 0xFF, 0xA3, 0xE0, 0xFE, 0xA3, 0xE0, 0xFD, 0xA3, 0xE0, 0xFC, 0x30,
0xF3, 0x0C, 0xEC, 0xC0, 0xE0, 0xED, 0xC0, 0xE0, 0xEE, 0xC0, 0xE0, 0xEF, 0xC0, 0xE0, 0xE5, 0x82, 0x24, 0xFD, 0xC0, 0xE0, 0xE5, 0x83, 0x34, 0xFF, 0xC0, 0xE0, 0x02, 0x05, 0x30, 0xF5, 0xF0, 0xED,
0x02, 0x06, 0x46, 0xF5, 0xF0, 0xEF, 0xD0, 0x83, 0xD0, 0x82, 0xC0, 0xE0, 0xC3, 0xE4, 0x93, 0xA3, 0xC5, 0xF0, 0x95, 0xF0, 0xD0, 0xF0, 0xC0, 0xE0, 0xE4, 0x93, 0xA3, 0xC5, 0xF0, 0x95, 0xF0, 0x70,
0x02, 0x80, 0x15, 0xA3, 0xD0, 0xE0, 0x80, 0x2C, 0xD0, 0x83, 0xD0, 0x82, 0xF5, 0xF0, 0xC3, 0xE4, 0x93, 0xA3, 0xC5, 0xF0, 0x95, 0xF0, 0xC0, 0xE0, 0xC3, 0xD0, 0xF0, 0xE4, 0x93, 0xA3, 0x95, 0xF0,
0x40, 0x12, 0xA3, 0xA3, 0xC3, 0xE5, 0xF0, 0x33, 0x50, 0x02, 0x05, 0x83, 0x25, 0x82, 0xF5, 0x82, 0x50, 0x02, 0x05, 0x83, 0x74, 0x01, 0x93, 0xC0, 0xE0, 0xE4, 0x93, 0xC0, 0xE0, 0x22, 0xD0, 0x83,
0xD0, 0x82, 0xF5, 0xF0, 0xE4, 0x93, 0x70, 0x09, 0x74, 0x01, 0x93, 0x70, 0x04, 0xA3, 0xA3, 0x80, 0x0C, 0x74, 0x02, 0x93, 0x65, 0xF0, 0x60, 0x05, 0xA3, 0xA3, 0xA3, 0x80, 0xE7, 0x74, 0x01, 0x93,
0xC0, 0xE0, 0xE4, 0x93, 0xC0, 0xE0, 0x22, 0x30, 0xF1, 0x07, 0x78, 0xFF, 0x7C, 0xFF, 0x02, 0x06, 0xD6, 0xE8, 0x4C, 0x70, 0x01, 0x22, 0xBB, 0x00, 0x54, 0xBF, 0x00, 0x18, 0xE8, 0xFC, 0xED, 0xF8,
0xE7, 0xF6, 0x70, 0x03, 0x20, 0xF0, 0x05, 0x08, 0x09, 0xDC, 0xF5, 0x22, 0x20, 0xF1, 0x04, 0xF6, 0x08, 0xDC, 0xFC, 0x22, 0xBF, 0x01, 0x1B, 0x8D, 0x82, 0x8E, 0x83, 0x02, 0x06, 0xFE, 0xE7, 0xF0,
0x70, 0x03, 0x20, 0xF0, 0x05, 0x09, 0xA3, 0xD8, 0xF5, 0x22, 0x20, 0xF1, 0x04, 0xF0, 0xA3, 0xD8, 0xFC, 0x22, 0xE8, 0xFC, 0xED, 0xF8, 0xE7, 0xF2, 0x70, 0x03, 0x20, 0xF0, 0x05, 0x08, 0x09, 0xDC,
0xF5, 0x22, 0x20, 0xF1, 0x04, 0xF2, 0x08, 0xDC, 0xFC, 0x22, 0x02, 0x07, 0x2D, 0xBB, 0x01, 0x75, 0xBF, 0x00, 0x1D, 0x89, 0x82, 0x8A, 0x83, 0xED, 0xF9, 0xE0, 0xF7, 0x70, 0x03, 0x20, 0xF0, 0x05,
0x09, 0xA3, 0xD8, 0xF5, 0x22, 0x20, 0xF1, 0x04, 0xF7, 0x09, 0xD8, 0xFC, 0x22, 0x02, 0x07, 0x50, 0xBF, 0x01, 0x35, 0x8D, 0x82, 0x8E, 0x83, 0xB8, 0x00, 0x02, 0x80, 0x01, 0x0C, 0xC9, 0xC5, 0x82,
0xC9, 0xCA, 0xC5, 0x83, 0xCA, 0xE0, 0xA3, 0xC9, 0xC5, 0x82, 0xC9, 0xCA, 0xC5, 0x83, 0xCA, 0xF0, 0x70, 0x03, 0x20, 0xF0, 0x06, 0xA3, 0xD8, 0xE5, 0xDC, 0xE3, 0x22, 0x20, 0xF1, 0x06, 0xF0, 0xA3,
0xD8, 0xFC, 0xDC, 0xFA, 0x22, 0x02, 0x07, 0x88, 0x89, 0x82, 0x8A, 0x83, 0xED, 0xF9, 0xE0, 0xF3, 0x70, 0x03, 0x20, 0xF0, 0x05, 0x09, 0xA3, 0xD8, 0xF5, 0x22, 0x20, 0xF1, 0x04, 0xF3, 0x09, 0xD8,
0xFC, 0x22, 0x02, 0x07, 0xA5, 0xBB, 0x02, 0x75, 0xBF, 0x00, 0x1B, 0x89, 0x82, 0x8A, 0x83, 0xED, 0xF9, 0xE4, 0x93, 0xF7, 0x70, 0x03, 0x20, 0xF0, 0x05, 0x09, 0xA3, 0xD8, 0xF4, 0x22, 0x20, 0xF1,
0x04, 0xF7, 0x09, 0xD8, 0xFC, 0x22, 0xBF, 0x01, 0x36, 0x8D, 0x82, 0x8E, 0x83, 0xB8, 0x00, 0x02, 0x80, 0x01, 0x0C, 0xC9, 0xC5, 0x82, 0xC9, 0xCA, 0xC5, 0x83, 0xCA, 0xE4, 0x93, 0xA3, 0xC9, 0xC5,
0x82, 0xC9, 0xCA, 0xC5, 0x83, 0xCA, 0xF0, 0x70, 0x03, 0x20, 0xF0, 0x06, 0xA3, 0xD8, 0xE4, 0xDC, 0xE2, 0x22, 0x20, 0xF1, 0x06, 0xF0, 0xA3, 0xD8, 0xFC, 0xDC, 0xFA, 0x22, 0x02, 0x07, 0xFF, 0x89,
0x82, 0x8A, 0x83, 0xED, 0xF9, 0xE4, 0x93, 0xF3, 0x70, 0x03, 0x20, 0xF0, 0x05, 0x09, 0xA3, 0xD8, 0xF4, 0x22, 0x20, 0xF1, 0x04, 0xF3, 0x09, 0xD8, 0xFC, 0x22, 0x02, 0x08, 0x1D, 0xBF, 0x00, 0x1B,
0xE8, 0xFC, 0xED, 0xF8, 0xE3, 0xF6, 0x70, 0x03, 0x20, 0xF0, 0x05, 0x08, 0x09, 0xDC, 0xF5, 0x22, 0x20, 0xF1, 0x04, 0xF6, 0x08, 0xDC, 0xFC, 0x22, 0x02, 0x08, 0x3B, 0xBF, 0x01, 0x1B, 0x8D, 0x82,
0x8E, 0x83, 0xE3, 0xF0, 0x70, 0x03, 0x20, 0xF0, 0x05, 0x09, 0xA3, 0xD8, 0xF5, 0x22, 0x20, 0xF1, 0x04, 0xF0, 0xA3, 0xD8, 0xFC, 0x22, 0x02, 0x08, 0x59, 0xE8, 0xFC, 0xED, 0xF8, 0xE3, 0xF2, 0x70,
0x03, 0x20, 0xF0, 0x05, 0x08, 0x09, 0xDC, 0xF5, 0x22, 0x20, 0xF1, 0x04, 0xF2, 0x08, 0xDC, 0xFC, 0x22, 0x12, 0x09, 0xC2, 0x02, 0x08, 0x89, 0x12, 0x09, 0xE2, 0x02, 0x08, 0x89, 0x12, 0x0A, 0x16,
0x02, 0x08, 0x89, 0x12, 0x0A, 0x3A, 0x02, 0x08, 0x89, 0x30, 0xE0, 0x07, 0x20, 0xE3, 0x02, 0xE6, 0x22, 0xE7, 0x22, 0x30, 0xE1, 0x07, 0x20, 0xE3, 0x02, 0xE2, 0x22, 0xE3, 0x22, 0x30, 0xE2, 0x02,
0xE0, 0x22, 0xE4, 0x93, 0x22, 0x12, 0x09, 0xE2, 0x02, 0x08, 0xAB, 0xAD, 0xF0, 0x12, 0x08, 0xEB, 0xCD, 0xC5, 0xF0, 0xCD, 0x22, 0x12, 0x09, 0xE2, 0x02, 0x08, 0xBB, 0xAF, 0xF0, 0x12, 0x08, 0xEB,
0xCF, 0xC5, 0xF0, 0xCF, 0x22, 0x12, 0x0A, 0x3A, 0x02, 0x08, 0xCB, 0xA9, 0xF0, 0x12, 0x08, 0xEB, 0xC9, 0xC5, 0xF0, 0xC9, 0x22, 0x12, 0x0A, 0x3A, 0x02, 0x08, 0xE1, 0x12, 0x0A, 0x16, 0x02, 0x08,
0xE1, 0xAB, 0xF0, 0x12, 0x08, 0xEB, 0xCB, 0xC5, 0xF0, 0xCB, 0x22, 0x30, 0xE0, 0x10, 0x20, 0xE3, 0x06, 0xE6, 0xF5, 0xF0, 0x08, 0xE6, 0x22, 0xE7, 0xF5, 0xF0, 0x09, 0xE7, 0x19, 0x22, 0x30, 0xE1,
0x10, 0x20, 0xE3, 0x06, 0xE2, 0xF5, 0xF0, 0x08, 0xE2, 0x22, 0xE3, 0xF5, 0xF0, 0x09, 0xE3, 0x19, 0x22, 0x30, 0xE2, 0x06, 0xE0, 0xF5, 0xF0, 0xA3, 0xE0, 0x22, 0xE4, 0x93, 0xF5, 0xF0, 0x74, 0x01,
0x93, 0x22, 0x12, 0x0A, 0x3A, 0x02, 0x09, 0x28, 0x30, 0xE0, 0x15, 0x20, 0xE3, 0x09, 0xE6, 0xFB, 0x08, 0xE6, 0xFA, 0x08, 0xE6, 0xF9, 0x22, 0xE7, 0xFB, 0x09, 0xE7, 0xFA, 0x09, 0xE7, 0xF9, 0x22,
0x30, 0xE1, 0x15, 0x20, 0xE3, 0x09, 0xE2, 0xFB, 0x08, 0xE2, 0xFA, 0x08, 0xE2, 0xF9, 0x22, 0xE3, 0xFB, 0x09, 0xE3, 0xFA, 0x09, 0xE3, 0xF9, 0x22, 0x30, 0xE2, 0x09, 0xE0, 0xFB, 0xA3, 0xE0, 0xFA,
0xA3, 0xE0, 0xF9, 0x22, 0xE4, 0x93, 0xFB, 0x74, 0x01, 0x93, 0xFA, 0x74, 0x02, 0x93, 0xF9, 0x22, 0x12, 0x09, 0xE2, 0x02, 0x09, 0x76, 0x30, 0xE0, 0x17, 0x20, 0xE3, 0x09, 0xE6, 0xFF, 0x08, 0xE6,
0xFE, 0x08, 0xE6, 0xFD, 0x22, 0xE7, 0xFF, 0x09, 0xE7, 0xFE, 0x09, 0xE7, 0xFD, 0x19, 0x19, 0x22, 0x30, 0xE1, 0x17, 0x20, 0xE3, 0x09, 0xE2, 0xFF, 0x08, 0xE2, 0xFE, 0x08, 0xE2, 0xFD, 0x22, 0xE3,
0xFF, 0x09, 0xE3, 0xFE, 0x09, 0xE3, 0xFD, 0x19, 0x19, 0x22, 0x30, 0xE2, 0x09, 0xE0, 0xFF, 0xA3, 0xE0, 0xFE, 0xA3, 0xE0, 0xFD, 0x22, 0xE4, 0x93, 0xFF, 0x74, 0x01, 0x93, 0xFE, 0x74, 0x02, 0x93,
0xFD, 0x22, 0xBB, 0x00, 0x03, 0x74, 0x09, 0x22, 0xBB, 0x01, 0x07, 0x89, 0x82, 0x8A, 0x83, 0x74, 0x04, 0x22, 0xBB, 0x02, 0x07, 0x89, 0x82, 0x8A, 0x83, 0x74, 0x10, 0x22, 0x74, 0x0A, 0x22, 0x02,
0x09, 0xE2, 0xBB, 0x00, 0x07, 0xE9, 0x25, 0x82, 0xF8, 0x74, 0x01, 0x22, 0xBB, 0x01, 0x0D, 0xE9, 0x25, 0x82, 0xF5, 0x82, 0xEA, 0x35, 0x83, 0xF5, 0x83, 0x74, 0x04, 0x22, 0xBB, 0x02, 0x0D, 0xE9,
0x25, 0x82, 0xF5, 0x82, 0xEA, 0x35, 0x83, 0xF5, 0x83, 0x74, 0x10, 0x22, 0xE9, 0x25, 0x82, 0xF8, 0x74, 0x02, 0x22, 0x02, 0x0A, 0x16, 0xBF, 0x00, 0x05, 0xED, 0xF8, 0x74, 0x01, 0x22, 0xBF, 0x01,
0x07, 0x8D, 0x82, 0x8E, 0x83, 0x74, 0x04, 0x22, 0xBF, 0x02, 0x07, 0x8D, 0x82, 0x8E, 0x83, 0x74, 0x10, 0x22, 0xED, 0xF8, 0x74, 0x02, 0x22, 0x02, 0x0A, 0x3A, 0xBF, 0x00, 0x07, 0xED, 0x25, 0x82,
0xF8, 0x74, 0x01, 0x22, 0xBF, 0x01, 0x0D, 0xED, 0x25, 0x82, 0xF5, 0x82, 0xEE, 0x35, 0x83, 0xF5, 0x83, 0x74, 0x04, 0x22, 0xBF, 0x02, 0x0D, 0xED, 0x25, 0x82, 0xF5, 0x82, 0xEE, 0x35, 0x83, 0xF5,
0x83, 0x74, 0x10, 0x22, 0xED, 0x25, 0x82, 0xF8, 0x74, 0x02, 0x22, 0x02, 0x0A, 0x6E, 0xC0, 0xE0, 0x12, 0x09, 0xC2, 0x02, 0x0A, 0x86, 0xC0, 0xE0, 0x12, 0x0A, 0x16, 0x02, 0x0A, 0x86, 0xC0, 0xE0,
0x12, 0x0A, 0x3A, 0x02, 0x0A, 0x86, 0x30, 0xE0, 0x0B, 0x20, 0xE3, 0x04, 0xD0, 0xE0, 0xF6, 0x22, 0xD0, 0xE0, 0xF7, 0x22, 0x30, 0xE1, 0x0B, 0x20, 0xE3, 0x04, 0xD0, 0xE0, 0xF2, 0x22, 0xD0, 0xE0,
0xF3, 0x22, 0xD0, 0xE0, 0xF0, 0x22, 0xC0, 0xE0, 0xEB, 0xC0, 0xE0, 0x12, 0x0A, 0x16, 0x02, 0x0A, 0xBC, 0xC0, 0xE0, 0xEB, 0xC0, 0xE0, 0x12, 0x0A, 0x3A, 0x02, 0x0A, 0xBC, 0x30, 0xE0, 0x14, 0x20,
0xE3, 0x08, 0xD0, 0xE0, 0xF6, 0xD0, 0xE0, 0x08, 0xF6, 0x22, 0xD0, 0xE0, 0xF7, 0xD0, 0xE0, 0x09, 0xF7, 0x19, 0x22, 0x30, 0xE1, 0x14, 0x20, 0xE3, 0x08, 0xD0, 0xE0, 0xF2, 0xD0, 0xE0, 0x08, 0xF2,
0x22, 0xD0, 0xE0, 0xF3, 0xD0, 0xE0, 0x09, 0xF3, 0x19, 0x22, 0xD0, 0xE0, 0xF0, 0xD0, 0xE0, 0xA3, 0xF0, 0x22, 0x08, 0xA3, 0xE4, 0x93, 0xF6, 0xD9, 0xF9, 0x22, 0xE6, 0xFB, 0x08, 0xE6, 0xFA, 0x08,
0xE6, 0xF9, 0x04, 0xF6, 0x18, 0x70, 0x01, 0x06, 0x22, 0xE6, 0xFF, 0x08, 0xE6, 0xFE, 0x08, 0xE6, 0xFD, 0x04, 0xF6, 0x18, 0x70, 0x01, 0x06, 0x22, 0xD0, 0x83, 0xD0, 0x82, 0xEF, 0xC0, 0xE0, 0xEE,
0xC0, 0xE0, 0xED, 0xC0, 0xE0, 0xEC, 0xC0, 0xE0, 0xE4, 0x73, 0xD0, 0x83, 0xD0, 0x82, 0xD0, 0xE0, 0xF8, 0xD0, 0xE0, 0xF9, 0xD0, 0xE0, 0xFA, 0xD0, 0xE0, 0xFB, 0xE4, 0x73, 0xEF, 0xF6, 0x08, 0xEE,
0xF6, 0x08, 0xED, 0xF6, 0x22, 0xEB, 0xF6, 0x08, 0xEA, 0xF6, 0x08, 0xE9, 0xF6, 0x22, 0xEF, 0xF6, 0x08, 0xEE, 0xF6, 0x08, 0xED, 0xF6, 0x08, 0xEC, 0xF6, 0x22, 0xE6, 0xFF, 0x08, 0xE6, 0xFE, 0x08,
0xE6, 0xFD, 0x22, 0xE6, 0xFB, 0x08, 0xE6, 0xFA, 0x08, 0xE6, 0xF9, 0x22, 0xE6, 0xFF, 0x08, 0xE6, 0xFE, 0x08, 0xE6, 0xFD, 0x08, 0xE6, 0xFC, 0x22, 0xE6, 0xFB, 0x08, 0xE6, 0xFA, 0x08, 0xE6, 0xF9,
0x08, 0xE6, 0xF8, 0x22, 0xC5, 0x82, 0x70, 0x02, 0x15, 0x83, 0x14, 0xC5, 0x82, 0x22, 0x89, 0xF0, 0x02, 0x0B, 0x9F, 0x8B, 0xF0, 0x02, 0x0B, 0x9F, 0x8D, 0xF0, 0x02, 0x0B, 0x9F, 0x8F, 0xF0, 0x25,
0xE0, 0xC5, 0xF0, 0x33, 0xC5, 0xF0, 0x25, 0x82, 0xF5, 0x82, 0xE5, 0xF0, 0x35, 0x83, 0xF5, 0x83, 0x22, 0xEF, 0xF0, 0xA3, 0xEE, 0xF0, 0xA3, 0xED, 0xF0, 0x22, 0xEB, 0xF0, 0xA3, 0xEA, 0xF0, 0xA3,
0xE9, 0xF0, 0x22, 0xE0, 0xFF, 0xA3, 0xE0, 0xFE, 0xA3, 0xE0, 0xFD, 0x22, 0xE0, 0xFB, 0xA3, 0xE0, 0xFA, 0xA3, 0xE0, 0xF9, 0x22, 0xE0, 0xFF, 0xA3, 0xE0, 0xFE, 0xA3, 0xE0, 0xFD, 0xA3, 0xE0, 0xFC,
0x22, 0x01, 0x00, 0x00, 0x00, 0x00, 0x00, 0x00, 0x00, 0x00, 0x00, 0x00, 0x0E, 0x00, 0x00, 0x00, 0x00, 0x00, 0x00, 0x00, 0x00, 0x00, 0x00, 0x00, 0x00, 0x00, 0x00, 0x00, 0x01, 0x00, 0x00, 0x00,
0x00, 0x00, 0x00, 0x92, 0x00, 0x0C, 0x00, 0x92, 0x00, 0x0C, 0x00, 0x92, 0x00, 0x0C, 0x00, 0x92, 0x00, 0x0C, 0x00, 0x92, 0x00, 0x0C, 0x00, 0x92, 0x00, 0x0C, 0x00, 0x92, 0x00, 0x0C, 0x00, 0x92,
0x00, 0x0C, 0x00, 0x92, 0x00, 0x0C, 0x00, 0x92, 0x00, 0x0C, 0x00, 0xA1, 0x00, 0x0C, 0x00, 0xFF, 0x00, 0x0C, 0x00, 0xB0, 0x00, 0x0C, 0x00, 0x12, 0x00, 0x10, 0x00, 0xCE, 0x00, 0x10, 0x01, 0x0E,
0x00, 0x10, 0x01, 0x0E, 0x00, 0x10, 0x01, 0x21, 0x00, 0x0C, 0x01, 0x21, 0x00, 0x0C, 0x00, 0xBF, 0x00, 0x0C, 0x00, 0xE1, 0x00, 0x0C, 0x00, 0xF0, 0x00, 0x0C, 0x01, 0x40, 0x00, 0x08, 0x00, 0x6D,
0x78, 0x79, 0x7A, 0x00, 0x00, 0x00, 0x00, 0x01, 0x6E, 0x7B, 0x7C, 0x86, 0x00, 0x02, 0x00, 0x00, 0x01, 0x6F, 0x7B, 0x7C, 0x86, 0x00, 0x02, 0x00, 0x00, 0x02, 0x70, 0x7D, 0x82, 0x83, 0x00, 0x70,
0x02, 0x09, 0x02, 0x70, 0x7F, 0x82, 0x83, 0x00, 0x70, 0x02, 0x09, 0x04, 0x71, 0x7D, 0x85, 0x83, 0x00, 0x2B, 0x02, 0x14, 0x04, 0x71, 0x7F, 0x85, 0x83, 0x00, 0x2B, 0x02, 0x14, 0x02, 0x72, 0x80,
0x82, 0x83, 0x00, 0x70, 0x02, 0x09, 0x04, 0x72, 0x81, 0x85, 0x83, 0x00, 0x2B, 0x02, 0x14, 0x02, 0x73, 0x7D, 0x82, 0x83, 0x00, 0x2E, 0x02, 0x14, 0x02, 0x73, 0x7F, 0x82, 0x83, 0x00, 0x2E, 0x02,
0x14, 0x02, 0x73, 0x7E, 0x82, 0x83, 0x00, 0x2E, 0x02, 0x14, 0x02, 0x74, 0x7D, 0x82, 0x83, 0x00, 0x2E, 0x02, 0x14, 0x02, 0x74, 0x7F, 0x82, 0x83, 0x00, 0x2E, 0x02, 0x14, 0x02, 0x74, 0x7E, 0x82,
0x83, 0x00, 0x2E, 0x02, 0x14, 0x03, 0x75, 0x7D, 0x82, 0x83, 0x00, 0x7D, 0x02, 0x0D, 0x03, 0x75, 0x7F, 0x82, 0x83, 0x00, 0x7D, 0x02, 0x0D, 0x00, 0x76, 0x77, 0x79, 0x7A, 0x00, 0x00, 0x00, 0x00,
0x00, 0x6D, 0x8C, 0x8D, 0x8E, 0x00, 0x00, 0x00, 0x00, 0x02, 0x70, 0x7D, 0x85, 0x83, 0x00, 0x26, 0x02, 0x10, 0x02, 0x70, 0x7F, 0x85, 0x83, 0x00, 0x26, 0x02, 0x10, 0x00, 0x76, 0x77, 0x78, 0x86,
0x00, 0x00, 0x00, 0x00, 0x02, 0x72, 0x80, 0x85, 0x83, 0x00, 0x26, 0x02, 0x10, 0x02, 0x8B, 0x80, 0x85, 0x83, 0x00, 0x26, 0x02, 0x10, 0x05, 0x6E, 0x7D, 0x82, 0x83, 0x00, 0x77, 0x02, 0x0D, 0x05,
0x6E, 0x7F, 0x82, 0x83, 0x00, 0x77, 0x02, 0x0D, 0xFF, 0xFF, 0x21, 0x00, 0x00, 0x43, 0x5A, 0x64, 0x02, 0x43, 0x5A, 0x64, 0x02, 0x00, 0x00, 0x00, 0x00, 0x00, 0x00, 0x00, 0x00, 0x00, 0x00, 0x00,
0x00, 0x00, 0x00, 0x00, 0x00, 0x00, 0x00, 0x00, 0x0F, 0xFF, 0x1D, 0x00, 0x00, 0x00, 0x00, 0x00, 0x09, 0x00, 0x00, 0x00, 0x09, 0x00, 0x12, 0x12, 0x00, 0x00, 0x00, 0x00, 0x00, 0x00, 0x00, 0x00,
0x00, 0x00, 0x00, 0x00, 0x00, 0x01, 0x36, 0xDC, 0x0F, 0xF9, 0x12, 0x06, 0x02, 0x4E, 0x00, 0x00, 0x03, 0x4E, 0x00, 0x00, 0x03, 0x00, 0x29, 0x00, 0x00, 0x00, 0x00, 0x30, 0x01, 0x1D, 0xBC, 0x00,
0x00, 0x00, 0x01, 0x1D, 0x9C, 0x01, 0x1E, 0xFC, 0x0F, 0xF9, 0x13, 0x06, 0x02, 0x4E, 0x00, 0x00, 0x0A, 0x4E, 0x00, 0x00, 0x04, 0x00, 0x29, 0x00, 0x00, 0x00, 0x00, 0x30, 0x00, 0x00, 0x00, 0x00,
0x00, 0x00, 0x00, 0x00, 0x00, 0x01, 0x1D, 0x7C, 0x1F, 0x27, 0x12, 0x01, 0x06, 0x4D, 0x00, 0x00, 0x03, 0x4D, 0x00, 0x00, 0x03, 0x00, 0x21, 0x00, 0x00, 0x64, 0x01, 0x2C, 0x01, 0x1E, 0xBC, 0x01,
0x1D, 0x7C, 0x01, 0x1D, 0xDC, 0x01, 0x1E, 0xFC, 0x0F, 0x27, 0x13, 0x01, 0x06, 0x4D, 0x00, 0x00, 0x0A, 0x4D, 0x00, 0x00, 0x05, 0x00, 0x21, 0x00, 0x00, 0x64, 0x01, 0x2C, 0x00, 0x00, 0x00, 0x00,
0x00, 0x00, 0x00, 0x00, 0x00, 0x01, 0x1D, 0xBC, 0x1F, 0xFF, 0x12, 0x01, 0x00, 0x03, 0x00, 0x00, 0x03, 0x03, 0x00, 0x00, 0x03, 0x00, 0x00, 0x00, 0x00, 0x00, 0x00, 0x64, 0x00, 0x00, 0x00, 0x01,
0x1E, 0x3C, 0x01, 0x1E, 0x1C, 0x01, 0x1E, 0xFC, 0x0F, 0xFF, 0x13, 0x01, 0x00, 0x03, 0x00, 0x00, 0x0A, 0x03, 0x00, 0x00, 0x04, 0x00, 0x00, 0x00, 0x00, 0x00, 0x00, 0x64, 0x00, 0x00, 0x00, 0x00,
0x00, 0x00, 0x00, 0x00, 0x00, 0x01, 0x1D, 0xFC, 0x1F, 0xFF, 0x12, 0x01, 0x06, 0x04, 0x00, 0x00, 0x03, 0x04, 0x00, 0x00, 0x03, 0x00, 0x01, 0x00, 0xFF, 0x9C, 0x00, 0x64, 0x01, 0x1D, 0xFC, 0x01,
0x1E, 0x7C, 0x01, 0x1E, 0x5C, 0x01, 0x1E, 0xFC, 0x0F, 0xFF, 0x13, 0x01, 0x06, 0x04, 0x00, 0x00, 0x0A, 0x04, 0x00, 0x00, 0x04, 0x00, 0x01, 0x00, 0xFF, 0x9C, 0x00, 0x64, 0x00, 0x00, 0x00, 0x00,
0x00, 0x00, 0x00, 0x00, 0x00, 0x01, 0x1E, 0x3C, 0x0E, 0x11, 0x12, 0x01, 0x00, 0x07, 0x00, 0x00, 0x03, 0x07, 0x00, 0x00, 0x03, 0x00, 0x03, 0x00, 0x00, 0x00, 0x00, 0x64, 0x01, 0x1E, 0x3C, 0x01,
0x1E, 0xBC, 0x01, 0x1E, 0x9C, 0x01, 0x1E, 0xFC, 0x0E, 0x11, 0x13, 0x01, 0x00, 0x07, 0x00, 0x00, 0x0A, 0x07, 0x00, 0x00, 0x04, 0x00, 0x03, 0x00, 0x00, 0x00, 0x00, 0x64, 0x00, 0x00, 0x00, 0x00,
0x00, 0x00, 0x00, 0x00, 0x00, 0x01, 0x1E, 0x7C, 0x0E, 0x11, 0x12, 0x01, 0x06, 0x08, 0x00, 0x00, 0x03, 0x08, 0x00, 0x00, 0x03, 0x00, 0x04, 0x00, 0xFF, 0x9C, 0x00, 0x64, 0x01, 0x1E, 0x7C, 0x01,
0x1D, 0xBC, 0x01, 0x1E, 0xDC, 0x01, 0x1E, 0xFC, 0x0E, 0x11, 0x13, 0x01, 0x06, 0x08, 0x00, 0x00, 0x0A, 0x08, 0x00, 0x00, 0x04, 0x00, 0x04, 0x00, 0xFF, 0x9C, 0x00, 0x64, 0x00, 0x00, 0x00, 0x00,
0x00, 0x00, 0x00, 0x00, 0x00, 0x01, 0x1E, 0xBC, 0x0F, 0xFF, 0x1A, 0x00, 0x00, 0x00, 0x8D, 0x00, 0x00, 0x00, 0x8D, 0x00, 0x01, 0x00, 0x03, 0x00, 0x00, 0x00, 0x00, 0x00, 0x00, 0x00, 0x00, 0x00,
0x00, 0x00, 0x01, 0x1F, 0x1C, 0x01, 0x1D, 0xFC, 0x0F, 0xFF, 0x00, 0x00, 0x00, 0x01, 0x01, 0x01, 0x02, 0x01, 0x01, 0x01, 0x02, 0x00, 0x00, 0x00, 0x00, 0x00, 0x00, 0x00, 0x00, 0x00, 0x00, 0x01,
0x23, 0x7C, 0x01, 0x1F, 0x3C, 0x01, 0x1E, 0xFC, 0x0F, 0xFF, 0x00, 0x00, 0x00, 0x02, 0x0D, 0x0D, 0x02, 0x02, 0x0D, 0x0D, 0x02, 0x00, 0x00, 0x00, 0x00, 0x00, 0x00, 0x00, 0x00, 0x00, 0x00, 0x01,
0x1F, 0x7C, 0x01, 0x1F, 0x5C, 0x01, 0x1F, 0x1C, 0x0F, 0xFF, 0x10, 0x01, 0x00, 0x03, 0x00, 0x00, 0x03, 0x03, 0x00, 0x00, 0x05, 0x00, 0x00, 0x00, 0x00, 0x00, 0x00, 0x64, 0x00, 0x00, 0x00, 0x00,
0x00, 0x00, 0x00, 0x00, 0x00, 0x01, 0x1F, 0x3C, 0x0F, 0xFF, 0x00, 0x00, 0x00, 0x02, 0x0E, 0x0E, 0x02, 0x02, 0x0E, 0x0E, 0x02, 0x00, 0x00, 0x00, 0x00, 0x00, 0x00, 0x00, 0x01, 0x1F, 0x3C, 0x01,
0x1F, 0xBC, 0x01, 0x1F, 0x9C, 0x01, 0x1F, 0x1C, 0x0F, 0xFF, 0x0F, 0x01, 0x06, 0x04, 0x00, 0x00, 0x03, 0x04, 0x00, 0x00, 0x05, 0x00, 0x01, 0x00, 0xFF, 0x9C, 0x00, 0x64, 0x00, 0x00, 0x00, 0x00,
0x00, 0x00, 0x00, 0x00, 0x00, 0x01, 0x1F, 0x7C, 0x0E, 0xFF, 0x00, 0x00, 0x00, 0x02, 0x0F, 0x0F, 0x02, 0x02, 0x0F, 0x0F, 0x02, 0x00, 0x00, 0x00, 0x00, 0x00, 0x00, 0x00, 0x01, 0x1F, 0x7C, 0x01,
0x1F, 0xFC, 0x01, 0x1F, 0xDC, 0x01, 0x1F, 0x1C, 0x0E, 0xFF, 0x07, 0x01, 0x06, 0x05, 0x75, 0x82, 0x03, 0x05, 0x75, 0x82, 0x03, 0x00, 0x00, 0x0B, 0x00, 0x00, 0x00, 0x00, 0x00, 0x00, 0x00, 0x01,
0x3A, 0x3C, 0x01, 0x3A, 0x1C, 0x01, 0x1F, 0xBC, 0x0C, 0xFB, 0x00, 0x00, 0x00, 0x02, 0x8F, 0x10, 0x02, 0x02, 0x8F, 0x10, 0x02, 0x00, 0x00, 0x00, 0x00, 0x00, 0x00, 0x00, 0x01, 0x1F, 0xBC, 0x01,
0x20, 0x3C, 0x01, 0x20, 0x1C, 0x01, 0x1F, 0x1C, 0x0C, 0xFB, 0x05, 0x01, 0x06, 0x06, 0x00, 0x00, 0x03, 0x06, 0x00, 0x00, 0x05, 0x00, 0x02, 0x00, 0x00, 0x14, 0x00, 0x96, 0x00, 0x00, 0x00, 0x00,
0x00, 0x00, 0x00, 0x00, 0x00, 0x01, 0x1F, 0xFC, 0x0E, 0x11, 0x00, 0x00, 0x00, 0x02, 0x11, 0x11, 0x02, 0x02, 0x11, 0x11, 0x02, 0x00, 0x00, 0x00, 0x00, 0x00, 0x00, 0x00, 0x01, 0x1F, 0xFC, 0x01,
0x20, 0x7C, 0x01, 0x20, 0x5C, 0x01, 0x1F, 0x1C, 0x0E, 0x11, 0x10, 0x01, 0x00, 0x07, 0x00, 0x00, 0x03, 0x07, 0x00, 0x00, 0x05, 0x00, 0x03, 0x00, 0x00, 0x00, 0x00, 0x64, 0x00, 0x00, 0x00, 0x00,
0x00, 0x00, 0x00, 0x00, 0x00, 0x01, 0x20, 0x3C, 0x0E, 0x11, 0x00, 0x00, 0x00, 0x02, 0x12, 0x12, 0x02, 0x02, 0x12, 0x12, 0x02, 0x00, 0x00, 0x00, 0x00, 0x00, 0x00, 0x00, 0x01, 0x20, 0x3C, 0x01,
0x20, 0xBC, 0x01, 0x20, 0x9C, 0x01, 0x1F, 0x1C, 0x0E, 0x11, 0x0F, 0x01, 0x06, 0x08, 0x00, 0x00, 0x03, 0x08, 0x00, 0x00, 0x05, 0x00, 0x04, 0x00, 0xFF, 0x9C, 0x00, 0x64, 0x00, 0x00, 0x00, 0x00,
0x00, 0x00, 0x00, 0x00, 0x00, 0x01, 0x20, 0x7C, 0x0E, 0x11, 0x00, 0x00, 0x00, 0x02, 0x13, 0x13, 0x02, 0x02, 0x13, 0x13, 0x02, 0x00, 0x00, 0x00, 0x00, 0x00, 0x00, 0x00, 0x01, 0x20, 0x7C, 0x01,
0x20, 0xFC, 0x01, 0x20, 0xDC, 0x01, 0x1F, 0x1C, 0x0E, 0x11, 0x07, 0x01, 0x06, 0x09, 0x75, 0x82, 0x03, 0x09, 0x75, 0x82, 0x03, 0x00, 0x01, 0x0B, 0x00, 0x00, 0x00, 0x00, 0x00, 0x00, 0x00, 0x01,
0x37, 0x5C, 0x01, 0x37, 0x3C, 0x01, 0x20, 0xBC, 0x0C, 0x15, 0x00, 0x00, 0x00, 0x02, 0x14, 0x14, 0x02, 0x02, 0x14, 0x14, 0x02, 0x00, 0x00, 0x00, 0x00, 0x00, 0x00, 0x00, 0x01, 0x20, 0xBC, 0x01,
0x21, 0x3C, 0x01, 0x21, 0x1C, 0x01, 0x1F, 0x1C, 0x0C, 0x15, 0x05, 0x01, 0x06, 0x0B, 0x00, 0x00, 0x03, 0x0B, 0x00, 0x00, 0x04, 0x00, 0x07, 0x00, 0x00, 0x00, 0x00, 0x5A, 0x00, 0x00, 0x00, 0x00,
0x00, 0x00, 0x00, 0x00, 0x00, 0x01, 0x20, 0xFC, 0x0C, 0x15, 0x00, 0x00, 0x00, 0x02, 0x4F, 0x58, 0x02, 0x02, 0x4F, 0x58, 0x02, 0x00, 0x00, 0x00, 0x00, 0x00, 0x00, 0x00, 0x01, 0x20, 0xFC, 0x01,
0x21, 0x7C, 0x01, 0x21, 0x5C, 0x01, 0x1F, 0x1C, 0x0C, 0x15, 0x05, 0x01, 0x06, 0x0A, 0x00, 0x00, 0x03, 0x0A, 0x00, 0x00, 0x04, 0x00, 0x06, 0x00, 0x01, 0x2C, 0x02, 0xBC, 0x00, 0x00, 0x00, 0x00,
0x00, 0x00, 0x00, 0x00, 0x00, 0x01, 0x21, 0x3C, 0x0F, 0x27, 0x00, 0x00, 0x00, 0x02, 0x16, 0x16, 0x02, 0x02, 0x16, 0x16, 0x02, 0x00, 0x00, 0x00, 0x00, 0x00, 0x00, 0x00, 0x01, 0x21, 0x3C, 0x01,
0x21, 0xBC, 0x01, 0x21, 0x9C, 0x01, 0x1F, 0x1C, 0x0F, 0x27, 0x05, 0x01, 0x06, 0x0C, 0x00, 0x00, 0x03, 0x0C, 0x00, 0x00, 0x05, 0x00, 0x21, 0x00, 0x00, 0x64, 0x01, 0x2C, 0x00, 0x00, 0x00, 0x00,
0x00, 0x00, 0x00, 0x00, 0x00, 0x01, 0x21, 0x7C, 0x0E, 0x27, 0x00, 0x00, 0x00, 0x02, 0x17, 0x17, 0x02, 0x02, 0x17, 0x17, 0x02, 0x00, 0x00, 0x00, 0x00, 0x00, 0x00, 0x00, 0x01, 0x21, 0x7C, 0x01,
0x21, 0xFC, 0x01, 0x21, 0xDC, 0x01, 0x1F, 0x1C, 0x0E, 0x27, 0x05, 0x00, 0x00, 0x0D, 0x00, 0x00, 0x03, 0x0D, 0x00, 0x00, 0x05, 0x00, 0x22, 0x00, 0x00, 0x00, 0x00, 0x0A, 0x00, 0x00, 0x00, 0x00,
0x00, 0x00, 0x00, 0x00, 0x00, 0x01, 0x21, 0xBC, 0x0E, 0x21, 0x00, 0x00, 0x00, 0x02, 0x90, 0x18, 0x02, 0x02, 0x90, 0x18, 0x02, 0x00, 0x00, 0x00, 0x00, 0x00, 0x00, 0x00, 0x01, 0x21, 0xBC, 0x01,
0x22, 0x3C, 0x01, 0x22, 0x1C, 0x01, 0x1F, 0x1C, 0x0E, 0x21, 0x05, 0x05, 0x01, 0x0E, 0x00, 0x00, 0x03, 0x0E, 0x00, 0x00, 0x05, 0x00, 0x23, 0x00, 0x00, 0x00, 0x00, 0x1E, 0x00, 0x00, 0x00, 0x00,
0x00, 0x00, 0x00, 0x00, 0x00, 0x01, 0x21, 0xFC, 0x0E, 0x21, 0x00, 0x00, 0x00, 0x02, 0x8E, 0x9F, 0x02, 0x02, 0x8E, 0x9F, 0x02, 0x00, 0x00, 0x00, 0x00, 0x00, 0x00, 0x00, 0x01, 0x21, 0xFC, 0x01,
0x22, 0x7C, 0x01, 0x22, 0x5C, 0x01, 0x1F, 0x1C, 0x0E, 0x21, 0x05, 0x01, 0x06, 0x7A, 0x00, 0x00, 0x03, 0x7A, 0x00, 0x00, 0x04, 0x00, 0x77, 0x00, 0x00, 0x64, 0x00, 0xC9, 0x00, 0x00, 0x00, 0x00,
0x00, 0x00, 0x00, 0x00, 0x00, 0x01, 0x22, 0x3C, 0x0E, 0xFB, 0x00, 0x00, 0x00, 0x02, 0x91, 0x19, 0x02, 0x02, 0x91, 0x19, 0x02, 0x00, 0x00, 0x00, 0x00, 0x00, 0x00, 0x00, 0x01, 0x22, 0x3C, 0x01,
0x22, 0xBC, 0x01, 0x22, 0x9C, 0x01, 0x1F, 0x1C, 0x0E, 0xFB, 0x05, 0x01, 0x06, 0x0F, 0x00, 0x00, 0x03, 0x0F, 0x00, 0x00, 0x05, 0x00, 0x24, 0x00, 0x00, 0x64, 0x01, 0x2C, 0x00, 0x00, 0x00, 0x00,
0x00, 0x00, 0x00, 0x00, 0x00, 0x01, 0x22, 0x7C, 0x0F, 0xFC, 0x00, 0x00, 0x00, 0x02, 0x19, 0x1B, 0x02, 0x02, 0x19, 0x1B, 0x02, 0x00, 0x00, 0x00, 0x00, 0x00, 0x00, 0x00, 0x01, 0x22, 0x7C, 0x01,
0x22, 0xFC, 0x01, 0x22, 0xDC, 0x01, 0x1F, 0x1C, 0x0F, 0xFC, 0x05, 0x01, 0x06, 0x11, 0x00, 0x00, 0x03, 0x11, 0x00, 0x00, 0x05, 0x00, 0x26, 0x00, 0x01, 0x2C, 0x01, 0xF4, 0x00, 0x00, 0x00, 0x00,
0x00, 0x00, 0x00, 0x00, 0x00, 0x01, 0x22, 0xBC, 0x0F, 0xFC, 0x00, 0x00, 0x00, 0x02, 0x1A, 0x1C, 0x02, 0x02, 0x1A, 0x1C, 0x02, 0x00, 0x00, 0x00, 0x00, 0x00, 0x00, 0x00, 0x01, 0x22, 0xBC, 0x01,
0x23, 0x3C, 0x01, 0x23, 0x1C, 0x01, 0x1F, 0x1C, 0x0F, 0xFC, 0x05, 0x01, 0x06, 0x12, 0x00, 0x00, 0x03, 0x12, 0x00, 0x00, 0x05, 0x00, 0x27, 0x00, 0x00, 0x14, 0x00, 0x96, 0x00, 0x00, 0x00, 0x00,
0x00, 0x00, 0x00, 0x00, 0x00, 0x01, 0x22, 0xFC, 0x08, 0xFB, 0x00, 0x00, 0x00, 0x02, 0x1B, 0x1D, 0x02, 0x02, 0x1B, 0x1D, 0x02, 0x00, 0x00, 0x00, 0x00, 0x00, 0x00, 0x00, 0x01, 0x22, 0xFC, 0x00,
0x00, 0x00, 0x01, 0x23, 0x5C, 0x01, 0x1F, 0x1C, 0x08, 0xFB, 0x05, 0x07, 0x03, 0x13, 0x00, 0x00, 0x03, 0x13, 0x00, 0x00, 0x05, 0x00, 0x28, 0x00, 0x00, 0x05, 0x00, 0x3C, 0x00, 0x00, 0x00, 0x00,
0x00, 0x00, 0x00, 0x00, 0x00, 0x01, 0x23, 0x3C, 0x0F, 0xFB, 0x00, 0x00, 0x00, 0x01, 0x02, 0x02, 0x02, 0x01, 0x02, 0x02, 0x02, 0x00, 0x00, 0x00, 0x00, 0x00, 0x00, 0x00, 0x01, 0x1F, 0x1C, 0x01,
0x25, 0x9C, 0x01, 0x23, 0x9C, 0x01, 0x1E, 0xFC, 0x0F, 0xF9, 0x00, 0x00, 0x00, 0x14, 0x1C, 0x1E, 0x02, 0x14, 0x1C, 0x1E, 0x02, 0x00, 0x00, 0x00, 0x00, 0x00, 0x00, 0x00, 0x00, 0x00, 0x00, 0x01,
0x23, 0xDC, 0x01, 0x23, 0xBC, 0x01, 0x23, 0x7C, 0x0F, 0xF9, 0x05, 0x06, 0x02, 0x15, 0x00, 0x00, 0x03, 0x15, 0x00, 0x00, 0x05, 0x00, 0x29, 0x00, 0x00, 0x00, 0x00, 0x30, 0x00, 0x00, 0x00, 0x00,
0x00, 0x00, 0x00, 0x00, 0x00, 0x01, 0x23, 0x9C, 0x0E, 0xF9, 0x00, 0x00, 0x00, 0x14, 0x1D, 0x1F, 0x02, 0x14, 0x1D, 0x1F, 0x02, 0x00, 0x00, 0x00, 0x00, 0x00, 0x00, 0x00, 0x01, 0x23, 0x9C, 0x01,
0x24, 0x1C, 0x01, 0x23, 0xFC, 0x01, 0x23, 0x7C, 0x0E, 0xF9, 0x05, 0x05, 0x01, 0x16, 0x00, 0x00, 0x03, 0x16, 0x00, 0x00, 0x05, 0x00, 0x2A, 0x00, 0x00, 0x00, 0x00, 0x1E, 0x00, 0x00, 0x00, 0x00,
0x00, 0x00, 0x00, 0x00, 0x00, 0x01, 0x23, 0xDC, 0x0E, 0x0B, 0x00, 0x00, 0x00, 0x14, 0x92, 0x20, 0x02, 0x14, 0x92, 0x20, 0x02, 0x00, 0x00, 0x00, 0x00, 0x00, 0x00, 0x00, 0x01, 0x23, 0xDC, 0x01,
0x24, 0x5C, 0x01, 0x24, 0x3C, 0x01, 0x23, 0x7C, 0x0E, 0xBB, 0x05, 0x01, 0x06, 0x17, 0x00, 0x00, 0x03, 0x17, 0x00, 0x00, 0x05, 0x00, 0x2B, 0x00, 0x01, 0x5E, 0x02, 0x1C, 0x00, 0x00, 0x00, 0x00,
0x00, 0x00, 0x00, 0x00, 0x00, 0x01, 0x24, 0x1C, 0x0C, 0x0B, 0x00, 0x00, 0x00, 0x14, 0x93, 0x21, 0x02, 0x14, 0x93, 0x21, 0x02, 0x00, 0x00, 0x00, 0x00, 0x00, 0x00, 0x00, 0x01, 0x24, 0x1C, 0x01,
0x24, 0x9C, 0x01, 0x24, 0x7C, 0x01, 0x23, 0x7C, 0x0C, 0xBB, 0x05, 0x01, 0x06, 0x18, 0x00, 0x00, 0x03, 0x18, 0x00, 0x00, 0x05, 0x00, 0x2C, 0x00, 0x00, 0x14, 0x00, 0x96, 0x00, 0x00, 0x00, 0x00,
0x00, 0x00, 0x00, 0x00, 0x00, 0x01, 0x24, 0x5C, 0x0C, 0x43, 0x00, 0x00, 0x00, 0x14, 0x1E, 0x22, 0x02, 0x14, 0x1E, 0x22, 0x02, 0x00, 0x00, 0x00, 0x00, 0x00, 0x00, 0x00, 0x01, 0x24, 0x5C, 0x01,
0x24, 0xDC, 0x01, 0x24, 0xBC, 0x01, 0x23, 0x7C, 0x0C, 0xF3, 0x05, 0x01, 0x06, 0x19, 0x00, 0x00, 0x03, 0x19, 0x00, 0x00, 0x05, 0x00, 0x2D, 0x00, 0x00, 0xFA, 0x01, 0xE0, 0x00, 0x00, 0x00, 0x00,
0x00, 0x00, 0x00, 0x00, 0x00, 0x01, 0x24, 0x9C, 0x08, 0xF9, 0x00, 0x00, 0x00, 0x14, 0x1F, 0x23, 0x02, 0x14, 0x1F, 0x23, 0x02, 0x00, 0x00, 0x00, 0x00, 0x00, 0x00, 0x00, 0x01, 0x24, 0x9C, 0x01,
0x25, 0x1C, 0x01, 0x24, 0xFC, 0x01, 0x23, 0x7C, 0x08, 0xF9, 0x05, 0x01, 0x06, 0x1A, 0x00, 0x00, 0x03, 0x1A, 0x00, 0x00, 0x05, 0x00, 0x2E, 0x00, 0x01, 0xF4, 0x02, 0xBC, 0x00, 0x00, 0x00, 0x00,
0x00, 0x00, 0x00, 0x00, 0x00, 0x01, 0x24, 0xDC, 0x08, 0xF9, 0x00, 0x00, 0x00, 0x14, 0x20, 0x24, 0x02, 0x14, 0x20, 0x24, 0x02, 0x00, 0x00, 0x00, 0x00, 0x00, 0x00, 0x00, 0x01, 0x24, 0xDC, 0x01,
0x25, 0x5C, 0x01, 0x25, 0x3C, 0x01, 0x23, 0x7C, 0x08, 0xF9, 0x05, 0x07, 0x03, 0x1B, 0x00, 0x00, 0x03, 0x1B, 0x00, 0x00, 0x05, 0x00, 0x2F, 0x00, 0x00, 0x3C, 0x01, 0x2C, 0x00, 0x00, 0x00, 0x00,
0x00, 0x00, 0x00, 0x00, 0x00, 0x01, 0x25, 0x1C, 0x08, 0xFB, 0x00, 0x00, 0x00, 0x14, 0x9D, 0x25, 0x02, 0x14, 0x9D, 0x25, 0x02, 0x00, 0x00, 0x00, 0x00, 0x00, 0x00, 0x00, 0x01, 0x25, 0x1C, 0x00,
0x00, 0x00, 0x01, 0x25, 0x7C, 0x01, 0x23, 0x7C, 0x08, 0xFB, 0x05, 0x07, 0x03, 0x1C, 0x00, 0x00, 0x03, 0x1C, 0x00, 0x00, 0x05, 0x00, 0x30, 0x00, 0x00, 0x05, 0x00, 0x78, 0x00, 0x00, 0x00, 0x00,
0x00, 0x00, 0x00, 0x00, 0x00, 0x01, 0x25, 0x5C, 0x0F, 0xFF, 0x00, 0x00, 0x00, 0x01, 0x03, 0x03, 0x02, 0x01, 0x03, 0x03, 0x02, 0x00, 0x00, 0x00, 0x00, 0x00, 0x00, 0x00, 0x01, 0x23, 0x7C, 0x01,
0x26, 0xFC, 0x01, 0x25, 0xBC, 0x01, 0x1E, 0xFC, 0x0F, 0xFB, 0x2D, 0x01, 0x06, 0x1D, 0x6A, 0x9D, 0x09, 0x1D, 0x6A, 0x9D, 0x09, 0x02, 0x09, 0x81, 0x00, 0x6F, 0x00, 0x70, 0x00, 0x00, 0x00, 0x01,
0x25, 0xDC, 0x00, 0x00, 0x00, 0x01, 0x25, 0x9C, 0x0F, 0xFF, 0x2D, 0x01, 0x06, 0x1D, 0x6B, 0x76, 0x09, 0x1D, 0x6B, 0x76, 0x09, 0x02, 0x0A, 0x00, 0x00, 0x00, 0x00, 0x00, 0x01, 0x25, 0xBC, 0x01,
0x25, 0xFC, 0x00, 0x00, 0x00, 0x01, 0x25, 0x9C, 0x0F, 0x0F, 0x2D, 0x01, 0x06, 0x1D, 0x6C, 0x9E, 0x09, 0x1D, 0x6C, 0x9E, 0x09, 0x02, 0x14, 0x2B, 0x00, 0x00, 0x00, 0x00, 0x01, 0x25, 0xDC, 0x01,
0x26, 0x1C, 0x00, 0x00, 0x00, 0x01, 0x25, 0x9C, 0x0F, 0x17, 0x2D, 0x01, 0x06, 0x1D, 0x6D, 0x9E, 0x09, 0x1D, 0x6D, 0x9E, 0x09, 0x02, 0x0C, 0x6D, 0x00, 0x00, 0x00, 0x00, 0x01, 0x25, 0xFC, 0x01,
0x26, 0x3C, 0x00, 0x00, 0x00, 0x01, 0x25, 0x9C, 0x0F, 0x27, 0x2D, 0x01, 0x06, 0x1D, 0x6E, 0xA8, 0x09, 0x1D, 0x6E, 0xA8, 0x09, 0x02, 0x0D, 0x7E, 0x00, 0x00, 0x00, 0x00, 0x01, 0x26, 0x1C, 0x01,
0x26, 0x5C, 0x00, 0x00, 0x00, 0x01, 0x25, 0x9C, 0x0F, 0xFF, 0x2D, 0x01, 0x06, 0x1D, 0x6F, 0x76, 0x09, 0x1D, 0x6F, 0x76, 0x09, 0x02, 0x0E, 0x00, 0x00, 0x00, 0x00, 0x00, 0x01, 0x26, 0x3C, 0x01,
0x26, 0x7C, 0x00, 0x00, 0x00, 0x01, 0x25, 0x9C, 0x0F, 0xFF, 0x2D, 0x01, 0x06, 0x1D, 0x70, 0x76, 0x09, 0x1D, 0x70, 0x76, 0x09, 0x02, 0x0F, 0x00, 0x00, 0x00, 0x00, 0x00, 0x01, 0x26, 0x5C, 0x01,
0x26, 0x9C, 0x00, 0x00, 0x00, 0x01, 0x25, 0x9C, 0x0F, 0xFF, 0x2D, 0x01, 0x06, 0x1D, 0x71, 0x76, 0x09, 0x1D, 0x71, 0x76, 0x09, 0x02, 0x10, 0x00, 0x00, 0x00, 0x00, 0x00, 0x01, 0x26, 0x7C, 0x01,
0x26, 0xBC, 0x00, 0x00, 0x00, 0x01, 0x25, 0x9C, 0x0F, 0xFF, 0x2D, 0x01, 0x06, 0x1D, 0x72, 0x76, 0x09, 0x1D, 0x72, 0x76, 0x09, 0x02, 0x11, 0x00, 0x00, 0x00, 0x00, 0x00, 0x01, 0x26, 0x9C, 0x01,
0x26, 0xDC, 0x00, 0x00, 0x00, 0x01, 0x25, 0x9C, 0x0F, 0xFF, 0x2D, 0x01, 0x06, 0x1D, 0x73, 0x76, 0x09, 0x1D, 0x73, 0x76, 0x09, 0x02, 0x12, 0x00, 0x00, 0x00, 0x00, 0x00, 0x01, 0x26, 0xBC, 0x00,
0x00, 0x00, 0x00, 0x00, 0x00, 0x01, 0x25, 0x9C, 0x0E, 0xFF, 0x00, 0x00, 0x00, 0x01, 0x04, 0x04, 0x02, 0x01, 0x04, 0x04, 0x02, 0x00, 0x00, 0x00, 0x00, 0x00, 0x00, 0x00, 0x01, 0x25, 0x9C, 0x01,
0x28, 0x7C, 0x01, 0x27, 0x1C, 0x01, 0x1E, 0xFC, 0x0E, 0xFF, 0x00, 0x00, 0x00, 0x1E, 0x21, 0x26, 0x02, 0x1E, 0x21, 0x26, 0x02, 0x00, 0x00, 0x00, 0x00, 0x00, 0x00, 0x00, 0x00, 0x00, 0x00, 0x01,
0x27, 0x7C, 0x01, 0x27, 0x3C, 0x01, 0x26, 0xFC, 0x0E, 0xFF, 0x0B, 0x00, 0x00, 0x1F, 0x00, 0x00, 0x03, 0x1F, 0x00, 0x00, 0x03, 0x00, 0x00, 0x00, 0x00, 0x00, 0x00, 0x00, 0x00, 0x00, 0x00, 0x00,
0x00, 0x00, 0x01, 0x27, 0x5C, 0x01, 0x27, 0x1C, 0x0E, 0xFF, 0x0C, 0x00, 0x00, 0x1F, 0x00, 0x00, 0x06, 0x1F, 0x00, 0x00, 0x06, 0x00, 0x00, 0x00, 0x00, 0x00, 0x00, 0x00, 0x00, 0x00, 0x00, 0x00,
0x00, 0x00, 0x00, 0x00, 0x00, 0x01, 0x27, 0x3C, 0x0E, 0xFF, 0x00, 0x00, 0x00, 0x1E, 0x69, 0x73, 0x02, 0x1E, 0x69, 0x73, 0x02, 0x00, 0x00, 0x00, 0x00, 0x00, 0x00, 0x00, 0x01, 0x27, 0x1C, 0x01,
0x27, 0xBC, 0x01, 0x27, 0x9C, 0x01, 0x26, 0xFC, 0x0E, 0xFF, 0x06, 0x01, 0x06, 0x67, 0x00, 0x00, 0x03, 0x67, 0x00, 0x00, 0x05, 0x00, 0x32, 0x00, 0xFF, 0x38, 0x00, 0xC8, 0x00, 0x00, 0x00, 0x00,
0x00, 0x00, 0x00, 0x00, 0x00, 0x01, 0x27, 0x7C, 0x0C, 0xFF, 0x00, 0x00, 0x00, 0x1E, 0x22, 0x27, 0x02, 0x1E, 0x22, 0x27, 0x02, 0x00, 0x00, 0x00, 0x00, 0x00, 0x00, 0x00, 0x01, 0x27, 0x7C, 0x01,
0x28, 0x1C, 0x01, 0x27, 0xDC, 0x01, 0x26, 0xFC, 0x0C, 0xFF, 0x0B, 0x00, 0x00, 0x20, 0x00, 0x00, 0x03, 0x20, 0x00, 0x00, 0x03, 0x00, 0x07, 0x00, 0x00, 0x00, 0x00, 0x00, 0x00, 0x00, 0x00, 0x00,
0x00, 0x00, 0x01, 0x27, 0xFC, 0x01, 0x27, 0xBC, 0x0C, 0xFF, 0x0C, 0x00, 0x00, 0x20, 0x00, 0x00, 0x06, 0x20, 0x00, 0x00, 0x06, 0x00, 0x07, 0x00, 0x00, 0x00, 0x00, 0x00, 0x00, 0x00, 0x00, 0x00,
0x00, 0x00, 0x00, 0x00, 0x00, 0x01, 0x27, 0xDC, 0x0E, 0xFB, 0x00, 0x00, 0x00, 0x1E, 0x23, 0x28, 0x02, 0x1E, 0x23, 0x28, 0x02, 0x00, 0x00, 0x00, 0x00, 0x00, 0x00, 0x00, 0x01, 0x27, 0xBC, 0x00,
0x00, 0x00, 0x01, 0x28, 0x3C, 0x01, 0x26, 0xFC, 0x0E, 0xFB, 0x0B, 0x00, 0x00, 0x21, 0x00, 0x00, 0x03, 0x21, 0x00, 0x00, 0x03, 0x00, 0x0E, 0x00, 0x00, 0x00, 0x00, 0x00, 0x00, 0x00, 0x00, 0x00,
0x00, 0x00, 0x01, 0x28, 0x5C, 0x01, 0x28, 0x1C, 0x0E, 0xFF, 0x0C, 0x00, 0x00, 0x21, 0x00, 0x00, 0x06, 0x21, 0x00, 0x00, 0x06, 0x00, 0x0E, 0x00, 0x00, 0x00, 0x00, 0x00, 0x00, 0x00, 0x00, 0x00,
0x00, 0x00, 0x00, 0x00, 0x00, 0x01, 0x28, 0x3C, 0x0C, 0xFF, 0x00, 0x00, 0x00, 0x01, 0x05, 0x05, 0x02, 0x01, 0x05, 0x05, 0x02, 0x00, 0x00, 0x00, 0x00, 0x00, 0x00, 0x00, 0x01, 0x26, 0xFC, 0x01,
0x2C, 0xFC, 0x01, 0x28, 0x9C, 0x01, 0x1E, 0xFC, 0x0C, 0xFD, 0x00, 0x00, 0x00, 0x22, 0x83, 0x8E, 0x02, 0x22, 0x83, 0x8E, 0x02, 0x00, 0x00, 0x00, 0x00, 0x00, 0x00, 0x00, 0x00, 0x00, 0x00, 0x01,
0x28, 0xDC, 0x01, 0x28, 0xBC, 0x01, 0x28, 0x7C, 0x0C, 0xFD, 0x0E, 0x00, 0x00, 0x6E, 0x8C, 0x00, 0x03, 0x6E, 0x8C, 0x00, 0x04, 0x00, 0x6B, 0x00, 0x00, 0x00, 0x00, 0x03, 0x00, 0x00, 0x00, 0x00,
0x00, 0x00, 0x00, 0x00, 0x00, 0x01, 0x28, 0x9C, 0x0C, 0xFF, 0x00, 0x00, 0x00, 0x22, 0x25, 0x2A, 0x02, 0x22, 0x25, 0x2A, 0x02, 0x00, 0x00, 0x00, 0x00, 0x00, 0x00, 0x00, 0x01, 0x28, 0x9C, 0x01,
0x2A, 0xBC, 0x01, 0x28, 0xFC, 0x01, 0x28, 0x7C, 0x0C, 0xFF, 0x00, 0x00, 0x00, 0x24, 0x35, 0x39, 0x02, 0x24, 0x35, 0x39, 0x02, 0x00, 0x20, 0x01, 0x00, 0x00, 0x00, 0x00, 0x00, 0x00, 0x00, 0x01,
0x29, 0x3C, 0x01, 0x29, 0x1C, 0x01, 0x28, 0xDC, 0x0C, 0xFF, 0x11, 0x00, 0x00, 0x72, 0x43, 0x96, 0x0C, 0x72, 0x44, 0xA9, 0x0C, 0x00, 0x20, 0x01, 0x00, 0x00, 0x00, 0x00, 0x00, 0x00, 0x00, 0x00,
0x00, 0x00, 0x00, 0x00, 0x00, 0x01, 0x28, 0xFC, 0x0C, 0xFF, 0x00, 0x00, 0x00, 0x24, 0x36, 0xA4, 0x02, 0x24, 0x36, 0xA4, 0x02, 0x00, 0x27, 0x01, 0x00, 0x00, 0x00, 0x00, 0x01, 0x28, 0xFC, 0x01,
0x29, 0x7C, 0x01, 0x29, 0x5C, 0x01, 0x28, 0xDC, 0x0C, 0xFF, 0x11, 0x00, 0x00, 0x73, 0x9E, 0x97, 0x0C, 0x73, 0x9F, 0xAA, 0x0C, 0x00, 0x27, 0x01, 0x00, 0x00, 0x00, 0x00, 0x00, 0x00, 0x00, 0x00,
0x00, 0x00, 0x00, 0x00, 0x00, 0x01, 0x29, 0x3C, 0x0C, 0xFF, 0x00, 0x00, 0x00, 0x24, 0x37, 0xA5, 0x02, 0x24, 0x37, 0xA5, 0x02, 0x00, 0x26, 0x01, 0x00, 0x00, 0x00, 0x00, 0x01, 0x29, 0x3C, 0x01,
0x29, 0xBC, 0x01, 0x29, 0x9C, 0x01, 0x28, 0xDC, 0x0C, 0xFF, 0x11, 0x00, 0x00, 0x74, 0xA0, 0x98, 0x0C, 0x74, 0xA1, 0xAB, 0x0C, 0x00, 0x26, 0x01, 0x00, 0x00, 0x00, 0x00, 0x00, 0x00, 0x00, 0x00,
0x00, 0x00, 0x00, 0x00, 0x00, 0x01, 0x29, 0x7C, 0x0C, 0xFF, 0x00, 0x00, 0x00, 0x24, 0x38, 0x3A, 0x02, 0x24, 0x38, 0x3A, 0x02, 0x00, 0x28, 0x01, 0x00, 0x00, 0x00, 0x00, 0x01, 0x29, 0x7C, 0x01,
0x29, 0xFC, 0x01, 0x29, 0xDC, 0x01, 0x28, 0xDC, 0x0C, 0xFF, 0x11, 0x00, 0x00, 0x75, 0x88, 0x99, 0x0C, 0x75, 0x89, 0xAC, 0x0C, 0x00, 0x28, 0x01, 0x00, 0x00, 0x00, 0x00, 0x00, 0x00, 0x00, 0x00,
0x00, 0x00, 0x00, 0x00, 0x00, 0x01, 0x29, 0xBC, 0x0C, 0xFF, 0x00, 0x00, 0x00, 0x24, 0x39, 0xA6, 0x02, 0x24, 0x39, 0xA6, 0x02, 0x00, 0x22, 0x01, 0x00, 0x00, 0x00, 0x00, 0x01, 0x29, 0xBC, 0x01,
0x2A, 0x3C, 0x01, 0x2A, 0x1C, 0x01, 0x28, 0xDC, 0x0C, 0xFF, 0x11, 0x00, 0x00, 0x76, 0xA2, 0x9A, 0x0C, 0x76, 0xA3, 0xAD, 0x0C, 0x00, 0x22, 0x01, 0x00, 0x00, 0x00, 0x00, 0x00, 0x00, 0x00, 0x00,
0x00, 0x00, 0x00, 0x00, 0x00, 0x01, 0x29, 0xFC, 0x0C, 0xFF, 0x00, 0x00, 0x00, 0x24, 0x3A, 0xA7, 0x02, 0x24, 0x3A, 0xA7, 0x02, 0x00, 0x21, 0x01, 0x00, 0x00, 0x00, 0x00, 0x01, 0x29, 0xFC, 0x01,
0x2A, 0x7C, 0x01, 0x2A, 0x5C, 0x01, 0x28, 0xDC, 0x0C, 0xFF, 0x11, 0x00, 0x00, 0x77, 0xA4, 0x9B, 0x0C, 0x77, 0xA5, 0xAE, 0x0C, 0x00, 0x21, 0x01, 0x00, 0x00, 0x00, 0x00, 0x00, 0x00, 0x00, 0x00,
0x00, 0x00, 0x00, 0x00, 0x00, 0x01, 0x2A, 0x3C, 0x0C, 0xFF, 0x00, 0x00, 0x00, 0x24, 0x3B, 0x38, 0x02, 0x24, 0x3B, 0x38, 0x02, 0x00, 0x25, 0x01, 0x00, 0x00, 0x00, 0x00, 0x01, 0x2A, 0x3C, 0x00,
0x00, 0x00, 0x01, 0x2A, 0x9C, 0x01, 0x28, 0xDC, 0x0C, 0xFF, 0x11, 0x00, 0x00, 0x78, 0x8A, 0x9C, 0x0C, 0x78, 0x8B, 0xAF, 0x0C, 0x00, 0x25, 0x01, 0x00, 0x00, 0x00, 0x00, 0x00, 0x00, 0x00, 0x00,
0x00, 0x00, 0x00, 0x00, 0x00, 0x01, 0x2A, 0x7C, 0x0C, 0xFD, 0x00, 0x00, 0x00, 0x22, 0x26, 0x2B, 0x02, 0x22, 0x26, 0x2B, 0x02, 0x00, 0x00, 0x00, 0x00, 0x00, 0x00, 0x00, 0x01, 0x28, 0xDC, 0x01,
0x2A, 0xFC, 0x01, 0x2A, 0xDC, 0x01, 0x28, 0x7C, 0x0C, 0xFD, 0x01, 0x00, 0x00, 0x25, 0x3F, 0x3F, 0x03, 0x25, 0x3F, 0x3F, 0x04, 0x00, 0x3A, 0x00, 0x00, 0x00, 0x00, 0x00, 0x00, 0x00, 0x00, 0x00,
0x00, 0x00, 0x00, 0x00, 0x00, 0x01, 0x2A, 0xBC, 0x0C, 0xF9, 0x00, 0x00, 0x00, 0x22, 0x9C, 0x8F, 0x02, 0x22, 0x9C, 0x8F, 0x02, 0x00, 0x00, 0x00, 0x00, 0x00, 0x00, 0x00, 0x01, 0x2A, 0xBC, 0x01,
0x2B, 0x3C, 0x01, 0x2B, 0x1C, 0x01, 0x28, 0x7C, 0x0C, 0xF9, 0x01, 0x00, 0x00, 0x3A, 0x3E, 0x45, 0x03, 0x3A, 0x3E, 0x45, 0x04, 0x00, 0x3B, 0x00, 0x00, 0x2A, 0x00, 0x01, 0x00, 0x00, 0x00, 0x00,
0x00, 0x00, 0x00, 0x00, 0x00, 0x01, 0x2A, 0xFC, 0x0C, 0xFF, 0x00, 0x00, 0x00, 0x22, 0x2F, 0x2C, 0x02, 0x22, 0x2F, 0x2C, 0x02, 0x00, 0x00, 0x00, 0x00, 0x00, 0x00, 0x00, 0x01, 0x2A, 0xFC, 0x01,
0x2B, 0x7C, 0x01, 0x2B, 0x5C, 0x01, 0x28, 0x7C, 0x0C, 0xFF, 0x20, 0x00, 0x00, 0x68, 0x10, 0x40, 0x0C, 0x68, 0x10, 0x40, 0x0C, 0x00, 0x00, 0x00, 0x00, 0x00, 0x00, 0x00, 0x00, 0x00, 0x00, 0x00,
0x00, 0x00, 0x00, 0x00, 0x00, 0x01, 0x2B, 0x3C, 0x0C, 0xFF, 0x00, 0x00, 0x00, 0x22, 0x28, 0x2D, 0x02, 0x22, 0x28, 0x2D, 0x02, 0x00, 0x00, 0x00, 0x00, 0x00, 0x00, 0x00, 0x01, 0x2B, 0x3C, 0x01,
0x2B, 0xBC, 0x01, 0x2B, 0x9C, 0x01, 0x28, 0x7C, 0x0C, 0xFF, 0x15, 0x00, 0x00, 0x27, 0x00, 0x42, 0x03, 0x27, 0x00, 0x42, 0x04, 0x00, 0x3C, 0x00, 0x00, 0x33, 0x00, 0x04, 0x00, 0x00, 0x00, 0x00,
0x00, 0x00, 0x00, 0x00, 0x00, 0x01, 0x2B, 0x7C, 0x0C, 0xFF, 0x00, 0x00, 0x00, 0x22, 0x29, 0x2E, 0x02, 0x22, 0x29, 0x2E, 0x02, 0x00, 0x00, 0x00, 0x00, 0x00, 0x00, 0x00, 0x01, 0x2B, 0x7C, 0x01,
0x2B, 0xFC, 0x01, 0x2B, 0xDC, 0x01, 0x28, 0x7C, 0x0C, 0xFF, 0x15, 0x00, 0x00, 0x28, 0x00, 0x00, 0x03, 0x28, 0x00, 0x00, 0x04, 0x00, 0x3D, 0x00, 0x01, 0x30, 0x00, 0x0F, 0x00, 0x00, 0x00, 0x00,
0x00, 0x00, 0x00, 0x00, 0x00, 0x01, 0x2B, 0xBC, 0x0C, 0xFF, 0x00, 0x00, 0x00, 0x22, 0x2B, 0x30, 0x02, 0x22, 0x2B, 0x30, 0x02, 0x00, 0x00, 0x00, 0x00, 0x00, 0x00, 0x00, 0x01, 0x2B, 0xBC, 0x01,
0x2C, 0x3C, 0x01, 0x2C, 0x1C, 0x01, 0x28, 0x7C, 0x0C, 0xFF, 0x01, 0x00, 0x00, 0x2A, 0x40, 0x43, 0x03, 0x2A, 0x40, 0x43, 0x04, 0x00, 0x3F, 0x00, 0x00, 0x00, 0x00, 0x00, 0x00, 0x00, 0x00, 0x00,
0x00, 0x00, 0x00, 0x00, 0x00, 0x01, 0x2B, 0xFC, 0x0C, 0xFF, 0x00, 0x00, 0x00, 0x22, 0x2C, 0x31, 0x02, 0x22, 0x2C, 0x31, 0x02, 0x00, 0x00, 0x00, 0x00, 0x00, 0x00, 0x00, 0x01, 0x2B, 0xFC, 0x01,
0x2C, 0x7C, 0x01, 0x2C, 0x5C, 0x01, 0x28, 0x7C, 0x0C, 0xFF, 0x01, 0x00, 0x00, 0x2B, 0x41, 0x44, 0x03, 0x2B, 0x41, 0x44, 0x04, 0x00, 0x40, 0x00, 0x00, 0x00, 0x00, 0x00, 0x00, 0x00, 0x00, 0x00,
0x00, 0x00, 0x00, 0x00, 0x00, 0x01, 0x2C, 0x3C, 0x0C, 0xFF, 0x00, 0x00, 0x00, 0x22, 0x2D, 0x32, 0x02, 0x22, 0x2D, 0x32, 0x02, 0x00, 0x00, 0x00, 0x00, 0x00, 0x00, 0x00, 0x01, 0x2C, 0x3C, 0x01,
0x2C, 0xBC, 0x01, 0x2C, 0x9C, 0x01, 0x28, 0x7C, 0x0C, 0xFF, 0x1E, 0x00, 0x00, 0x2C, 0x00, 0x00, 0x09, 0x2C, 0x00, 0x00, 0x09, 0x00, 0x41, 0x00, 0x00, 0x00, 0x00, 0x00, 0x00, 0x00, 0x00, 0x00,
0x00, 0x00, 0x00, 0x00, 0x00, 0x01, 0x2C, 0x7C, 0x0C, 0xFF, 0x00, 0x00, 0x00, 0x22, 0x81, 0x8D, 0x02, 0x22, 0x81, 0x8D, 0x02, 0x00, 0x00, 0x00, 0x00, 0x00, 0x00, 0x00, 0x01, 0x2C, 0x7C, 0x00,
0x00, 0x00, 0x01, 0x2C, 0xDC, 0x01, 0x28, 0x7C, 0x0C, 0xFF, 0x1C, 0x00, 0x00, 0x6A, 0x00, 0x00, 0x0E, 0x6A, 0x00, 0x00, 0x0E, 0x00, 0x00, 0x00, 0x00, 0x00, 0x00, 0x00, 0x00, 0x00, 0x00, 0x00,
0x00, 0x00, 0x00, 0x00, 0x00, 0x01, 0x2C, 0xBC, 0x0C, 0xFF, 0x00, 0x00, 0x00, 0x01, 0x06, 0x06, 0x02, 0x01, 0x06, 0x06, 0x02, 0x00, 0x00, 0x00, 0x00, 0x00, 0x00, 0x00, 0x01, 0x28, 0x7C, 0x01,
0x2E, 0x9C, 0x01, 0x2D, 0x1C, 0x01, 0x1E, 0xFC, 0x0C, 0xF9, 0x00, 0x00, 0x00, 0x2D, 0x45, 0x48, 0x02, 0x2D, 0x45, 0x48, 0x02, 0x00, 0x00, 0x00, 0x00, 0x00, 0x00, 0x00, 0x00, 0x00, 0x00, 0x01,
0x2D, 0x5C, 0x01, 0x2D, 0x3C, 0x01, 0x2C, 0xFC, 0x0C, 0xF9, 0x19, 0x05, 0x03, 0x2E, 0x00, 0x00, 0x09, 0x2E, 0x00, 0x00, 0x09, 0x00, 0x00, 0x01, 0x00, 0x00, 0x00, 0x00, 0x00, 0x00, 0x00, 0x00,
0x00, 0x00, 0x00, 0x00, 0x00, 0x01, 0x2D, 0x1C, 0x0C, 0xFF, 0x00, 0x00, 0x00, 0x2D, 0x97, 0x49, 0x02, 0x2D, 0x97, 0x49, 0x02, 0x00, 0x00, 0x00, 0x00, 0x00, 0x00, 0x00, 0x01, 0x2D, 0x1C, 0x01,
0x2D, 0x9C, 0x01, 0x2D, 0x7C, 0x01, 0x2C, 0xFC, 0x0C, 0xFF, 0x19, 0x08, 0x04, 0x2F, 0x00, 0x00, 0x09, 0x2F, 0x00, 0x00, 0x09, 0x00, 0x00, 0x00, 0x00, 0x00, 0x00, 0x00, 0x00, 0x00, 0x00, 0x00,
0x00, 0x00, 0x00, 0x00, 0x00, 0x01, 0x2D, 0x5C, 0x0C, 0xFF, 0x00, 0x00, 0x00, 0x2D, 0x98, 0x4A, 0x02, 0x2D, 0x98, 0x4A, 0x02, 0x00, 0x00, 0x00, 0x00, 0x00, 0x00, 0x00, 0x01, 0x2D, 0x5C, 0x01,
0x2D, 0xDC, 0x01, 0x2D, 0xBC, 0x01, 0x2C, 0xFC, 0x0C, 0xFF, 0x19, 0x08, 0x04, 0x30, 0x00, 0x00, 0x09, 0x30, 0x00, 0x00, 0x09, 0x00, 0x01, 0x00, 0x00, 0x00, 0x00, 0x00, 0x00, 0x00, 0x00, 0x00,
0x00, 0x00, 0x00, 0x00, 0x00, 0x01, 0x2D, 0x9C, 0x0C, 0xFF, 0x00, 0x00, 0x00, 0x2D, 0x99, 0x4B, 0x02, 0x2D, 0x99, 0x4B, 0x02, 0x00, 0x00, 0x00, 0x00, 0x00, 0x00, 0x00, 0x01, 0x2D, 0x9C, 0x01,
0x2E, 0x1C, 0x01, 0x2D, 0xFC, 0x01, 0x2C, 0xFC, 0x0C, 0xFF, 0x19, 0x08, 0x04, 0x31, 0x00, 0x00, 0x09, 0x31, 0x00, 0x00, 0x09, 0x00, 0x02, 0x00, 0x00, 0x00, 0x00, 0x00, 0x00, 0x00, 0x00, 0x00,
0x00, 0x00, 0x00, 0x00, 0x00, 0x01, 0x2D, 0xDC, 0x0C, 0xFA, 0x00, 0x00, 0x00, 0x2D, 0x9A, 0x4C, 0x02, 0x2D, 0x9A, 0x4C, 0x02, 0x00, 0x00, 0x00, 0x00, 0x00, 0x00, 0x00, 0x01, 0x2D, 0xDC, 0x01,
0x2E, 0x5C, 0x01, 0x2E, 0x3C, 0x01, 0x2C, 0xFC, 0x0C, 0xFA, 0x19, 0x08, 0x04, 0x32, 0x00, 0x00, 0x09, 0x32, 0x00, 0x00, 0x09, 0x00, 0x03, 0x00, 0x00, 0x00, 0x00, 0x00, 0x00, 0x00, 0x00, 0x00,
0x00, 0x00, 0x00, 0x00, 0x00, 0x01, 0x2E, 0x1C, 0x0C, 0xFA, 0x00, 0x00, 0x00, 0x2D, 0x9B, 0x4D, 0x02, 0x2D, 0x9B, 0x4D, 0x02, 0x00, 0x00, 0x00, 0x00, 0x00, 0x00, 0x00, 0x01, 0x2E, 0x1C, 0x00,
0x00, 0x00, 0x01, 0x2E, 0x7C, 0x01, 0x2C, 0xFC, 0x0C, 0xFA, 0x19, 0x08, 0x04, 0x33, 0x00, 0x00, 0x09, 0x33, 0x00, 0x00, 0x09, 0x00, 0x04, 0x00, 0x00, 0x00, 0x00, 0x00, 0x00, 0x00, 0x00, 0x00,
0x00, 0x00, 0x00, 0x00, 0x00, 0x01, 0x2E, 0x5C, 0x0E, 0xFF, 0x00, 0x00, 0x00, 0x01, 0x07, 0x07, 0x02, 0x01, 0x07, 0x07, 0x02, 0x00, 0x00, 0x00, 0x00, 0x00, 0x00, 0x00, 0x01, 0x2C, 0xFC, 0x01,
0x30, 0x3C, 0x01, 0x2E, 0xBC, 0x01, 0x1E, 0xFC, 0x0E, 0xFF, 0x00, 0x00, 0x00, 0x62, 0x46, 0x4E, 0x02, 0x62, 0x46, 0x4E, 0x02, 0x00, 0x00, 0x00, 0x00, 0x00, 0x00, 0x00, 0x00, 0x00, 0x00, 0x01,
0x2E, 0xFC, 0x01, 0x2E, 0xDC, 0x01, 0x2E, 0x9C, 0x0E, 0xFF, 0x16, 0x00, 0x02, 0x34, 0x00, 0x00, 0x09, 0x34, 0x00, 0x00, 0x09, 0x00, 0x48, 0x00, 0x00, 0x00, 0x00, 0x00, 0x00, 0x00, 0x00, 0x00,
0x00, 0x00, 0x00, 0x00, 0x00, 0x01, 0x2E, 0xBC, 0x0E, 0xFB, 0x00, 0x00, 0x00, 0x62, 0x47, 0x4F, 0x02, 0x62, 0x47, 0x4F, 0x02, 0x00, 0x00, 0x00, 0x00, 0x00, 0x00, 0x00, 0x01, 0x2E, 0xBC, 0x01,
0x2F, 0x3C, 0x01, 0x2F, 0x1C, 0x01, 0x2E, 0x9C, 0x0E, 0xFB, 0x16, 0x02, 0x07, 0x35, 0x4A, 0x00, 0x09, 0x35, 0x00, 0x00, 0x09, 0x00, 0x4A, 0x00, 0x00, 0x00, 0x00, 0x00, 0x00, 0x00, 0x00, 0x00,
0x00, 0x00, 0x00, 0x00, 0x00, 0x01, 0x2E, 0xFC, 0x0E, 0xFF, 0x00, 0x00, 0x00, 0x62, 0x48, 0x50, 0x02, 0x62, 0x48, 0x50, 0x02, 0x00, 0x00, 0x00, 0x00, 0x00, 0x00, 0x00, 0x01, 0x2E, 0xFC, 0x01,
0x2F, 0x7C, 0x01, 0x2F, 0x5C, 0x01, 0x2E, 0x9C, 0x0E, 0xFF, 0x16, 0x00, 0x02, 0x36, 0x00, 0x00, 0x09, 0x36, 0x00, 0x00, 0x09, 0x00, 0x4C, 0x00, 0x00, 0x00, 0x00, 0x00, 0x00, 0x00, 0x00, 0x00,
0x00, 0x00, 0x00, 0x00, 0x00, 0x01, 0x2F, 0x3C, 0x0E, 0xFB, 0x00, 0x00, 0x00, 0x62, 0x49, 0x51, 0x02, 0x62, 0x49, 0x51, 0x02, 0x00, 0x00, 0x00, 0x00, 0x00, 0x00, 0x00, 0x01, 0x2F, 0x3C, 0x01,
0x2F, 0xBC, 0x01, 0x2F, 0x9C, 0x01, 0x2E, 0x9C, 0x0E, 0xFB, 0x16, 0x02, 0x07, 0x37, 0x4A, 0x00, 0x09, 0x37, 0x00, 0x00, 0x09, 0x00, 0x4E, 0x00, 0x00, 0x00, 0x00, 0x00, 0x00, 0x00, 0x00, 0x00,
0x00, 0x00, 0x00, 0x00, 0x00, 0x01, 0x2F, 0x7C, 0x08, 0xFF, 0x00, 0x00, 0x00, 0x62, 0x84, 0x93, 0x02, 0x62, 0x84, 0x93, 0x02, 0x00, 0x00, 0x00, 0x00, 0x00, 0x00, 0x00, 0x01, 0x2F, 0x7C, 0x01,
0x2F, 0xFC, 0x01, 0x2F, 0xDC, 0x01, 0x2E, 0x9C, 0x08, 0xFF, 0x16, 0x06, 0x02, 0x6F, 0x00, 0x00, 0x09, 0x6F, 0x00, 0x00, 0x09, 0x00, 0x46, 0x00, 0x00, 0x00, 0x00, 0x00, 0x00, 0x00, 0x00, 0x00,
0x00, 0x00, 0x00, 0x00, 0x00, 0x01, 0x2F, 0xBC, 0x08, 0xFF, 0x00, 0x00, 0x00, 0x62, 0x4B, 0x53, 0x02, 0x62, 0x4B, 0x53, 0x02, 0x00, 0x00, 0x00, 0x00, 0x00, 0x00, 0x00, 0x01, 0x2F, 0xBC, 0x00,
0x00, 0x00, 0x01, 0x30, 0x1C, 0x01, 0x2E, 0x9C, 0x08, 0xFF, 0x17, 0x00, 0x00, 0x39, 0x68, 0x47, 0x0C, 0x39, 0x68, 0x47, 0x0C, 0x00, 0x51, 0x00, 0x00, 0x00, 0x00, 0x00, 0x00, 0x00, 0x00, 0x00,
0x00, 0x00, 0x00, 0x00, 0x00, 0x01, 0x2F, 0xFC, 0x0C, 0xFF, 0x00, 0x00, 0x00, 0x01, 0x08, 0x08, 0x02, 0x01, 0x08, 0x08, 0x02, 0x00, 0x00, 0x00, 0x00, 0x00, 0x00, 0x00, 0x01, 0x2E, 0x9C, 0x01,
0x33, 0x3C, 0x01, 0x30, 0x5C, 0x01, 0x1E, 0xFC, 0x0C, 0xFF, 0x00, 0x00, 0x00, 0x4C, 0x4C, 0x54, 0x02, 0x4C, 0x4C, 0x54, 0x02, 0x00, 0x00, 0x00, 0x00, 0x00, 0x00, 0x00, 0x00, 0x00, 0x00, 0x01,
0x30, 0x9C, 0x01, 0x30, 0x7C, 0x01, 0x30, 0x3C, 0x0C, 0xFF, 0x05, 0x07, 0x03, 0x3B, 0x00, 0x00, 0x03, 0x3B, 0x00, 0x00, 0x05, 0x00, 0x52, 0x00, 0x00, 0x01, 0x01, 0x2C, 0x00, 0x00, 0x00, 0x00,
0x00, 0x00, 0x00, 0x00, 0x00, 0x01, 0x30, 0x5C, 0x0C, 0xFF, 0x00, 0x00, 0x00, 0x4C, 0xA6, 0x55, 0x02, 0x4C, 0xA6, 0x55, 0x02, 0x00, 0x00, 0x00, 0x00, 0x00, 0x00, 0x00, 0x01, 0x30, 0x5C, 0x01,
0x30, 0xDC, 0x01, 0x30, 0xBC, 0x01, 0x30, 0x3C, 0x0C, 0xFF, 0x05, 0x01, 0x06, 0x3C, 0x00, 0x00, 0x03, 0x3C, 0x00, 0x00, 0x05, 0x00, 0x53, 0x00, 0xFF, 0x9C, 0x00, 0xC9, 0x00, 0x00, 0x00, 0x00,
0x00, 0x00, 0x00, 0x00, 0x00, 0x01, 0x30, 0x9C, 0x0C, 0xFF, 0x00, 0x00, 0x00, 0x4C, 0x4D, 0x56, 0x02, 0x4C, 0x4D, 0x56, 0x02, 0x00, 0x00, 0x00, 0x00, 0x00, 0x00, 0x00, 0x01, 0x30, 0x9C, 0x01,
0x32, 0x7C, 0x01, 0x30, 0xFC, 0x01, 0x30, 0x3C, 0x0C, 0xFA, 0x00, 0x00, 0x00, 0x3D, 0x50, 0x59, 0x02, 0x3D, 0x50, 0x59, 0x02, 0x00, 0x00, 0x00, 0x00, 0x00, 0x00, 0x00, 0x00, 0x00, 0x00, 0x01,
0x31, 0x3C, 0x01, 0x31, 0x1C, 0x01, 0x30, 0xDC, 0x0C, 0xFA, 0x05, 0x07, 0x03, 0x3F, 0x00, 0x00, 0x03, 0x3F, 0x00, 0x00, 0x04, 0x00, 0x55, 0x00, 0x00, 0x00, 0x00, 0x3C, 0x00, 0x00, 0x00, 0x00,
0x00, 0x00, 0x00, 0x00, 0x00, 0x01, 0x30, 0xFC, 0x0C, 0xFA, 0x00, 0x00, 0x00, 0x3D, 0x50, 0x5A, 0x02, 0x3D, 0x50, 0x5A, 0x02, 0x00, 0x00, 0x00, 0x00, 0x00, 0x00, 0x00, 0x01, 0x30, 0xFC, 0x01,
0x31, 0x7C, 0x01, 0x31, 0x5C, 0x01, 0x30, 0xDC, 0x0C, 0xFA, 0x05, 0x07, 0x03, 0x40, 0x00, 0x00, 0x03, 0x40, 0x00, 0x00, 0x05, 0x00, 0x56, 0x00, 0x00, 0x0A, 0x00, 0xF0, 0x00, 0x00, 0x00, 0x00,
0x00, 0x00, 0x00, 0x00, 0x00, 0x01, 0x31, 0x3C, 0x0C, 0xFA, 0x00, 0x00, 0x00, 0x3D, 0x14, 0x15, 0x02, 0x3D, 0x14, 0x15, 0x02, 0x00, 0x00, 0x00, 0x00, 0x00, 0x00, 0x5A, 0x01, 0x31, 0x3C, 0x01,
0x31, 0xBC, 0x01, 0x31, 0x9C, 0x01, 0x30, 0xDC, 0x0C, 0xFA, 0x05, 0x01, 0x06, 0x79, 0x00, 0x00, 0x03, 0x79, 0x00, 0x00, 0x05, 0x00, 0x20, 0x00, 0x00, 0x00, 0x00, 0x5A, 0x00, 0x00, 0x00, 0x00,
0x00, 0x00, 0x00, 0x00, 0x00, 0x01, 0x31, 0x7C, 0x0C, 0xFF, 0x00, 0x00, 0x00, 0x3D, 0x94, 0x90, 0x02, 0x3D, 0x94, 0x90, 0x02, 0x00, 0x00, 0x00, 0x00, 0x00, 0x00, 0x00, 0x01, 0x31, 0x7C, 0x01,
0x31, 0xFC, 0x01, 0x31, 0xDC, 0x01, 0x30, 0xDC, 0x0C, 0xFF, 0x05, 0x07, 0x03, 0x6B, 0x00, 0x00, 0x03, 0x6B, 0x00, 0x00, 0x05, 0x00, 0x42, 0x00, 0x00, 0x00, 0x00, 0x3C, 0x00, 0x00, 0x00, 0x00,
0x00, 0x00, 0x00, 0x00, 0x00, 0x01, 0x31, 0xBC, 0x0C, 0xFF, 0x00, 0x00, 0x00, 0x3D, 0x95, 0x91, 0x02, 0x3D, 0x95, 0x91, 0x02, 0x00, 0x00, 0x00, 0x00, 0x00, 0x00, 0x00, 0x01, 0x31, 0xBC, 0x01,
0x32, 0x3C, 0x01, 0x32, 0x1C, 0x01, 0x30, 0xDC, 0x0C, 0xFF, 0x05, 0x07, 0x03, 0x6C, 0x00, 0x00, 0x03, 0x6C, 0x00, 0x00, 0x04, 0x00, 0x43, 0x00, 0x00, 0x00, 0x00, 0x3C, 0x00, 0x00, 0x00, 0x00,
0x00, 0x00, 0x00, 0x00, 0x00, 0x01, 0x31, 0xFC, 0x0C, 0xFA, 0x00, 0x00, 0x00, 0x3D, 0x96, 0x92, 0x02, 0x3D, 0x96, 0x92, 0x02, 0x00, 0x00, 0x00, 0x00, 0x00, 0x00, 0x00, 0x01, 0x31, 0xFC, 0x00,
0x00, 0x00, 0x01, 0x32, 0x5C, 0x01, 0x30, 0xDC, 0x0C, 0xFA, 0x05, 0x00, 0x04, 0x6D, 0x00, 0x00, 0x03, 0x6D, 0x00, 0x00, 0x05, 0x00, 0x44, 0x00, 0x00, 0x00, 0x02, 0x58, 0x00, 0x00, 0x00, 0x00,
0x00, 0x00, 0x00, 0x00, 0x00, 0x01, 0x32, 0x3C, 0x08, 0xFF, 0x00, 0x00, 0x00, 0x4C, 0x4E, 0x57, 0x02, 0x4C, 0x4E, 0x57, 0x02, 0x00, 0x00, 0x00, 0x00, 0x00, 0x00, 0x00, 0x01, 0x30, 0xDC, 0x01,
0x32, 0xBC, 0x01, 0x32, 0x9C, 0x01, 0x30, 0x3C, 0x08, 0xFF, 0x05, 0x01, 0x06, 0x42, 0x00, 0x00, 0x03, 0x42, 0x00, 0x00, 0x05, 0x00, 0x58, 0x00, 0x01, 0x2C, 0x02, 0x58, 0x00, 0x00, 0x00, 0x00,
0x00, 0x00, 0x00, 0x00, 0x00, 0x01, 0x32, 0x7C, 0x0C, 0xFD, 0x00, 0x00, 0x00, 0x4C, 0x85, 0x94, 0x02, 0x4C, 0x85, 0x94, 0x02, 0x00, 0x00, 0x00, 0x00, 0x00, 0x00, 0x00, 0x01, 0x32, 0x7C, 0x01,
0x32, 0xFC, 0x01, 0x32, 0xDC, 0x01, 0x30, 0x3C, 0x0C, 0xFD, 0x1F, 0x02, 0x07, 0x70, 0x00, 0x00, 0x09, 0x70, 0x00, 0x00, 0x09, 0x00, 0x6C, 0x00, 0x00, 0x00, 0x00, 0x00, 0x00, 0x00, 0x00, 0x00,
0x00, 0x00, 0x00, 0x00, 0x00, 0x01, 0x32, 0xBC, 0x0C, 0xFA, 0x00, 0x00, 0x00, 0x4C, 0x86, 0x95, 0x02, 0x4C, 0x86, 0x95, 0x02, 0x00, 0x00, 0x00, 0x00, 0x00, 0x00, 0x00, 0x01, 0x32, 0xBC, 0x00,
0x00, 0x00, 0x01, 0x33, 0x1C, 0x01, 0x30, 0x3C, 0x0C, 0xFA, 0x1F, 0x03, 0x07, 0x71, 0x00, 0x00, 0x09, 0x71, 0x00, 0x00, 0x09, 0x00, 0x64, 0x00, 0x00, 0x00, 0x00, 0x00, 0x00, 0x00, 0x00, 0x00,
0x00, 0x00, 0x00, 0x00, 0x00, 0x01, 0x32, 0xFC, 0x08, 0xFF, 0x00, 0x00, 0x00, 0x01, 0x09, 0x09, 0x02, 0x01, 0x09, 0x09, 0x02, 0x00, 0x00, 0x00, 0x00, 0x00, 0x00, 0x00, 0x01, 0x30, 0x3C, 0x01,
0x36, 0x5C, 0x01, 0x33, 0x5C, 0x01, 0x1E, 0xFC, 0x08, 0xFF, 0x00, 0x00, 0x00, 0x43, 0x52, 0x5C, 0x02, 0x43, 0x52, 0x5C, 0x02, 0x00, 0x00, 0x00, 0x00, 0x00, 0x00, 0x00, 0x00, 0x00, 0x00, 0x01,
0x33, 0x9C, 0x01, 0x33, 0x7C, 0x01, 0x33, 0x3C, 0x08, 0xFF, 0x05, 0x01, 0x06, 0x5B, 0x00, 0x00, 0x03, 0x5B, 0x00, 0x00, 0x05, 0x00, 0x59, 0x00, 0xFF, 0x37, 0x00, 0x64, 0x00, 0x00, 0x00, 0x00,
0x00, 0x00, 0x00, 0x00, 0x00, 0x01, 0x33, 0x5C, 0x08, 0xFB, 0x00, 0x00, 0x00, 0x43, 0x53, 0x5D, 0x02, 0x43, 0x53, 0x5D, 0x02, 0x00, 0x00, 0x00, 0x00, 0x00, 0x00, 0x00, 0x01, 0x33, 0x5C, 0x01,
0x33, 0xDC, 0x01, 0x33, 0xBC, 0x01, 0x33, 0x3C, 0x08, 0xFB, 0x05, 0x01, 0x06, 0x5C, 0x00, 0x00, 0x03, 0x5C, 0x00, 0x00, 0x05, 0x00, 0x5A, 0x00, 0x01, 0x2C, 0x02, 0x58, 0x00, 0x00, 0x00, 0x00,
0x00, 0x00, 0x00, 0x00, 0x00, 0x01, 0x33, 0x9C, 0x08, 0xFB, 0x00, 0x00, 0x00, 0x43, 0x54, 0x5E, 0x02, 0x43, 0x54, 0x5E, 0x02, 0x00, 0x00, 0x00, 0x00, 0x00, 0x00, 0x00, 0x01, 0x33, 0x9C, 0x01,
0x34, 0x1C, 0x01, 0x33, 0xFC, 0x01, 0x33, 0x3C, 0x08, 0xFB, 0x05, 0x01, 0x06, 0x5D, 0x00, 0x00, 0x03, 0x5D, 0x00, 0x00, 0x05, 0x00, 0x5B, 0x00, 0x01, 0x90, 0x02, 0xEE, 0x00, 0x00, 0x00, 0x00,
0x00, 0x00, 0x00, 0x00, 0x00, 0x01, 0x33, 0xDC, 0x08, 0xFF, 0x00, 0x00, 0x00, 0x43, 0x55, 0x5F, 0x02, 0x43, 0x55, 0x5F, 0x02, 0x00, 0x00, 0x00, 0x00, 0x00, 0x00, 0x00, 0x01, 0x33, 0xDC, 0x01,
0x34, 0x5C, 0x01, 0x34, 0x3C, 0x01, 0x33, 0x3C, 0x08, 0xFF, 0x05, 0x01, 0x06, 0x5E, 0x00, 0x00, 0x03, 0x5E, 0x00, 0x00, 0x05, 0x00, 0x5C, 0x00, 0xFF, 0x9C, 0x01, 0x5E, 0x00, 0x00, 0x00, 0x00,
0x00, 0x00, 0x00, 0x00, 0x00, 0x01, 0x34, 0x1C, 0x08, 0xFF, 0x00, 0x00, 0x00, 0x43, 0x56, 0x60, 0x02, 0x43, 0x56, 0x60, 0x02, 0x00, 0x00, 0x00, 0x00, 0x00, 0x00, 0x00, 0x01, 0x34, 0x1C, 0x01,
0x34, 0x9C, 0x01, 0x34, 0x7C, 0x01, 0x33, 0x3C, 0x08, 0xFF, 0x05, 0x01, 0x06, 0x5F, 0x00, 0x00, 0x03, 0x5F, 0x00, 0x00, 0x05, 0x00, 0x5D, 0x00, 0xFF, 0x9C, 0x01, 0x5E, 0x00, 0x00, 0x00, 0x00,
0x00, 0x00, 0x00, 0x00, 0x00, 0x01, 0x34, 0x5C, 0x08, 0xFF, 0x00, 0x00, 0x00, 0x43, 0x57, 0x61, 0x02, 0x43, 0x57, 0x61, 0x02, 0x00, 0x00, 0x00, 0x00, 0x00, 0x00, 0x00, 0x01, 0x34, 0x5C, 0x01,
0x34, 0xDC, 0x01, 0x34, 0xBC, 0x01, 0x33, 0x3C, 0x08, 0xFF, 0x05, 0x01, 0x06, 0x60, 0x00, 0x00, 0x03, 0x60, 0x00, 0x00, 0x05, 0x00, 0x5E, 0x00, 0x03, 0xE8, 0x05, 0x78, 0x00, 0x00, 0x00, 0x00,
0x00, 0x00, 0x00, 0x00, 0x00, 0x01, 0x34, 0x9C, 0x08, 0xFF, 0x00, 0x00, 0x00, 0x43, 0x58, 0x62, 0x02, 0x43, 0x58, 0x62, 0x02, 0x00, 0x00, 0x00, 0x00, 0x00, 0x00, 0x00, 0x01, 0x34, 0x9C, 0x01,
0x35, 0x1C, 0x01, 0x34, 0xFC, 0x01, 0x33, 0x3C, 0x08, 0xFF, 0x05, 0x08, 0x04, 0x61, 0x00, 0x00, 0x03, 0x61, 0x00, 0x00, 0x05, 0x00, 0x5F, 0x00, 0x00, 0x00, 0x01, 0x2C, 0x00, 0x00, 0x00, 0x00,
0x00, 0x00, 0x00, 0x00, 0x00, 0x01, 0x34, 0xDC, 0x08, 0xFF, 0x00, 0x00, 0x00, 0x43, 0x59, 0x63, 0x02, 0x43, 0x59, 0x63, 0x02, 0x00, 0x00, 0x00, 0x00, 0x00, 0x00, 0x00, 0x01, 0x34, 0xDC, 0x01,
0x35, 0x5C, 0x01, 0x35, 0x3C, 0x01, 0x33, 0x3C, 0x08, 0xFF, 0x05, 0x07, 0x03, 0x63, 0x00, 0x00, 0x03, 0x63, 0x00, 0x00, 0x05, 0x00, 0x60, 0x00, 0x00, 0x05, 0x00, 0x78, 0x00, 0x00, 0x00, 0x00,
0x00, 0x00, 0x00, 0x00, 0x00, 0x01, 0x35, 0x1C, 0x08, 0xFF, 0x00, 0x00, 0x00, 0x43, 0x5A, 0x64, 0x02, 0x43, 0x5A, 0x64, 0x02, 0x00, 0x00, 0x00, 0x00, 0x00, 0x00, 0x00, 0x01, 0x35, 0x1C, 0x01,
0x35, 0x9C, 0x01, 0x35, 0x7C, 0x01, 0x33, 0x3C, 0x08, 0xFF, 0x05, 0x07, 0x03, 0x64, 0x00, 0x00, 0x03, 0x64, 0x00, 0x00, 0x05, 0x00, 0x61, 0x00, 0x00, 0x00, 0x00, 0x1E, 0x00, 0x00, 0x00, 0x00,
0x00, 0x00, 0x00, 0x00, 0x00, 0x01, 0x35, 0x5C, 0x08, 0xFB, 0x00, 0x00, 0x00, 0x43, 0x5B, 0x65, 0x02, 0x43, 0x5B, 0x65, 0x02, 0x00, 0x00, 0x00, 0x00, 0x00, 0x00, 0x00, 0x01, 0x35, 0x5C, 0x01,
0x35, 0xDC, 0x01, 0x35, 0xBC, 0x01, 0x33, 0x3C, 0x08, 0xFB, 0x05, 0x07, 0x03, 0x65, 0x00, 0x00, 0x03, 0x65, 0x00, 0x00, 0x05, 0x00, 0x62, 0x00, 0x00, 0x00, 0x00, 0x1E, 0x00, 0x00, 0x00, 0x00,
0x00, 0x00, 0x00, 0x00, 0x00, 0x01, 0x35, 0x9C, 0x08, 0xFF, 0x00, 0x00, 0x00, 0x43, 0x5C, 0x66, 0x02, 0x43, 0x5C, 0x66, 0x02, 0x00, 0x00, 0x00, 0x00, 0x00, 0x00, 0x00, 0x01, 0x35, 0x9C, 0x01,
0x36, 0x1C, 0x01, 0x35, 0xFC, 0x01, 0x33, 0x3C, 0x08, 0xFF, 0x14, 0x00, 0x00, 0x66, 0x4B, 0x72, 0x0C, 0x66, 0x4B, 0x72, 0x0C, 0x00, 0x63, 0x00, 0x00, 0x00, 0x00, 0x00, 0x00, 0x00, 0x00, 0x00,
0x00, 0x00, 0x00, 0x00, 0x00, 0x01, 0x35, 0xDC, 0x08, 0xFF, 0x00, 0x00, 0x00, 0x43, 0x15, 0x1A, 0x02, 0x43, 0x15, 0x1A, 0x02, 0x00, 0x00, 0x00, 0x00, 0x00, 0x00, 0x00, 0x01, 0x35, 0xDC, 0x00,
0x00, 0x00, 0x01, 0x36, 0x3C, 0x01, 0x33, 0x3C, 0x08, 0xFF, 0x05, 0x01, 0x06, 0x47, 0x00, 0x00, 0x03, 0x47, 0x00, 0x00, 0x05, 0x00, 0x83, 0x00, 0x00, 0x00, 0x01, 0x2C, 0x00, 0x00, 0x00, 0x00,
0x00, 0x00, 0x00, 0x00, 0x00, 0x01, 0x36, 0x1C, 0x0E, 0xFF, 0x00, 0x00, 0x00, 0x01, 0x0A, 0x0A, 0x02, 0x01, 0x0A, 0x0A, 0x02, 0x00, 0x00, 0x00, 0x00, 0x00, 0x00, 0x00, 0x01, 0x33, 0x3C, 0x01,
0x36, 0xBC, 0x01, 0x36, 0x7C, 0x01, 0x1E, 0xFC, 0x0E, 0xFF, 0x09, 0x00, 0x00, 0x44, 0x00, 0x00, 0x03, 0x44, 0x00, 0x00, 0x03, 0x00, 0x02, 0x00, 0x00, 0x00, 0x00, 0x00, 0x00, 0x00, 0x00, 0x00,
0x00, 0x00, 0x01, 0x36, 0x9C, 0x01, 0x36, 0x5C, 0x0E, 0xFF, 0x0A, 0x00, 0x00, 0x44, 0x00, 0x00, 0x06, 0x44, 0x00, 0x00, 0x06, 0x00, 0x00, 0x00, 0x00, 0x00, 0x00, 0x00, 0x00, 0x00, 0x00, 0x00,
0x00, 0x00, 0x00, 0x00, 0x00, 0x01, 0x36, 0x7C, 0x0E, 0xFF, 0x00, 0x00, 0x00, 0x01, 0x0B, 0x0B, 0x02, 0x01, 0x0B, 0x0B, 0x02, 0x00, 0x00, 0x00, 0x00, 0x00, 0x00, 0x00, 0x01, 0x36, 0x5C, 0x01,
0x36, 0xFC, 0x01, 0x36, 0xDC, 0x01, 0x1E, 0xFC, 0x0E, 0xFF, 0x1B, 0x00, 0x00, 0x45, 0x82, 0x00, 0x09, 0x45, 0x82, 0x00, 0x09, 0x00, 0x39, 0x5A, 0x00, 0x00, 0x00, 0x00, 0x00, 0x00, 0x00, 0x00,
0x00, 0x00, 0x01, 0x1D, 0x5C, 0x01, 0x36, 0xBC, 0x0E, 0xFF, 0x00, 0x00, 0x00, 0x01, 0x0C, 0x0C, 0x02, 0x01, 0x0C, 0x0C, 0x02, 0x00, 0x00, 0x00, 0x00, 0x00, 0x00, 0x00, 0x01, 0x36, 0xBC, 0x00,
0x00, 0x00, 0x01, 0x37, 0x1C, 0x01, 0x1E, 0xFC, 0x0E, 0xFF, 0x18, 0x00, 0x00, 0x46, 0x5D, 0x67, 0x0C, 0x46, 0x5D, 0x67, 0x0C, 0x00, 0x00, 0x00, 0x00, 0x00, 0x00, 0x00, 0x00, 0x00, 0x00, 0x00,
0x00, 0x00, 0x00, 0x00, 0x00, 0x01, 0x36, 0xFC, 0x0E, 0x11, 0x08, 0x01, 0x06, 0x4F, 0x00, 0x00, 0x0A, 0x4F, 0x00, 0x00, 0x04, 0x00, 0x01, 0x0B, 0x00, 0x64, 0x04, 0x38, 0x00, 0x00, 0x00, 0x00,
0x00, 0x00, 0x00, 0x00, 0x00, 0x01, 0x20, 0xDC, 0x0E, 0x11, 0x07, 0x01, 0x06, 0x09, 0x76, 0x83, 0x03, 0x09, 0x76, 0x83, 0x03, 0x00, 0x01, 0x0A, 0x00, 0x00, 0x00, 0x00, 0x01, 0x20, 0xDC, 0x01,
0x37, 0x9C, 0x01, 0x37, 0x7C, 0x01, 0x20, 0xBC, 0x0E, 0x11, 0x08, 0x01, 0x06, 0x50, 0x00, 0x00, 0x0A, 0x50, 0x00, 0x00, 0x04, 0x00, 0x01, 0x0A, 0x00, 0x64, 0x04, 0x38, 0x00, 0x00, 0x00, 0x00,
0x00, 0x00, 0x00, 0x00, 0x00, 0x01, 0x37, 0x5C, 0x0E, 0x11, 0x07, 0x01, 0x06, 0x09, 0x77, 0x84, 0x03, 0x09, 0x77, 0x84, 0x03, 0x00, 0x01, 0x09, 0x00, 0x00, 0x00, 0x00, 0x01, 0x37, 0x5C, 0x01,
0x37, 0xDC, 0x01, 0x37, 0xBC, 0x01, 0x20, 0xBC, 0x0E, 0x11, 0x08, 0x01, 0x06, 0x51, 0x00, 0x00, 0x0A, 0x51, 0x00, 0x00, 0x04, 0x00, 0x01, 0x09, 0x00, 0x64, 0x04, 0x38, 0x00, 0x00, 0x00, 0x00,
0x00, 0x00, 0x00, 0x00, 0x00, 0x01, 0x37, 0x9C, 0x0E, 0x11, 0x07, 0x01, 0x06, 0x09, 0x78, 0x85, 0x03, 0x09, 0x78, 0x85, 0x03, 0x00, 0x01, 0x08, 0x00, 0x00, 0x00, 0x00, 0x01, 0x37, 0x9C, 0x01,
0x38, 0x1C, 0x01, 0x37, 0xFC, 0x01, 0x20, 0xBC, 0x0E, 0x11, 0x08, 0x01, 0x06, 0x52, 0x00, 0x00, 0x0A, 0x52, 0x00, 0x00, 0x04, 0x00, 0x01, 0x08, 0x00, 0x64, 0x04, 0x38, 0x00, 0x00, 0x00, 0x00,
0x00, 0x00, 0x00, 0x00, 0x00, 0x01, 0x37, 0xDC, 0x0E, 0x11, 0x07, 0x01, 0x06, 0x09, 0x79, 0x86, 0x03, 0x09, 0x79, 0x86, 0x03, 0x00, 0x01, 0x07, 0x00, 0x00, 0x00, 0x00, 0x01, 0x37, 0xDC, 0x01,
0x38, 0x5C, 0x01, 0x38, 0x3C, 0x01, 0x20, 0xBC, 0x0E, 0x11, 0x08, 0x01, 0x06, 0x53, 0x00, 0x00, 0x0A, 0x53, 0x00, 0x00, 0x04, 0x00, 0x01, 0x07, 0x00, 0x64, 0x04, 0x38, 0x00, 0x00, 0x00, 0x00,
0x00, 0x00, 0x00, 0x00, 0x00, 0x01, 0x38, 0x1C, 0x0E, 0x11, 0x07, 0x01, 0x06, 0x09, 0x7A, 0x87, 0x03, 0x09, 0x7A, 0x87, 0x03, 0x00, 0x01, 0x06, 0x00, 0x00, 0x00, 0x00, 0x01, 0x38, 0x1C, 0x01,
0x38, 0x9C, 0x01, 0x38, 0x7C, 0x01, 0x20, 0xBC, 0x0E, 0x11, 0x08, 0x01, 0x06, 0x54, 0x00, 0x00, 0x0A, 0x54, 0x00, 0x00, 0x05, 0x00, 0x01, 0x06, 0x00, 0x64, 0x04, 0x38, 0x00, 0x00, 0x00, 0x00,
0x00, 0x00, 0x00, 0x00, 0x00, 0x01, 0x38, 0x5C, 0x0E, 0x11, 0x07, 0x01, 0x06, 0x09, 0x7B, 0x88, 0x03, 0x09, 0x7B, 0x88, 0x03, 0x00, 0x01, 0x05, 0x00, 0x00, 0x00, 0x00, 0x01, 0x38, 0x5C, 0x01,
0x38, 0xDC, 0x01, 0x38, 0xBC, 0x01, 0x20, 0xBC, 0x0E, 0x11, 0x08, 0x01, 0x06, 0x55, 0x00, 0x00, 0x0A, 0x55, 0x00, 0x00, 0x04, 0x00, 0x01, 0x05, 0x00, 0x64, 0x04, 0x38, 0x00, 0x00, 0x00, 0x00,
0x00, 0x00, 0x00, 0x00, 0x00, 0x01, 0x38, 0x9C, 0x0E, 0x11, 0x07, 0x01, 0x06, 0x09, 0x7C, 0x89, 0x03, 0x09, 0x7C, 0x89, 0x03, 0x00, 0x01, 0x04, 0x00, 0x00, 0x00, 0x00, 0x01, 0x38, 0x9C, 0x01,
0x39, 0x1C, 0x01, 0x38, 0xFC, 0x01, 0x20, 0xBC, 0x0E, 0x11, 0x08, 0x01, 0x06, 0x56, 0x00, 0x00, 0x0A, 0x56, 0x00, 0x00, 0x04, 0x00, 0x01, 0x04, 0x00, 0x64, 0x04, 0x38, 0x00, 0x00, 0x00, 0x00,
0x00, 0x00, 0x00, 0x00, 0x00, 0x01, 0x38, 0xDC, 0x0E, 0x11, 0x07, 0x01, 0x06, 0x09, 0x7D, 0x8A, 0x03, 0x09, 0x7D, 0x8A, 0x03, 0x00, 0x01, 0x03, 0x00, 0x00, 0x00, 0x00, 0x01, 0x38, 0xDC, 0x01,
0x39, 0x5C, 0x01, 0x39, 0x3C, 0x01, 0x20, 0xBC, 0x0E, 0x11, 0x08, 0x01, 0x06, 0x57, 0x00, 0x00, 0x0A, 0x57, 0x00, 0x00, 0x04, 0x00, 0x01, 0x03, 0x00, 0x64, 0x04, 0x38, 0x00, 0x00, 0x00, 0x00,
0x00, 0x00, 0x00, 0x00, 0x00, 0x01, 0x39, 0x1C, 0x0E, 0x11, 0x07, 0x01, 0x06, 0x09, 0x7E, 0x8B, 0x03, 0x09, 0x7E, 0x8B, 0x03, 0x00, 0x01, 0x02, 0x00, 0x00, 0x00, 0x00, 0x01, 0x39, 0x1C, 0x01,
0x39, 0x9C, 0x01, 0x39, 0x7C, 0x01, 0x20, 0xBC, 0x0E, 0x11, 0x08, 0x01, 0x06, 0x58, 0x00, 0x00, 0x0A, 0x58, 0x00, 0x00, 0x04, 0x00, 0x01, 0x02, 0x00, 0x64, 0x04, 0x38, 0x00, 0x00, 0x00, 0x00,
0x00, 0x00, 0x00, 0x00, 0x00, 0x01, 0x39, 0x5C, 0x0E, 0x11, 0x07, 0x01, 0x06, 0x09, 0x7F, 0x8C, 0x03, 0x09, 0x7F, 0x8C, 0x03, 0x00, 0x01, 0x01, 0x00, 0x00, 0x00, 0x00, 0x01, 0x39, 0x5C, 0x01,
0x39, 0xDC, 0x01, 0x39, 0xBC, 0x01, 0x20, 0xBC, 0x0E, 0x11, 0x08, 0x01, 0x06, 0x59, 0x00, 0x00, 0x0A, 0x59, 0x00, 0x00, 0x04, 0x00, 0x01, 0x01, 0x00, 0x64, 0x04, 0x38, 0x00, 0x00, 0x00, 0x00,
0x00, 0x00, 0x00, 0x00, 0x00, 0x01, 0x39, 0x9C, 0x0E, 0x11, 0x07, 0x01, 0x06, 0x09, 0x80, 0x00, 0x03, 0x09, 0x80, 0x00, 0x03, 0x00, 0x01, 0x00, 0x00, 0x00, 0x00, 0x00, 0x01, 0x39, 0x9C, 0x00,
0x00, 0x00, 0x01, 0x39, 0xFC, 0x01, 0x20, 0xBC, 0x0E, 0x11, 0x08, 0x01, 0x06, 0x5A, 0x00, 0x00, 0x0A, 0x5A, 0x00, 0x00, 0x04, 0x00, 0x01, 0x00, 0x00, 0x64, 0x04, 0x38, 0x00, 0x00, 0x00, 0x00,
0x00, 0x00, 0x00, 0x00, 0x00, 0x01, 0x39, 0xDC, 0x0E, 0xFF, 0x08, 0x01, 0x06, 0x4F, 0x00, 0x00, 0x0A, 0x4F, 0x00, 0x00, 0x04, 0x00, 0x00, 0x0B, 0x00, 0x64, 0x04, 0x38, 0x00, 0x00, 0x00, 0x00,
0x00, 0x00, 0x00, 0x00, 0x00, 0x01, 0x1F, 0xDC, 0x0E, 0xFF, 0x07, 0x01, 0x06, 0x05, 0x76, 0x83, 0x03, 0x05, 0x76, 0x83, 0x03, 0x00, 0x00, 0x0A, 0x00, 0x00, 0x00, 0x00, 0x01, 0x1F, 0xDC, 0x01,
0x3A, 0x7C, 0x01, 0x3A, 0x5C, 0x01, 0x1F, 0xBC, 0x0E, 0xFF, 0x08, 0x01, 0x06, 0x50, 0x00, 0x00, 0x0A, 0x50, 0x00, 0x00, 0x04, 0x00, 0x00, 0x0A, 0x00, 0x64, 0x04, 0x38, 0x00, 0x00, 0x00, 0x00,
0x00, 0x00, 0x00, 0x00, 0x00, 0x01, 0x3A, 0x3C, 0x0E, 0xFF, 0x07, 0x01, 0x06, 0x05, 0x77, 0x84, 0x03, 0x05, 0x77, 0x84, 0x03, 0x00, 0x00, 0x09, 0x00, 0x00, 0x00, 0x00, 0x01, 0x3A, 0x3C, 0x01,
0x3A, 0xBC, 0x01, 0x3A, 0x9C, 0x01, 0x1F, 0xBC, 0x0E, 0xFF, 0x08, 0x01, 0x06, 0x51, 0x00, 0x00, 0x0A, 0x51, 0x00, 0x00, 0x04, 0x00, 0x00, 0x09, 0x00, 0x64, 0x04, 0x38, 0x00, 0x00, 0x00, 0x00,
0x00, 0x00, 0x00, 0x00, 0x00, 0x01, 0x3A, 0x7C, 0x0E, 0xFF, 0x07, 0x01, 0x06, 0x05, 0x78, 0x85, 0x03, 0x05, 0x78, 0x85, 0x03, 0x00, 0x00, 0x08, 0x00, 0x00, 0x00, 0x00, 0x01, 0x3A, 0x7C, 0x01,
0x3A, 0xFC, 0x01, 0x3A, 0xDC, 0x01, 0x1F, 0xBC, 0x0E, 0xFF, 0x08, 0x01, 0x06, 0x52, 0x00, 0x00, 0x0A, 0x52, 0x00, 0x00, 0x04, 0x00, 0x00, 0x08, 0x00, 0x64, 0x04, 0x38, 0x00, 0x00, 0x00, 0x00,
0x00, 0x00, 0x00, 0x00, 0x00, 0x01, 0x3A, 0xBC, 0x0E, 0xFF, 0x07, 0x01, 0x06, 0x05, 0x79, 0x86, 0x03, 0x05, 0x79, 0x86, 0x03, 0x00, 0x00, 0x07, 0x00, 0x00, 0x00, 0x00, 0x01, 0x3A, 0xBC, 0x01,
0x3B, 0x3C, 0x01, 0x3B, 0x1C, 0x01, 0x1F, 0xBC, 0x0E, 0xFF, 0x08, 0x01, 0x06, 0x53, 0x00, 0x00, 0x0A, 0x53, 0x00, 0x00, 0x04, 0x00, 0x00, 0x07, 0x00, 0x64, 0x04, 0x38, 0x00, 0x00, 0x00, 0x00,
0x00, 0x00, 0x00, 0x00, 0x00, 0x01, 0x3A, 0xFC, 0x0E, 0xFF, 0x07, 0x01, 0x06, 0x05, 0x7A, 0x87, 0x03, 0x05, 0x7A, 0x87, 0x03, 0x00, 0x00, 0x06, 0x00, 0x00, 0x00, 0x00, 0x01, 0x3A, 0xFC, 0x01,
0x3B, 0x7C, 0x01, 0x3B, 0x5C, 0x01, 0x1F, 0xBC, 0x0E, 0xFF, 0x08, 0x01, 0x06, 0x54, 0x00, 0x00, 0x0A, 0x54, 0x00, 0x00, 0x04, 0x00, 0x00, 0x06, 0x00, 0x64, 0x04, 0x38, 0x00, 0x00, 0x00, 0x00,
0x00, 0x00, 0x00, 0x00, 0x00, 0x01, 0x3B, 0x3C, 0x0E, 0xFF, 0x07, 0x01, 0x06, 0x05, 0x7B, 0x88, 0x03, 0x05, 0x7B, 0x88, 0x03, 0x00, 0x00, 0x05, 0x00, 0x00, 0x00, 0x00, 0x01, 0x3B, 0x3C, 0x01,
0x3B, 0xBC, 0x01, 0x3B, 0x9C, 0x01, 0x1F, 0xBC, 0x0E, 0xFF, 0x08, 0x01, 0x06, 0x55, 0x00, 0x00, 0x0A, 0x55, 0x00, 0x00, 0x04, 0x00, 0x00, 0x05, 0x00, 0x64, 0x04, 0x38, 0x00, 0x00, 0x00, 0x00,
0x00, 0x00, 0x00, 0x00, 0x00, 0x01, 0x3B, 0x7C, 0x0E, 0xFF, 0x07, 0x01, 0x06, 0x05, 0x7C, 0x89, 0x03, 0x05, 0x7C, 0x89, 0x03, 0x00, 0x00, 0x04, 0x00, 0x00, 0x00, 0x00, 0x01, 0x3B, 0x7C, 0x01,
0x3B, 0xFC, 0x01, 0x3B, 0xDC, 0x01, 0x1F, 0xBC, 0x0E, 0xFF, 0x08, 0x01, 0x06, 0x56, 0x00, 0x00, 0x0A, 0x56, 0x00, 0x00, 0x04, 0x00, 0x00, 0x04, 0x00, 0x64, 0x04, 0x38, 0x00, 0x00, 0x00, 0x00,
0x00, 0x00, 0x00, 0x00, 0x00, 0x01, 0x3B, 0xBC, 0x0E, 0xFF, 0x07, 0x01, 0x06, 0x05, 0x7D, 0x8A, 0x03, 0x05, 0x7D, 0x8A, 0x03, 0x00, 0x00, 0x03, 0x00, 0x00, 0x00, 0x00, 0x01, 0x3B, 0xBC, 0x01,
0x3C, 0x3C, 0x01, 0x3C, 0x1C, 0x01, 0x1F, 0xBC, 0x0E, 0xFF, 0x08, 0x01, 0x06, 0x57, 0x00, 0x00, 0x0A, 0x57, 0x00, 0x00, 0x04, 0x00, 0x00, 0x03, 0x00, 0x64, 0x04, 0x38, 0x00, 0x00, 0x00, 0x00,
0x00, 0x00, 0x00, 0x00, 0x00, 0x01, 0x3B, 0xFC, 0x0E, 0xFF, 0x07, 0x01, 0x06, 0x05, 0x7E, 0x8B, 0x03, 0x05, 0x7E, 0x8B, 0x03, 0x00, 0x00, 0x02, 0x00, 0x00, 0x00, 0x00, 0x01, 0x3B, 0xFC, 0x01,
0x3C, 0x7C, 0x01, 0x3C, 0x5C, 0x01, 0x1F, 0xBC, 0x0E, 0xFF, 0x08, 0x01, 0x06, 0x58, 0x00, 0x00, 0x0A, 0x58, 0x00, 0x00, 0x04, 0x00, 0x00, 0x02, 0x00, 0x64, 0x04, 0x38, 0x00, 0x00, 0x00, 0x00,
0x00, 0x00, 0x00, 0x00, 0x00, 0x01, 0x3C, 0x3C, 0x0E, 0xFF, 0x07, 0x01, 0x06, 0x05, 0x7F, 0x8C, 0x03, 0x05, 0x7F, 0x8C, 0x03, 0x00, 0x00, 0x01, 0x00, 0x00, 0x00, 0x00, 0x01, 0x3C, 0x3C, 0x01,
0x3C, 0xBC, 0x01, 0x3C, 0x9C, 0x01, 0x1F, 0xBC, 0x0E, 0xFF, 0x08, 0x01, 0x06, 0x59, 0x00, 0x00, 0x0A, 0x59, 0x00, 0x00, 0x04, 0x00, 0x00, 0x01, 0x00, 0x64, 0x04, 0x38, 0x00, 0x00, 0x00, 0x00,
0x00, 0x00, 0x00, 0x00, 0x00, 0x01, 0x3C, 0x7C, 0x0E, 0xFF, 0x07, 0x01, 0x06, 0x05, 0x80, 0x00, 0x03, 0x05, 0x80, 0x00, 0x03, 0x00, 0x00, 0x00, 0x00, 0x00, 0x00, 0x00, 0x01, 0x3C, 0x7C, 0x00,
0x00, 0x00, 0x01, 0x3C, 0xDC, 0x01, 0x1F, 0xBC, 0x0E, 0xFF, 0x08, 0x01, 0x06, 0x5A, 0x00, 0x00, 0x0A, 0x5A, 0x00, 0x00, 0x04, 0x00, 0x00, 0x00, 0x00, 0x64, 0x04, 0x38, 0x00, 0x00, 0x00, 0x00,
0x00, 0x00, 0x00, 0x00, 0x00, 0x01, 0x3C, 0xBC, 0x00, 0xFF, 0xFF, 0x00, 0x00, 0x20, 0x20, 0x20, 0x20, 0x20, 0x20, 0x20, 0x20, 0x20, 0x20, 0x20, 0x20, 0x20, 0x20, 0x20, 0x20, 0x20, 0x20, 0x20,
0x20, 0x00, 0x20, 0x20, 0x20, 0x20, 0x20, 0x20, 0x52, 0x45, 0x47, 0x4F, 0x20, 0x36, 0x33, 0x37, 0x20, 0x20, 0x20, 0x20, 0x20, 0x20, 0x00, 0x7F, 0xB0, 0x00, 0x20, 0x20, 0x20, 0x20, 0x20, 0x20,
0x20, 0x20, 0x00, 0x20, 0x20, 0x00, 0x20, 0x2D, 0x2D, 0x20, 0x20, 0x20, 0x00, 0x20, 0x2D, 0x2D, 0x2D, 0x20, 0x20, 0x00, 0x20, 0x20, 0x20, 0x20, 0x20, 0x20, 0x20, 0x20, 0x20, 0x20, 0x20, 0x00,
0xDF, 0x00, 0x5E, 0x5E, 0x00, 0x20, 0x20, 0x20, 0x20, 0x20, 0x20, 0x20, 0x20, 0x20, 0x20, 0x20, 0x20, 0x20, 0x20, 0x20, 0x20, 0x20, 0x20, 0x00, 0x5E, 0x20, 0x20, 0x20, 0x20, 0x20, 0x20, 0x20,
0x20, 0x20, 0x20, 0x20, 0x20, 0x20, 0x20, 0x20, 0x20, 0x20, 0x20, 0x20, 0x00, 0x20, 0x20, 0x20, 0x20, 0x20, 0x20, 0x20, 0x20, 0x5E, 0x5E, 0x20, 0x20, 0x20, 0x20, 0x20, 0x20, 0x20, 0x20, 0x20,
0x20, 0x00, 0x20, 0x20, 0x20, 0x20, 0x20, 0x20, 0x20, 0x20, 0x20, 0x20, 0x20, 0x5E, 0x5E, 0x20, 0x20, 0x20, 0x20, 0x20, 0x20, 0x20, 0x00, 0x20, 0x20, 0x20, 0x20, 0x20, 0x20, 0x20, 0x20, 0x20,
0x20, 0x20, 0x20, 0x20, 0x20, 0x5E, 0x5E, 0x20, 0x20, 0x20, 0x20, 0x00, 0x20, 0x20, 0x20, 0x20, 0x20, 0x20, 0x20, 0x20, 0x20, 0x20, 0x20, 0x20, 0x20, 0x20, 0x20, 0x20, 0x20, 0x5E, 0x5E, 0x20,
0x00, 0x20, 0x20, 0x20, 0x20, 0x20, 0x20, 0x20, 0x20, 0x20, 0x20, 0x20, 0x20, 0x20, 0x20, 0x20, 0x20, 0x20, 0x20, 0x20, 0x20, 0x00, 0x5E, 0x00, 0x41, 0x64, 0x72, 0x65, 0x73, 0x73, 0x3A, 0x00,
0x20, 0x20, 0x2D, 0x2D, 0x20, 0x20, 0x00, 0x20, 0x20, 0x2D, 0x2D, 0x2D, 0x20, 0x00, 0x47, 0x54, 0x33, 0x00, 0x47, 0x54, 0x34, 0x00, 0x47, 0x54, 0x35, 0x00, 0x56, 0x56, 0x50, 0x00, 0x4B, 0x31,
0x00, 0x4B, 0x32, 0x00, 0x49, 0x2F, 0x53, 0x00, 0x46, 0x00, 0x25, 0x00, 0x31, 0x2F, 0x33, 0x00, 0x32, 0x2F, 0x33, 0x00, 0x33, 0x2F, 0x33, 0x00, 0x78, 0x3D, 0xEC, 0xF6, 0x90, 0x0A, 0x17, 0xE0,
0x64, 0x04, 0x70, 0x06, 0x90, 0x0A, 0x16, 0xE0, 0x60, 0x14, 0x90, 0x0A, 0x17, 0xE0, 0x64, 0x08, 0x70, 0x06, 0x90, 0x0A, 0x16, 0xE0, 0x60, 0x06, 0xEC, 0x70, 0x03, 0x02, 0x2F, 0x34, 0x90, 0x12,
0xF0, 0xE4, 0xF0, 0xA3, 0x74, 0x32, 0xF0, 0x90, 0x12, 0xFA, 0xE4, 0xF0, 0xA3, 0x74, 0x1E, 0xF0, 0x90, 0x12, 0xF8, 0x74, 0x02, 0xF0, 0xA3, 0x74, 0x58, 0xF0, 0x90, 0x13, 0x42, 0x74, 0x01, 0xF0,
0xA3, 0x74, 0xFE, 0xF0, 0x90, 0x13, 0x44, 0xE4, 0xF0, 0xA3, 0x74, 0x28, 0xF0, 0x90, 0x13, 0x46, 0x74, 0x01, 0xF0, 0xA3, 0x74, 0x5E, 0xF0, 0x90, 0x13, 0x54, 0xE4, 0xF0, 0xA3, 0xF0, 0x90, 0x13,
0x5A, 0xE4, 0xF0, 0xA3, 0x04, 0xF0, 0x90, 0x13, 0xC2, 0xE4, 0xF0, 0xA3, 0x74, 0x02, 0xF0, 0x90, 0x13, 0x5E, 0xE4, 0xF0, 0xA3, 0xF0, 0x90, 0x13, 0x60, 0xE4, 0xF0, 0xA3, 0xF0, 0x90, 0x13, 0x62,
0xE4, 0xF0, 0xA3, 0x04, 0xF0, 0x90, 0x13, 0x64, 0xE4, 0xF0, 0xA3, 0xF0, 0x90, 0x13, 0x66, 0xE4, 0xF0, 0xA3, 0xF0, 0x90, 0x13, 0x68, 0xE4, 0xF0, 0xA3, 0xF0, 0x90, 0x13, 0x6A, 0xE4, 0xF0, 0xA3,
0xF0, 0x90, 0x13, 0x6C, 0xE4, 0xF0, 0xA3, 0x04, 0xF0, 0x90, 0x13, 0x90, 0x74, 0x0E, 0xF0, 0xA3, 0x74, 0x10, 0xF0, 0x90, 0x13, 0x92, 0xE4, 0xF0, 0xA3, 0x74, 0xC9, 0xF0, 0x90, 0x13, 0x96, 0x74,
0x07, 0xF0, 0xA3, 0x04, 0xF0, 0x90, 0x13, 0x98, 0x74, 0x0E, 0xF0, 0xA3, 0x74, 0x10, 0xF0, 0x90, 0x13, 0x2C, 0xE4, 0xF0, 0xA3, 0x74, 0x1E, 0xF0, 0x90, 0x13, 0x70, 0x74, 0x04, 0xF0, 0xA3, 0x74,
0xB0, 0xF0, 0x90, 0x13, 0x72, 0xE4, 0xF0, 0xA3, 0x74, 0xB4, 0xF0, 0x90, 0x13, 0x74, 0xE4, 0xF0, 0xA3, 0x74, 0x3C, 0xF0, 0x90, 0x0A, 0x17, 0xE0, 0x64, 0x08, 0x70, 0x06, 0x90, 0x0A, 0x16, 0xE0,
0x60, 0x08, 0x78, 0x3D, 0xE6, 0x70, 0x03, 0x02, 0x2F, 0xF0, 0x90, 0x13, 0x36, 0xE4, 0xF0, 0xA3, 0x74, 0x64, 0xF0, 0x90, 0x13, 0x3C, 0x74, 0x04, 0xF0, 0xA3, 0x74, 0xB0, 0xF0, 0x90, 0x13, 0x48,
0x74, 0x02, 0xF0, 0xA3, 0x74, 0x8A, 0xF0, 0x90, 0x13, 0x4A, 0x74, 0x2A, 0xF0, 0xA3, 0x74, 0x30, 0xF0, 0x90, 0x13, 0x4C, 0x74, 0x07, 0xF0, 0xA3, 0x04, 0xF0, 0x90, 0x13, 0x9C, 0x74, 0x02, 0xF0,
0xA3, 0x74, 0x26, 0xF0, 0x90, 0x13, 0x9E, 0x74, 0xFF, 0xF0, 0xA3, 0x74, 0x37, 0xF0, 0x90, 0x13, 0xA0, 0x74, 0x02, 0xF0, 0xA3, 0x74, 0x3A, 0xF0, 0x90, 0x13, 0xA2, 0x74, 0x02, 0xF0, 0xA3, 0x74,
0xBC, 0xF0, 0x90, 0x13, 0xA4, 0x74, 0xFF, 0xF0, 0xA3, 0x74, 0x9C, 0xF0, 0x90, 0x13, 0xA6, 0x74, 0xFF, 0xF0, 0xA3, 0x74, 0x9C, 0xF0, 0x90, 0x13, 0xA8, 0x74, 0x04, 0xF0, 0xA3, 0x74, 0xE2, 0xF0,
0x90, 0x13, 0xAA, 0xE4, 0xF0, 0xA3, 0x74, 0x96, 0xF0, 0x90, 0x13, 0xAC, 0x74, 0x0E, 0xF0, 0xA3, 0x74, 0x10, 0xF0, 0x90, 0x13, 0xAE, 0x74, 0x03, 0xF0, 0xA3, 0x74, 0x84, 0xF0, 0x90, 0x13, 0xB0,
0x74, 0x01, 0xF0, 0xA3, 0x74, 0x2C, 0xF0, 0x90, 0x13, 0xF2, 0xE4, 0xF0, 0xA3, 0x74, 0x82, 0xF0, 0x90, 0x0A, 0x17, 0xE0, 0x64, 0x02, 0x70, 0x06, 0x90, 0x0A, 0x16, 0xE0, 0x60, 0x16, 0x90, 0x0A,
0x17, 0xE0, 0x64, 0x08, 0x70, 0x06, 0x90, 0x0A, 0x16, 0xE0, 0x60, 0x08, 0x78, 0x3D, 0xE6, 0x70, 0x03, 0x02, 0x31, 0x13, 0x90, 0x12, 0xEC, 0xE4, 0xF0, 0xA3, 0x74, 0x28, 0xF0, 0x90, 0x12, 0xEE,
0xE4, 0xF0, 0xA3, 0xF0, 0xE4, 0xFE, 0xFF, 0xC3, 0xEE, 0x94, 0x18, 0xEF, 0x94, 0x00, 0x50, 0x16, 0xEF, 0xFD, 0xEE, 0x90, 0x12, 0xFC, 0x12, 0x0B, 0x98, 0xE4, 0xF0, 0xA3, 0xF0, 0xEE, 0x24, 0x02,
0xFE, 0xE4, 0x3F, 0xFF, 0x80, 0xE1, 0x78, 0x3B, 0xEF, 0xF6, 0x08, 0xEE, 0xF6, 0x90, 0x12, 0xF2, 0xE4, 0xF0, 0xA3, 0x74, 0x28, 0xF0, 0x90, 0x12, 0xF4, 0xE4, 0xF0, 0xA3, 0xF0, 0xE4, 0xFE, 0xFF,
0xC3, 0xEE, 0x94, 0x18, 0xEF, 0x94, 0x00, 0x50, 0x16, 0xEF, 0xFD, 0xEE, 0x90, 0x12, 0xFE, 0x12, 0x0B, 0x98, 0xE4, 0xF0, 0xA3, 0xF0, 0xEE, 0x24, 0x02, 0xFE, 0xE4, 0x3F, 0xFF, 0x80, 0xE1, 0x78,
0x3B, 0xEF, 0xF6, 0x08, 0xEE, 0xF6, 0x90, 0x13, 0x2E, 0xE4, 0xF0, 0xA3, 0x74, 0xC8, 0xF0, 0x90, 0x13, 0x30, 0xE4, 0xF0, 0xA3, 0x74, 0x05, 0xF0, 0x90, 0x13, 0x32, 0xE4, 0xF0, 0xA3, 0xF0, 0x90,
0x13, 0xDA, 0xE4, 0xF0, 0xA3, 0x74, 0xC9, 0xF0, 0x90, 0x13, 0x34, 0xE4, 0xF0, 0xA3, 0x74, 0xB4, 0xF0, 0x90, 0x13, 0x38, 0x74, 0x01, 0xF0, 0xA3, 0x74, 0xE0, 0xF0, 0x90, 0x13, 0x3A, 0xE4, 0xF0,
0xA3, 0x74, 0x32, 0xF0, 0x90, 0x13, 0x3E, 0xE4, 0xF0, 0xA3, 0xF0, 0x90, 0x1B, 0x0A, 0xE4, 0xF0, 0xA3, 0xF0, 0x90, 0x13, 0x40, 0xE4, 0xF0, 0xA3, 0xF0, 0x90, 0x1B, 0x08, 0xE4, 0xF0, 0xA3, 0xF0,
0x78, 0x3B, 0xE6, 0x08, 0xE6, 0xE4, 0xFE, 0xFF, 0xC3, 0xEE, 0x94, 0x69, 0xEF, 0x94, 0x00, 0x50, 0x14, 0xEF, 0xFD, 0xEE, 0x90, 0x13, 0xFA, 0x12, 0x0B, 0x98, 0xE4, 0xF0, 0xA3, 0xF0, 0x0E, 0xBE,
0x00, 0x01, 0x0F, 0x80, 0xE3, 0x78, 0x3B, 0xEF, 0xF6, 0x08, 0xEE, 0xF6, 0x90, 0x13, 0x50, 0xE4, 0xF0, 0xA3, 0xF0, 0x90, 0x13, 0x4E, 0xE4, 0xF0, 0xA3, 0x74, 0x31, 0xF0, 0x90, 0x13, 0x52, 0xE4,
0xF0, 0xA3, 0x74, 0x33, 0xF0, 0x90, 0x13, 0x56, 0xE4, 0xF0, 0xA3, 0x74, 0x35, 0xF0, 0x7D, 0x01, 0x7C, 0xF0, 0x12, 0x6F, 0xE0, 0x02, 0x3B, 0xA0, 0x02, 0x6F, 0x2A, 0x78, 0x2D, 0x76, 0x00, 0x78,
0x2D, 0xE6, 0x24, 0xE0, 0x40, 0x29, 0x78, 0x2D, 0xE6, 0xFC, 0x12, 0xE9, 0x05, 0x78, 0x2D, 0xE6, 0x25, 0xE0, 0x24, 0x14, 0xF5, 0x82, 0xE4, 0x34, 0x1B, 0xF5, 0x83, 0xE4, 0xF0, 0xA3, 0x74, 0x05,
0xF0, 0x78, 0x2D, 0xE6, 0xFC, 0x7D, 0x02, 0x12, 0xE9, 0x96, 0x78, 0x2D, 0x06, 0x80, 0xD0, 0x7D, 0x00, 0x7C, 0x0A, 0x12, 0xE9, 0x96, 0x7D, 0x00, 0x7C, 0x0C, 0x12, 0xE9, 0x96, 0x7D, 0x00, 0x7C,
0x0D, 0x12, 0xE9, 0x96, 0x7D, 0x00, 0x7C, 0x0E, 0x12, 0xE9, 0x96, 0x7D, 0x00, 0x7C, 0x13, 0x12, 0xE9, 0x96, 0x7D, 0x01, 0x7C, 0x0B, 0x12, 0xE9, 0x96, 0x7D, 0x03, 0x7C, 0x15, 0x12, 0xE9, 0x96,
0x7D, 0x03, 0x7C, 0x0F, 0x12, 0xE9, 0x96, 0x7D, 0x03, 0x7C, 0x11, 0x12, 0xE9, 0x96, 0x7D, 0x03, 0x7C, 0x12, 0x12, 0xE9, 0x96, 0x7D, 0x03, 0x7C, 0x10, 0x12, 0xE9, 0x96, 0x7D, 0x03, 0x7C, 0x14,
0x02, 0xE9, 0x96, 0x78, 0x47, 0xEF, 0xF6, 0x08, 0xEE, 0xF6, 0x78, 0x45, 0xED, 0xF6, 0x08, 0xEC, 0xF6, 0x90, 0x12, 0xEC, 0x12, 0x0B, 0x98, 0xE0, 0xFD, 0xA3, 0xE0, 0xC3, 0x94, 0x70, 0xED, 0x64,
0x80, 0x94, 0x7E, 0x40, 0x1A, 0x78, 0x45, 0xE6, 0xFD, 0x08, 0xE6, 0x90, 0x12, 0xEC, 0x12, 0x0B, 0x98, 0xE0, 0xFD, 0xA3, 0xE0, 0xD3, 0x94, 0x78, 0xED, 0x64, 0x80, 0x94, 0x85, 0x40, 0x28, 0x78,
0x48, 0xE6, 0x25, 0xE0, 0x24, 0x14, 0xF5, 0x82, 0xE4, 0x34, 0x1B, 0xF5, 0x83, 0xE0, 0xFD, 0xA3, 0xE0, 0x4D, 0x70, 0x11, 0x78, 0x48, 0xE6, 0xFC, 0x12, 0xE9, 0x84, 0xBC, 0x00, 0x07, 0x78, 0x48,
0xE6, 0xFC, 0x12, 0xE6, 0x58, 0x80, 0x4F, 0x78, 0x45, 0xE6, 0xFD, 0x08, 0xE6, 0x90, 0x12, 0xEC, 0x12, 0x0B, 0x98, 0xE0, 0xFD, 0xA3, 0xE0, 0xD3, 0x94, 0x70, 0xED, 0x64, 0x80, 0x94, 0x7E, 0x40,
0x35, 0x78, 0x45, 0xE6, 0xFD, 0x08, 0xE6, 0x90, 0x12, 0xEC, 0x12, 0x0B, 0x98, 0xE0, 0xFD, 0xA3, 0xE0, 0xC3, 0x94, 0x78, 0xED, 0x64, 0x80, 0x94, 0x85, 0x50, 0x1B, 0x78, 0x48, 0xE6, 0xFC, 0x12,
0xE8, 0x4E, 0x78, 0x48, 0xE6, 0x25, 0xE0, 0x24, 0x14, 0xF5, 0x82, 0xE4, 0x34, 0x1B, 0xF5, 0x83, 0xE4, 0xF0, 0xA3, 0x74, 0x05, 0xF0, 0x22, 0x90, 0x00, 0x0B, 0xE0, 0x70, 0x06, 0x90, 0x00, 0x0C,
0xE0, 0x60, 0x0C, 0x74, 0x01, 0x90, 0x00, 0x12, 0xF0, 0x74, 0x01, 0x90, 0x00, 0x13, 0xF0, 0xE4, 0x90, 0x00, 0x14, 0xF0, 0x90, 0x17, 0x0A, 0xE0, 0xFD, 0xA3, 0xE0, 0xFC, 0x90, 0x13, 0xA3, 0xE0,
0xC3, 0x9C, 0x90, 0x13, 0xA2, 0xE0, 0x64, 0x80, 0xCD, 0x64, 0x80, 0xCD, 0x9D, 0x40, 0x13, 0x90, 0x00, 0x0B, 0xE0, 0x70, 0x0D, 0x90, 0x00, 0x0C, 0xE0, 0x70, 0x07, 0xE4, 0x90, 0x00, 0x12, 0xF0,
0x80, 0x06, 0x74, 0x01, 0x90, 0x00, 0x14, 0xF0, 0x90, 0x17, 0x0C, 0xE0, 0xFD, 0xA3, 0xE0, 0xFC, 0x90, 0x13, 0xA1, 0xE0, 0xC3, 0x9C, 0x90, 0x13, 0xA0, 0xE0, 0x64, 0x80, 0xCD, 0x64, 0x80, 0xCD,
0x9D, 0x40, 0x13, 0x90, 0x00, 0x0B, 0xE0, 0x70, 0x0D, 0x90, 0x00, 0x0C, 0xE0, 0x70, 0x07, 0xE4, 0x90, 0x00, 0x13, 0xF0, 0x80, 0x06, 0x74, 0x01, 0x90, 0x00, 0x14, 0xF0, 0xE4, 0xFF, 0x04, 0xFE,
0x7D, 0x02, 0x7C, 0x0A, 0x12, 0x31, 0xC3, 0xE4, 0xFF, 0x7E, 0x05, 0x7D, 0x02, 0x7C, 0x0E, 0x12, 0x31, 0xC3, 0xE4, 0xFF, 0x7E, 0x06, 0x7D, 0x02, 0x7C, 0x0F, 0x12, 0x31, 0xC3, 0xE4, 0xFF, 0x7E,
0x07, 0x7D, 0x02, 0x7C, 0x10, 0x12, 0x31, 0xC3, 0x7C, 0x07, 0x12, 0xE9, 0x84, 0xEC, 0x60, 0x0F, 0x90, 0x17, 0x0A, 0xE0, 0xFD, 0xA3, 0xE0, 0x90, 0x17, 0x0C, 0xCD, 0xF0, 0xA3, 0xCD, 0xF0, 0xE4,
0xFF, 0x7E, 0x08, 0x7D, 0x02, 0x7C, 0x11, 0x12, 0x31, 0xC3, 0xE4, 0xFF, 0x7E, 0x09, 0x7D, 0x02, 0x7C, 0x12, 0x12, 0x31, 0xC3, 0x90, 0x13, 0x5B, 0xE0, 0x20, 0xE2, 0x23, 0xE4, 0xFE, 0xFF, 0x7D,
0x02, 0x7C, 0x09, 0x12, 0x31, 0xC3, 0x7C, 0x00, 0x12, 0xE9, 0x84, 0xEC, 0x60, 0x0F, 0x90, 0x17, 0x0C, 0xE0, 0xFD, 0xA3, 0xE0, 0x90, 0x16, 0xFE, 0xCD, 0xF0, 0xA3, 0xCD, 0xF0, 0x80, 0x30, 0xD3,
0x90, 0x16, 0xFF, 0xE0, 0x94, 0x70, 0x90, 0x16, 0xFE, 0xE0, 0x64, 0x80, 0x94, 0x7E, 0x40, 0x1F, 0xC3, 0x90, 0x16, 0xFF, 0xE0, 0x94, 0x78, 0x90, 0x16, 0xFE, 0xE0, 0x64, 0x80, 0x94, 0x85, 0x50,
0x0E, 0x7C, 0x00, 0x12, 0xE8, 0x4E, 0x90, 0x1B, 0x14, 0xE4, 0xF0, 0xA3, 0x74, 0x05, 0xF0, 0xD3, 0x90, 0x17, 0x03, 0xE0, 0x94, 0x70, 0x90, 0x17, 0x02, 0xE0, 0x64, 0x80, 0x94, 0x7E, 0x40, 0x11,
0x90, 0x17, 0x02, 0xE0, 0xFD, 0xA3, 0xE0, 0x90, 0x17, 0x14, 0xCD, 0xF0, 0xA3, 0xCD, 0xF0, 0x80, 0x0F, 0x90, 0x17, 0x12, 0xE0, 0xFD, 0xA3, 0xE0, 0x90, 0x17, 0x14, 0xCD, 0xF0, 0xA3, 0xCD, 0xF0,
0xD3, 0x90, 0x17, 0x15, 0xE0, 0x94, 0x70, 0x90, 0x17, 0x14, 0xE0, 0x64, 0x80, 0x94, 0x7E, 0x40, 0x09, 0x90, 0x13, 0x5D, 0xE0, 0x44, 0x08, 0xF0, 0x80, 0x07, 0x90, 0x13, 0x5D, 0xE0, 0x54, 0xF7,
0xF0, 0x90, 0x13, 0x5B, 0xE0, 0x30, 0xE3, 0x0D, 0xE4, 0xFF, 0x7E, 0x02, 0x7D, 0x02, 0x7C, 0x14, 0x12, 0x31, 0xC3, 0x80, 0x0E, 0x7C, 0x02, 0x12, 0xE8, 0x4E, 0x90, 0x1B, 0x18, 0xE4, 0xF0, 0xA3,
0x74, 0x05, 0xF0, 0xD3, 0x90, 0x17, 0x05, 0xE0, 0x94, 0x70, 0x90, 0x17, 0x04, 0xE0, 0x64, 0x80, 0x94, 0x7E, 0x40, 0x09, 0x90, 0x13, 0x5D, 0xE0, 0x44, 0x10, 0xF0, 0x80, 0x07, 0x90, 0x13, 0x5D,
0xE0, 0x54, 0xEF, 0xF0, 0x90, 0x13, 0x5B, 0xE0, 0x30, 0xE4, 0x0D, 0xE4, 0xFF, 0x7E, 0x03, 0x7D, 0x02, 0x7C, 0x0C, 0x12, 0x31, 0xC3, 0x80, 0x0E, 0x7C, 0x03, 0x12, 0xE8, 0x4E, 0x90, 0x1B, 0x1A,
0xE4, 0xF0, 0xA3, 0x74, 0x05, 0xF0, 0xD3, 0x90, 0x17, 0x07, 0xE0, 0x94, 0x70, 0x90, 0x17, 0x06, 0xE0, 0x64, 0x80, 0x94, 0x7E, 0x40, 0x09, 0x90, 0x13, 0x5D, 0xE0, 0x44, 0x20, 0xF0, 0x80, 0x07,
0x90, 0x13, 0x5D, 0xE0, 0x54, 0xDF, 0xF0, 0x90, 0x13, 0x5B, 0xE0, 0x30, 0xE5, 0x0D, 0xE4, 0xFF, 0x7E, 0x04, 0x7D, 0x02, 0x7C, 0x0D, 0x12, 0x31, 0xC3, 0x80, 0x0E, 0x7C, 0x04, 0x12, 0xE8, 0x4E,
0x90, 0x1B, 0x1C, 0xE4, 0xF0, 0xA3, 0x74, 0x05, 0xF0, 0x90, 0x09, 0xE8, 0xE0, 0xFD, 0xA3, 0xE0, 0x4D, 0x60, 0x23, 0x90, 0x09, 0xD6, 0xE0, 0xFD, 0xA3, 0xE0, 0x4D, 0x60, 0x19, 0x90, 0x1B, 0x28,
0xE0, 0xFD, 0xA3, 0xE0, 0x4D, 0x70, 0x0D, 0x7C, 0x0A, 0x12, 0xE9, 0x84, 0xBC, 0x00, 0x05, 0x7C, 0x0A, 0x12, 0xE6, 0x58, 0x80, 0x0E, 0x7C, 0x0A, 0x12, 0xE8, 0x4E, 0x90, 0x1B, 0x28, 0xE4, 0xF0,
0xA3, 0x74, 0x05, 0xF0, 0x90, 0x09, 0xEA, 0xE0, 0xFD, 0xA3, 0xE0, 0x4D, 0x70, 0x0A, 0x90, 0x09, 0xEC, 0xE0, 0xFD, 0xA3, 0xE0, 0x4D, 0x60, 0x23, 0x90, 0x09, 0xD8, 0xE0, 0xFD, 0xA3, 0xE0, 0x4D,
0x60, 0x19, 0x90, 0x1B, 0x2A, 0xE0, 0xFD, 0xA3, 0xE0, 0x4D, 0x70, 0x0D, 0x7C, 0x0B, 0x12, 0xE9, 0x84, 0xBC, 0x00, 0x05, 0x7C, 0x0B, 0x12, 0xE6, 0x58, 0x80, 0x0E, 0x7C, 0x0B, 0x12, 0xE8, 0x4E,
0x90, 0x1B, 0x2A, 0xE4, 0xF0, 0xA3, 0x74, 0x05, 0xF0, 0x90, 0x09, 0xE6, 0xE0, 0xFD, 0xA3, 0xE0, 0x4D, 0x60, 0x23, 0x90, 0x09, 0xD4, 0xE0, 0xFD, 0xA3, 0xE0, 0x4D, 0x60, 0x19, 0x90, 0x1B, 0x2C,
0xE0, 0xFD, 0xA3, 0xE0, 0x4D, 0x70, 0x0D, 0x7C, 0x0C, 0x12, 0xE9, 0x84, 0xBC, 0x00, 0x05, 0x7C, 0x0C, 0x12, 0xE6, 0x58, 0x80, 0x0E, 0x7C, 0x0C, 0x12, 0xE8, 0x4E, 0x90, 0x1B, 0x2C, 0xE4, 0xF0,
0xA3, 0x74, 0x05, 0xF0, 0x90, 0x16, 0xDC, 0xE0, 0xFD, 0xA3, 0xE0, 0x4D, 0x60, 0x23, 0x90, 0x1A, 0xFA, 0xE0, 0xFD, 0xA3, 0xE0, 0x4D, 0x70, 0x19, 0x90, 0x1B, 0x2E, 0xE0, 0xFD, 0xA3, 0xE0, 0x4D,
0x70, 0x0D, 0x7C, 0x0D, 0x12, 0xE9, 0x84, 0xBC, 0x00, 0x05, 0x7C, 0x0D, 0x12, 0xE6, 0x58, 0x80, 0x0E, 0x7C, 0x0D, 0x12, 0xE8, 0x4E, 0x90, 0x1B, 0x2E, 0xE4, 0xF0, 0xA3, 0x74, 0x05, 0xF0, 0x90,
0x16, 0xDA, 0xE0, 0xFD, 0xA3, 0xE0, 0x4D, 0x60, 0x19, 0x90, 0x1B, 0x30, 0xE0, 0xFD, 0xA3, 0xE0, 0x4D, 0x70, 0x0D, 0x7C, 0x0E, 0x12, 0xE9, 0x84, 0xBC, 0x00, 0x05, 0x7C, 0x0E, 0x12, 0xE6, 0x58,
0x80, 0x0E, 0x7C, 0x0E, 0x12, 0xE8, 0x4E, 0x90, 0x1B, 0x30, 0xE4, 0xF0, 0xA3, 0x74, 0x02, 0xF0, 0x90, 0x16, 0xE4, 0xE0, 0xFD, 0xA3, 0xE0, 0x4D, 0x60, 0x0F, 0x7C, 0x14, 0x12, 0xE9, 0x84, 0xBC,
0x00, 0x05, 0x7C, 0x14, 0x12, 0xE6, 0x58, 0x80, 0x05, 0x7C, 0x14, 0x12, 0xE8, 0x4E, 0x90, 0x17, 0x16, 0xE0, 0xFD, 0xA3, 0xE0, 0x4D, 0x60, 0x0F, 0x7C, 0x15, 0x12, 0xE9, 0x84, 0xBC, 0x00, 0x05,
0x7C, 0x15, 0x12, 0xE6, 0x58, 0x80, 0x05, 0x7C, 0x15, 0x12, 0xE8, 0x4E, 0x90, 0x13, 0x5B, 0xE0, 0x20, 0xE2, 0x7D, 0x90, 0x13, 0xA0, 0xE0, 0xFD, 0xA3, 0xE0, 0xFC, 0x90, 0x17, 0x0D, 0xE0, 0xD3,
0x9C, 0x90, 0x17, 0x0C, 0xE0, 0x64, 0x80, 0xCD, 0x64, 0x80, 0xCD, 0x9D, 0x40, 0x31, 0x7C, 0x07, 0x12, 0xE9, 0x84, 0xBC, 0x00, 0x29, 0x90, 0x00, 0x13, 0xE0, 0x70, 0x23, 0x90, 0x16, 0xE8, 0xE0,
0xFD, 0xA3, 0xE0, 0x4D, 0x60, 0x19, 0x90, 0x1B, 0x32, 0xE0, 0xFD, 0xA3, 0xE0, 0x4D, 0x70, 0x0D, 0x7C, 0x0F, 0x12, 0xE9, 0x84, 0xBC, 0x00, 0x05, 0x7C, 0x0F, 0x12, 0xE6, 0x58, 0x80, 0x2F, 0x90,
0x13, 0xA1, 0xE0, 0x24, 0xEC, 0xFC, 0x90, 0x13, 0xA0, 0xE0, 0x34, 0xFF, 0xFD, 0x90, 0x17, 0x0D, 0xE0, 0xC3, 0x9C, 0x90, 0x17, 0x0C, 0xE0, 0x64, 0x80, 0xCD, 0x64, 0x80, 0xCD, 0x9D, 0x50, 0x0E,
0x7C, 0x0F, 0x12, 0xE8, 0x4E, 0x90, 0x1B, 0x32, 0xE4, 0xF0, 0xA3, 0x74, 0x05, 0xF0, 0x80, 0x0E, 0x7C, 0x0F, 0x12, 0xE8, 0x4E, 0x90, 0x1B, 0x32, 0xE4, 0xF0, 0xA3, 0x74, 0x05, 0xF0, 0x90, 0x13,
0xA2, 0xE0, 0xFD, 0xA3, 0xE0, 0xFC, 0x90, 0x17, 0x0B, 0xE0, 0xD3, 0x9C, 0x90, 0x17, 0x0A, 0xE0, 0x64, 0x80, 0xCD, 0x64, 0x80, 0xCD, 0x9D, 0x40, 0x27, 0x7C, 0x06, 0x12, 0xE9, 0x84, 0xBC, 0x00,
0x1F, 0x90, 0x00, 0x12, 0xE0, 0x70, 0x19, 0x90, 0x1B, 0x34, 0xE0, 0xFD, 0xA3, 0xE0, 0x4D, 0x70, 0x0D, 0x7C, 0x10, 0x12, 0xE9, 0x84, 0xBC, 0x00, 0x05, 0x7C, 0x10, 0x12, 0xE6, 0x58, 0x80, 0x2F,
0x90, 0x13, 0xA3, 0xE0, 0x24, 0xFB, 0xFC, 0x90, 0x13, 0xA2, 0xE0, 0x34, 0xFF, 0xFD, 0x90, 0x17, 0x0B, 0xE0, 0xC3, 0x9C, 0x90, 0x17, 0x0A, 0xE0, 0x64, 0x80, 0xCD, 0x64, 0x80, 0xCD, 0x9D, 0x50,
0x0E, 0x7C, 0x10, 0x12, 0xE8, 0x4E, 0x90, 0x1B, 0x34, 0xE4, 0xF0, 0xA3, 0x74, 0x05, 0xF0, 0x90, 0x17, 0x0E, 0xE0, 0xFD, 0xA3, 0xE0, 0xFC, 0x90, 0x13, 0xA5, 0xE0, 0xD3, 0x9C, 0x90, 0x13, 0xA4,
0xE0, 0x64, 0x80, 0xCD, 0x64, 0x80, 0xCD, 0x9D, 0x40, 0x21, 0x7C, 0x08, 0x12, 0xE9, 0x84, 0xBC, 0x00, 0x19, 0x90, 0x1B, 0x36, 0xE0, 0xFD, 0xA3, 0xE0, 0x4D, 0x70, 0x0D, 0x7C, 0x11, 0x12, 0xE9,
0x84, 0xBC, 0x00, 0x05, 0x7C, 0x11, 0x12, 0xE6, 0x58, 0x80, 0x37, 0x90, 0x13, 0xA5, 0xE0, 0x24, 0x05, 0xFC, 0x90, 0x13, 0xA4, 0xE0, 0x34, 0x00, 0xFD, 0x90, 0x17, 0x0F, 0xE0, 0xD3, 0x9C, 0x90,
0x17, 0x0E, 0xE0, 0x64, 0x80, 0xCD, 0x64, 0x80, 0xCD, 0x9D, 0x40, 0x16, 0x7C, 0x08, 0x12, 0xE9, 0x84, 0xBC, 0x00, 0x0E, 0x7C, 0x11, 0x12, 0xE8, 0x4E, 0x90, 0x1B, 0x36, 0xE4, 0xF0, 0xA3, 0x74,
0x32, 0xF0, 0x90, 0x17, 0x10, 0xE0, 0xFD, 0xA3, 0xE0, 0xFC, 0x90, 0x13, 0xA7, 0xE0, 0xD3, 0x9C, 0x90, 0x13, 0xA6, 0xE0, 0x64, 0x80, 0xCD, 0x64, 0x80, 0xCD, 0x9D, 0x40, 0x21, 0x7C, 0x09, 0x12,
0xE9, 0x84, 0xBC, 0x00, 0x19, 0x90, 0x1B, 0x38, 0xE0, 0xFD, 0xA3, 0xE0, 0x4D, 0x70, 0x0D, 0x7C, 0x12, 0x12, 0xE9, 0x84, 0xBC, 0x00, 0x05, 0x7C, 0x12, 0x12, 0xE6, 0x58, 0x80, 0x37, 0x90, 0x13,
0xA7, 0xE0, 0x24, 0x05, 0xFC, 0x90, 0x13, 0xA6, 0xE0, 0x34, 0x00, 0xFD, 0x90, 0x17, 0x11, 0xE0, 0xD3, 0x9C, 0x90, 0x17, 0x10, 0xE0, 0x64, 0x80, 0xCD, 0x64, 0x80, 0xCD, 0x9D, 0x40, 0x16, 0x7C,
0x09, 0x12, 0xE9, 0x84, 0xBC, 0x00, 0x0E, 0x7C, 0x12, 0x12, 0xE8, 0x4E, 0x90, 0x1B, 0x38, 0xE4, 0xF0, 0xA3, 0x74, 0x32, 0xF0, 0x90, 0x13, 0xA8, 0xE0, 0xFD, 0xA3, 0xE0, 0xFC, 0x90, 0x17, 0x09,
0xE0, 0xD3, 0x9C, 0x90, 0x17, 0x08, 0xE0, 0x64, 0x80, 0xCD, 0x64, 0x80, 0xCD, 0x9D, 0x40, 0x21, 0x7C, 0x05, 0x12, 0xE9, 0x84, 0xBC, 0x00, 0x19, 0x90, 0x1B, 0x3A, 0xE0, 0xFD, 0xA3, 0xE0, 0x4D,
0x70, 0x0D, 0x7C, 0x13, 0x12, 0xE9, 0x84, 0xBC, 0x00, 0x05, 0x7C, 0x13, 0x12, 0xE6, 0x58, 0x80, 0x37, 0x90, 0x13, 0xA9, 0xE0, 0x24, 0xFB, 0xFC, 0x90, 0x13, 0xA8, 0xE0, 0x34, 0xFF, 0xFD, 0x90,
0x17, 0x09, 0xE0, 0xC3, 0x9C, 0x90, 0x17, 0x08, 0xE0, 0x64, 0x80, 0xCD, 0x64, 0x80, 0xCD, 0x9D, 0x50, 0x16, 0x7C, 0x05, 0x12, 0xE9, 0x84, 0xBC, 0x00, 0x0E, 0x7C, 0x13, 0x12, 0xE8, 0x4E, 0x90,
0x1B, 0x3A, 0xE4, 0xF0, 0xA3, 0x74, 0x05, 0xF0, 0x90, 0x17, 0x0A, 0xE0, 0xFD, 0xA3, 0xE0, 0xC3, 0x90, 0x17, 0x0D, 0xFE, 0xE0, 0xCE, 0x9E, 0x78, 0x4A, 0xF6, 0x90, 0x17, 0x0C, 0xE0, 0xFE, 0xED,
0x9E, 0x18, 0xF6, 0x78, 0x49, 0xE6, 0xFD, 0x08, 0xE6, 0xFC, 0x90, 0x13, 0xF3, 0xE0, 0xC3, 0x9C, 0x90, 0x13, 0xF2, 0xE0, 0x64, 0x80, 0xCD, 0x64, 0x80, 0xCD, 0x9D, 0x50, 0x2B, 0x90, 0x1B, 0x04,
0xE0, 0xFD, 0xA3, 0xE0, 0x4D, 0x70, 0x21, 0x7C, 0x16, 0x12, 0xE9, 0x84, 0xBC, 0x00, 0x19, 0x90, 0x1B, 0x40, 0xE0, 0xFD, 0xA3, 0xE0, 0x4D, 0x70, 0x0D, 0x7C, 0x16, 0x12, 0xE9, 0x84, 0xBC, 0x00,
0x05, 0x7C, 0x16, 0x12, 0xE6, 0x58, 0x80, 0x28, 0x78, 0x49, 0xE6, 0xFD, 0x08, 0xE6, 0xFC, 0x90, 0x13, 0xF3, 0xE0, 0xD3, 0x9C, 0x90, 0x13, 0xF2, 0xE0, 0x64, 0x80, 0xCD, 0x64, 0x80, 0xCD, 0x9D,
0x40, 0x0E, 0x7C, 0x16, 0x12, 0xE8, 0x4E, 0x90, 0x1B, 0x40, 0xE4, 0xF0, 0xA3, 0x74, 0x05, 0xF0, 0x90, 0x16, 0xDE, 0xE0, 0xFD, 0xA3, 0xE0, 0x4D, 0x60, 0x09, 0x90, 0x13, 0x5D, 0xE0, 0x44, 0x40,
0xF0, 0x80, 0x07, 0x90, 0x13, 0x5D, 0xE0, 0x54, 0xBF, 0xF0, 0x22, 0x90, 0x09, 0xAA, 0xE0, 0xFD, 0xA3, 0xE0, 0x7C, 0x04, 0xCD, 0xC3, 0x13, 0xCD, 0x13, 0xDC, 0xF9, 0x75, 0xF0, 0x0A, 0xA4, 0xFC,
0x90, 0x09, 0xAB, 0xE0, 0x54, 0x0F, 0x2C, 0x78, 0x3B, 0xF6, 0x78, 0x3B, 0xE6, 0x75, 0xF0, 0x06, 0x84, 0xE5, 0xF0, 0x60, 0x03, 0x02, 0x3B, 0x9A, 0x90, 0x1B, 0xE1, 0xE0, 0x60, 0x03, 0x02, 0x3B,
0x98, 0xC3, 0x90, 0x13, 0x7B, 0xE0, 0x94, 0x09, 0x90, 0x13, 0x7A, 0xE0, 0x94, 0x00, 0x50, 0x11, 0x90, 0x13, 0x7B, 0xE0, 0x04, 0xFC, 0x90, 0x13, 0x7A, 0xE0, 0xBC, 0x00, 0x01, 0x04, 0xFD, 0x80,
0x03, 0xE4, 0xFC, 0xFD, 0x90, 0x13, 0x7A, 0xED, 0xF0, 0xA3, 0xEC, 0xF0, 0x90, 0x13, 0x7A, 0xE0, 0xFD, 0xA3, 0xE0, 0x4D, 0x70, 0x0E, 0x90, 0x13, 0x79, 0xE0, 0x04, 0xF0, 0x90, 0x13, 0x78, 0x70,
0x03, 0xE0, 0x04, 0xF0, 0x90, 0x16, 0xE8, 0xE0, 0xFD, 0xA3, 0xE0, 0x4D, 0x60, 0x4D, 0x90, 0x16, 0xF6, 0xE0, 0xFD, 0xA3, 0xE0, 0x4D, 0x70, 0x43, 0xC3, 0x90, 0x13, 0x7F, 0xE0, 0x94, 0x09, 0x90,
0x13, 0x7E, 0xE0, 0x94, 0x00, 0x50, 0x11, 0x90, 0x13, 0x7F, 0xE0, 0x04, 0xFC, 0x90, 0x13, 0x7E, 0xE0, 0xBC, 0x00, 0x01, 0x04, 0xFD, 0x80, 0x03, 0xE4, 0xFC, 0xFD, 0x90, 0x13, 0x7E, 0xED, 0xF0,
0xA3, 0xEC, 0xF0, 0x90, 0x13, 0x7E, 0xE0, 0xFD, 0xA3, 0xE0, 0x4D, 0x70, 0x0E, 0x90, 0x13, 0x7D, 0xE0, 0x04, 0xF0, 0x90, 0x13, 0x7C, 0x70, 0x03, 0xE0, 0x04, 0xF0, 0x90, 0x16, 0xE8, 0xE0, 0xFD,
0xA3, 0xE0, 0x4D, 0x60, 0x4D, 0x90, 0x16, 0xF6, 0xE0, 0xFD, 0xA3, 0xE0, 0x4D, 0x60, 0x43, 0xC3, 0x90, 0x13, 0x83, 0xE0, 0x94, 0x09, 0x90, 0x13, 0x82, 0xE0, 0x94, 0x00, 0x50, 0x11, 0x90, 0x13,
0x83, 0xE0, 0x04, 0xFC, 0x90, 0x13, 0x82, 0xE0, 0xBC, 0x00, 0x01, 0x04, 0xFD, 0x80, 0x03, 0xE4, 0xFC, 0xFD, 0x90, 0x13, 0x82, 0xED, 0xF0, 0xA3, 0xEC, 0xF0, 0x90, 0x13, 0x82, 0xE0, 0xFD, 0xA3,
0xE0, 0x4D, 0x70, 0x0E, 0x90, 0x13, 0x81, 0xE0, 0x04, 0xF0, 0x90, 0x13, 0x80, 0x70, 0x03, 0xE0, 0x04, 0xF0, 0x90, 0x16, 0xEA, 0xE0, 0xFD, 0xA3, 0xE0, 0x4D, 0x70, 0x0A, 0x90, 0x16, 0xEC, 0xE0,
0xFD, 0xA3, 0xE0, 0x4D, 0x60, 0x4D, 0x90, 0x16, 0xF6, 0xE0, 0xFD, 0xA3, 0xE0, 0x4D, 0x70, 0x43, 0xC3, 0x90, 0x13, 0x87, 0xE0, 0x94, 0x09, 0x90, 0x13, 0x86, 0xE0, 0x94, 0x00, 0x50, 0x11, 0x90,
0x13, 0x87, 0xE0, 0x04, 0xFC, 0x90, 0x13, 0x86, 0xE0, 0xBC, 0x00, 0x01, 0x04, 0xFD, 0x80, 0x03, 0xE4, 0xFC, 0xFD, 0x90, 0x13, 0x86, 0xED, 0xF0, 0xA3, 0xEC, 0xF0, 0x90, 0x13, 0x86, 0xE0, 0xFD,
0xA3, 0xE0, 0x4D, 0x70, 0x0E, 0x90, 0x13, 0x85, 0xE0, 0x04, 0xF0, 0x90, 0x13, 0x84, 0x70, 0x03, 0xE0, 0x04, 0xF0, 0x90, 0x16, 0xEA, 0xE0, 0xFD, 0xA3, 0xE0, 0x4D, 0x70, 0x0A, 0x90, 0x16, 0xEC,
0xE0, 0xFD, 0xA3, 0xE0, 0x4D, 0x60, 0x4D, 0x90, 0x16, 0xF6, 0xE0, 0xFD, 0xA3, 0xE0, 0x4D, 0x60, 0x43, 0xC3, 0x90, 0x13, 0x8B, 0xE0, 0x94, 0x09, 0x90, 0x13, 0x8A, 0xE0, 0x94, 0x00, 0x50, 0x11,
0x90, 0x13, 0x8B, 0xE0, 0x04, 0xFC, 0x90, 0x13, 0x8A, 0xE0, 0xBC, 0x00, 0x01, 0x04, 0xFD, 0x80, 0x03, 0xE4, 0xFC, 0xFD, 0x90, 0x13, 0x8A, 0xED, 0xF0, 0xA3, 0xEC, 0xF0, 0x90, 0x13, 0x8A, 0xE0,
0xFD, 0xA3, 0xE0, 0x4D, 0x70, 0x0E, 0x90, 0x13, 0x89, 0xE0, 0x04, 0xF0, 0x90, 0x13, 0x88, 0x70, 0x03, 0xE0, 0x04, 0xF0, 0x78, 0x3B, 0xE6, 0x60, 0x03, 0x02, 0x3B, 0x92, 0x90, 0x13, 0x7A, 0xE0,
0xFF, 0xA3, 0xE0, 0xFE, 0xE4, 0xFD, 0x7C, 0x47, 0x12, 0x73, 0xC6, 0x90, 0x13, 0x78, 0xE0, 0xFF, 0xA3, 0xE0, 0xFE, 0xE4, 0xFD, 0x7C, 0x46, 0x12, 0x73, 0xC6, 0x90, 0x13, 0x7E, 0xE0, 0xFF, 0xA3,
0xE0, 0xFE, 0xE4, 0xFD, 0x7C, 0x49, 0x12, 0x73, 0xC6, 0x90, 0x13, 0x7C, 0xE0, 0xFF, 0xA3, 0xE0, 0xFE, 0xE4, 0xFD, 0x7C, 0x48, 0x12, 0x73, 0xC6, 0x90, 0x13, 0x82, 0xE0, 0xFF, 0xA3, 0xE0, 0xFE,
0xE4, 0xFD, 0x7C, 0x4B, 0x12, 0x73, 0xC6, 0x90, 0x13, 0x80, 0xE0, 0xFF, 0xA3, 0xE0, 0xFE, 0xE4, 0xFD, 0x7C, 0x4A, 0x12, 0x73, 0xC6, 0x90, 0x13, 0x86, 0xE0, 0xFF, 0xA3, 0xE0, 0xFE, 0xE4, 0xFD,
0x7C, 0x4D, 0x12, 0x73, 0xC6, 0x90, 0x13, 0x84, 0xE0, 0xFF, 0xA3, 0xE0, 0xFE, 0xE4, 0xFD, 0x7C, 0x4C, 0x12, 0x73, 0xC6, 0x90, 0x13, 0x8A, 0xE0, 0xFF, 0xA3, 0xE0, 0xFE, 0xE4, 0xFD, 0x7C, 0x4F,
0x12, 0x73, 0xC6, 0x90, 0x13, 0x88, 0xE0, 0xFF, 0xA3, 0xE0, 0xFE, 0xE4, 0xFD, 0x7C, 0x4E, 0x12, 0x73, 0xC6, 0x74, 0x01, 0x90, 0x1B, 0xE1, 0xF0, 0x80, 0x05, 0xE4, 0x90, 0x1B, 0xE1, 0xF0, 0x22,
0x90, 0x13, 0x74, 0xE0, 0xFD, 0xA3, 0xE0, 0xFC, 0xE4, 0xFB, 0x7A, 0x64, 0x12, 0x01, 0x36, 0xE4, 0xFB, 0x7A, 0x3C, 0x12, 0x01, 0xC3, 0xE4, 0xFB, 0x7A, 0x14, 0x12, 0x01, 0x3A, 0xE4, 0xFB, 0x7A,
0x64, 0x12, 0x01, 0xC3, 0x90, 0x13, 0xB6, 0xE9, 0xF0, 0xA3, 0xE8, 0xF0, 0x90, 0x13, 0x70, 0xE0, 0xFD, 0xA3, 0xE0, 0xFC, 0xE4, 0xFB, 0x7A, 0x3C, 0x12, 0x01, 0xB2, 0xE4, 0xFB, 0x7A, 0x14, 0x12,
0x01, 0x3A, 0x90, 0x13, 0xB8, 0xE9, 0xF0, 0xA3, 0xE8, 0xF0, 0x90, 0x13, 0x72, 0xE0, 0xFD, 0xA3, 0xE0, 0xFC, 0xE4, 0xFB, 0x7A, 0x3C, 0x12, 0x01, 0xB2, 0xE4, 0xFB, 0x7A, 0x14, 0x12, 0x01, 0x3A,
0x90, 0x13, 0xBA, 0xE9, 0xF0, 0xA3, 0xE8, 0xF0, 0x90, 0x13, 0x70, 0xE0, 0xFD, 0xA3, 0xE0, 0xFC, 0xE4, 0xFE, 0xFF, 0xE4, 0xFA, 0xFB, 0x79, 0x8C, 0x78, 0xA0, 0x12, 0x03, 0xB3, 0x90, 0x13, 0xBC,
0xED, 0xF0, 0xA3, 0xEC, 0xF0, 0x90, 0x13, 0x72, 0xE0, 0xFD, 0xA3, 0xE0, 0xFC, 0xE4, 0xFE, 0xFF, 0xE4, 0xFA, 0xFB, 0x79, 0x8C, 0x78, 0xA0, 0x12, 0x03, 0xB3, 0x90, 0x13, 0xBE, 0xED, 0xF0, 0xA3,
0xEC, 0xF0, 0x90, 0x13, 0xBC, 0xE0, 0xFF, 0xA3, 0xE0, 0xFE, 0xE4, 0xFD, 0x7C, 0x68, 0x12, 0x73, 0xC6, 0x90, 0x13, 0xBE, 0xE0, 0xFF, 0xA3, 0xE0, 0xFE, 0xE4, 0xFD, 0x7C, 0x69, 0x12, 0x73, 0xC6,
0x90, 0x13, 0xB6, 0xE0, 0xFF, 0xA3, 0xE0, 0xFE, 0xE4, 0xFD, 0x7C, 0x65, 0x12, 0x73, 0xC6, 0x90, 0x13, 0xB8, 0xE0, 0xFF, 0xA3, 0xE0, 0xFE, 0xE4, 0xFD, 0x7C, 0x66, 0x12, 0x73, 0xC6, 0x90, 0x13,
0xBA, 0xE0, 0xFF, 0xA3, 0xE0, 0xFE, 0xE4, 0xFD, 0x7C, 0x67, 0x02, 0x73, 0xC6, 0x78, 0x25, 0xED, 0xF6, 0x08, 0xEC, 0xF6, 0x64, 0xEF, 0x70, 0x03, 0xED, 0x64, 0xD8, 0x70, 0x05, 0xE4, 0x90, 0x00,
0x1A, 0xF0, 0x90, 0x13, 0x2C, 0xE0, 0xFD, 0xA3, 0xE0, 0xFC, 0xE4, 0xFB, 0x7A, 0x02, 0x12, 0x01, 0x4F, 0xE8, 0xFC, 0xE9, 0xFD, 0x78, 0x26, 0xEC, 0xC3, 0x96, 0x18, 0xE6, 0x64, 0x80, 0xCD, 0x64,
0x80, 0x9D, 0x50, 0x4A, 0x90, 0x00, 0x1A, 0xE0, 0x24, 0xC4, 0x40, 0x40, 0x78, 0x68, 0xE6, 0x08, 0x46, 0x70, 0x39, 0x90, 0x13, 0xB8, 0xE0, 0xFD, 0xA3, 0xE0, 0x78, 0x69, 0xF6, 0xED, 0x18, 0xF6,
0x90, 0x13, 0xB7, 0xE0, 0x78, 0x66, 0xF6, 0x90, 0x00, 0x1A, 0xE0, 0x04, 0xF0, 0x90, 0x16, 0xEE, 0xE4, 0xF0, 0xA3, 0x04, 0xF0, 0x90, 0x16, 0xF0, 0xE4, 0xF0, 0xA3, 0xF0, 0x90, 0x13, 0xB4, 0xE4,
0xF0, 0xA3, 0x04, 0xF0, 0x90, 0x13, 0x76, 0xE4, 0xF0, 0xA3, 0x04, 0xF0, 0x80, 0x7C, 0x90, 0x13, 0x2C, 0xE0, 0xFD, 0xA3, 0xE0, 0xFC, 0xE4, 0xFB, 0x7A, 0x02, 0x12, 0x01, 0x4F, 0xC3, 0xE4, 0x98,
0xFC, 0xE4, 0x99, 0xF9, 0xFD, 0x78, 0x26, 0xEC, 0xD3, 0x96, 0x18, 0xE6, 0x64, 0x80, 0xCD, 0x64, 0x80, 0x9D, 0x40, 0x41, 0x90, 0x00, 0x1A, 0xE0, 0x60, 0x39, 0x78, 0x68, 0xE6, 0x08, 0x46, 0x70,
0x32, 0x90, 0x13, 0xBA, 0xE0, 0xFD, 0xA3, 0xE0, 0x78, 0x69, 0xF6, 0xED, 0x18, 0xF6, 0x90, 0x13, 0xB7, 0xE0, 0x78, 0x67, 0xF6, 0x90, 0x00, 0x1A, 0xE0, 0x14, 0xF0, 0x90, 0x16, 0xF0, 0xE4, 0xF0,
0xA3, 0x04, 0xF0, 0x90, 0x16, 0xEE, 0xE4, 0xF0, 0xA3, 0xF0, 0x90, 0x13, 0xB4, 0xE4, 0xF0, 0xA3, 0x74, 0x02, 0xF0, 0x80, 0x15, 0x90, 0x16, 0xEE, 0xE4, 0xF0, 0xA3, 0xF0, 0x90, 0x16, 0xF0, 0xE4,
0xF0, 0xA3, 0xF0, 0x90, 0x13, 0xB4, 0xE4, 0xF0, 0xA3, 0xF0, 0x90, 0x00, 0x1A, 0xE0, 0x70, 0x23, 0x90, 0x16, 0xEE, 0xE4, 0xF0, 0xA3, 0xF0, 0x90, 0x16, 0xF0, 0xE4, 0xF0, 0xA3, 0x04, 0xF0, 0x78,
0x67, 0x76, 0x14, 0x90, 0x13, 0x76, 0xE4, 0xF0, 0xA3, 0xF0, 0x90, 0x13, 0xB4, 0xE4, 0xF0, 0xA3, 0x74, 0x02, 0xF0, 0x90, 0x00, 0x1A, 0xE0, 0xB4, 0x3C, 0x1B, 0x90, 0x16, 0xEE, 0xE4, 0xF0, 0xA3,
0x04, 0xF0, 0x90, 0x16, 0xF0, 0xE4, 0xF0, 0xA3, 0xF0, 0x78, 0x66, 0x76, 0x14, 0x90, 0x13, 0xB4, 0xE4, 0xF0, 0xA3, 0x04, 0xF0, 0x90, 0x00, 0x1A, 0xE0, 0x7D, 0x00, 0x90, 0x17, 0x18, 0xCD, 0xF0,
0xA3, 0xCD, 0xF0, 0x22, 0x78, 0x27, 0xEF, 0xF6, 0x08, 0xEE, 0xF6, 0x78, 0x25, 0xED, 0xF6, 0x08, 0xEC, 0xF6, 0x64, 0xEF, 0x70, 0x03, 0xED, 0x64, 0xD8, 0x70, 0x0F, 0x90, 0x1B, 0xE2, 0xE4, 0xF0,
0xA3, 0xF0, 0xA3, 0x74, 0x02, 0xF0, 0xA3, 0x74, 0xD0, 0xF0, 0x78, 0x26, 0xE6, 0x64, 0xEE, 0x70, 0x04, 0x18, 0xE6, 0x64, 0xD8, 0x70, 0x0D, 0x90, 0x1B, 0xE2, 0xE4, 0xF0, 0xA3, 0xF0, 0xA3, 0xF0,
0xA3, 0xF0, 0x80, 0x6E, 0x78, 0x2A, 0xC3, 0xE4, 0x96, 0xFD, 0x18, 0xE4, 0x96, 0xCD, 0x78, 0x26, 0xD3, 0x96, 0x18, 0xE6, 0x64, 0x80, 0xCD, 0x64, 0x80, 0x9D, 0x40, 0x20, 0x78, 0x65, 0xE6, 0x7D,
0x00, 0x90, 0x13, 0xBE, 0xFC, 0xE0, 0xFB, 0xA3, 0xE0, 0xFA, 0x12, 0x01, 0x36, 0xE8, 0xFC, 0xE9, 0xFD, 0xE4, 0xFE, 0xFF, 0x90, 0x1B, 0xE2, 0x12, 0x05, 0xF7, 0x80, 0x36, 0x78, 0x28, 0xC3, 0xE4,
0x96, 0xFD, 0x18, 0xE4, 0x96, 0xCD, 0x78, 0x26, 0xC3, 0x96, 0x18, 0xE6, 0x64, 0x80, 0xCD, 0x64, 0x80, 0x9D, 0x50, 0x1E, 0x78, 0x65, 0xE6, 0x7D, 0x00, 0x90, 0x13, 0xBC, 0xFC, 0xE0, 0xFB, 0xA3,
0xE0, 0xFA, 0x12, 0x01, 0x36, 0xE8, 0xFC, 0xE9, 0xFD, 0xE4, 0xFE, 0xFF, 0x90, 0x1B, 0xE2, 0x12, 0x05, 0xF1, 0x90, 0x1B, 0xE2, 0x12, 0x0B, 0xD5, 0xEF, 0x30, 0xE7, 0x0B, 0x90, 0x1B, 0xE2, 0xE4,
0xF0, 0xA3, 0xF0, 0xA3, 0xF0, 0xA3, 0xF0, 0x90, 0x1B, 0xE2, 0x12, 0x0B, 0xD5, 0xE4, 0xFB, 0x7A, 0x0A, 0x78, 0x80, 0x79, 0xFC, 0x74, 0x06, 0x12, 0x04, 0x16, 0x70, 0x11, 0x90, 0x1B, 0xE2, 0xE4,
0xF0, 0xA3, 0x74, 0x0A, 0xF0, 0xA3, 0x74, 0xFC, 0xF0, 0xA3, 0x74, 0x80, 0xF0, 0x90, 0x1B, 0xE2, 0x12, 0x0B, 0xD5, 0xE4, 0xFA, 0xFB, 0x79, 0x02, 0x78, 0xD0, 0x12, 0x03, 0xB6, 0x90, 0x1B, 0xE6,
0xED, 0xF0, 0xA3, 0xEC, 0xF0, 0x78, 0x65, 0x76, 0x00, 0x90, 0x13, 0xC3, 0xE0, 0x64, 0x02, 0x70, 0x06, 0x90, 0x13, 0xC2, 0xE0, 0x60, 0x0D, 0x90, 0x1A, 0xEE, 0xE0, 0xFD, 0xA3, 0xE0, 0x4D, 0x60,
0x03, 0x02, 0x3F, 0xA8, 0xC3, 0x90, 0x1B, 0xE7, 0xE0, 0x94, 0xFA, 0x90, 0x1B, 0xE6, 0xE0, 0x64, 0x80, 0x94, 0x80, 0x50, 0x0E, 0x90, 0x16, 0xEA, 0xE4, 0xF0, 0xA3, 0xF0, 0x90, 0x16, 0xEC, 0xE4,
0xF0, 0xA3, 0xF0, 0xC3, 0x90, 0x1B, 0xE9, 0xE0, 0x94, 0xF4, 0x90, 0x1B, 0xE8, 0xE0, 0x64, 0x80, 0x94, 0x81, 0x50, 0x20, 0xC3, 0x90, 0x1B, 0xE7, 0xE0, 0x94, 0xF4, 0x90, 0x1B, 0xE6, 0xE0, 0x64,
0x80, 0x94, 0x81, 0x40, 0x0F, 0x90, 0x16, 0xEA, 0xE4, 0xF0, 0xA3, 0x04, 0xF0, 0x90, 0x16, 0xEC, 0xE4, 0xF0, 0xA3, 0xF0, 0xD3, 0x90, 0x1B, 0xE7, 0xE0, 0x94, 0xEE, 0x90, 0x1B, 0xE6, 0xE0, 0x64,
0x80, 0x94, 0x82, 0x50, 0x20, 0xD3, 0x90, 0x1B, 0xE9, 0xE0, 0x94, 0xEE, 0x90, 0x1B, 0xE8, 0xE0, 0x64, 0x80, 0x94, 0x82, 0x40, 0x0F, 0x90, 0x16, 0xEA, 0xE4, 0xF0, 0xA3, 0x04, 0xF0, 0x90, 0x16,
0xEC, 0xE4, 0xF0, 0xA3, 0xF0, 0xC3, 0x90, 0x1B, 0xE7, 0xE0, 0x94, 0xDE, 0x90, 0x1B, 0xE6, 0xE0, 0x64, 0x80, 0x94, 0x83, 0x40, 0x0F, 0x90, 0x16, 0xEA, 0xE4, 0xF0, 0xA3, 0xF0, 0x90, 0x16, 0xEC,
0xE4, 0xF0, 0xA3, 0x04, 0xF0, 0x02, 0x40, 0xFE, 0x90, 0x13, 0xC3, 0xE0, 0x64, 0x04, 0x70, 0x04, 0x90, 0x13, 0xC2, 0xE0, 0x60, 0x03, 0x02, 0x40, 0xBF, 0xC3, 0x90, 0x1B, 0xE7, 0xE0, 0x94, 0xA5,
0x90, 0x1B, 0xE6, 0xE0, 0x64, 0x80, 0x94, 0x80, 0x50, 0x0E, 0x90, 0x16, 0xEA, 0xE4, 0xF0, 0xA3, 0xF0, 0x90, 0x16, 0xEC, 0xE4, 0xF0, 0xA3, 0xF0, 0xC3, 0x90, 0x1B, 0xE9, 0xE0, 0x94, 0x4D, 0x90,
0x1B, 0xE8, 0xE0, 0x64, 0x80, 0x94, 0x81, 0x50, 0x20, 0xC3, 0x90, 0x1B, 0xE7, 0xE0, 0x94, 0x4D, 0x90, 0x1B, 0xE6, 0xE0, 0x64, 0x80, 0x94, 0x81, 0x40, 0x0F, 0x90, 0x16, 0xEA, 0xE4, 0xF0, 0xA3,
0x04, 0xF0, 0x90, 0x16, 0xEC, 0xE4, 0xF0, 0xA3, 0xF0, 0xC3, 0x90, 0x1B, 0xE9, 0xE0, 0x94, 0x9A, 0x90, 0x1B, 0xE8, 0xE0, 0x64, 0x80, 0x94, 0x82, 0x50, 0x20, 0xC3, 0x90, 0x1B, 0xE7, 0xE0, 0x94,
0x9A, 0x90, 0x1B, 0xE6, 0xE0, 0x64, 0x80, 0x94, 0x82, 0x40, 0x0F, 0x90, 0x16, 0xEA, 0xE4, 0xF0, 0xA3, 0xF0, 0x90, 0x16, 0xEC, 0xE4, 0xF0, 0xA3, 0x04, 0xF0, 0xD3, 0x90, 0x1B, 0xE7, 0xE0, 0x94,
0xEF, 0x90, 0x1B, 0xE6, 0xE0, 0x64, 0x80, 0x94, 0x81, 0x50, 0x20, 0xD3, 0x90, 0x1B, 0xE9, 0xE0, 0x94, 0xEF, 0x90, 0x1B, 0xE8, 0xE0, 0x64, 0x80, 0x94, 0x81, 0x40, 0x0F, 0x90, 0x16, 0xEA, 0xE4,
0xF0, 0xA3, 0x04, 0xF0, 0x90, 0x16, 0xEC, 0xE4, 0xF0, 0xA3, 0xF0, 0xD3, 0x90, 0x1B, 0xE7, 0xE0, 0x94, 0x39, 0x90, 0x1B, 0xE6, 0xE0, 0x64, 0x80, 0x94, 0x83, 0x50, 0x20, 0xD3, 0x90, 0x1B, 0xE9,
0xE0, 0x94, 0x39, 0x90, 0x1B, 0xE8, 0xE0, 0x64, 0x80, 0x94, 0x83, 0x40, 0x0F, 0x90, 0x16, 0xEA, 0xE4, 0xF0, 0xA3, 0xF0, 0x90, 0x16, 0xEC, 0xE4, 0xF0, 0xA3, 0x04, 0xF0, 0xC3, 0x90, 0x1B, 0xE7,
0xE0, 0x94, 0xDE, 0x90, 0x1B, 0xE6, 0xE0, 0x64, 0x80, 0x94, 0x83, 0x40, 0x10, 0x90, 0x16, 0xEA, 0xE4, 0xF0, 0xA3, 0x04, 0xF0, 0x90, 0x16, 0xEC, 0xE4, 0xF0, 0xA3, 0x04, 0xF0, 0x80, 0x3F, 0xC3,
0x90, 0x1B, 0xE7, 0xE0, 0x94, 0xF4, 0x90, 0x1B, 0xE6, 0xE0, 0x64, 0x80, 0x94, 0x81, 0x50, 0x0E, 0x90, 0x16, 0xEA, 0xE4, 0xF0, 0xA3, 0xF0, 0x90, 0x16, 0xEC, 0xE4, 0xF0, 0xA3, 0xF0, 0xC3, 0x90,
0x1B, 0xE7, 0xE0, 0x94, 0xDE, 0x90, 0x1B, 0xE6, 0xE0, 0x64, 0x80, 0x94, 0x83, 0x40, 0x0F, 0x90, 0x16, 0xEA, 0xE4, 0xF0, 0xA3, 0x04, 0xF0, 0x90, 0x16, 0xEC, 0xE4, 0xF0, 0xA3, 0xF0, 0x90, 0x1B,
0xE6, 0xE0, 0xFD, 0xA3, 0xE0, 0x90, 0x1B, 0xE8, 0xCD, 0xF0, 0xA3, 0xCD, 0xF0, 0x90, 0x1B, 0xE6, 0xE0, 0xFD, 0xA3, 0xE0, 0x90, 0x13, 0xC4, 0xCD, 0xF0, 0xA3, 0xCD, 0xF0, 0x22, 0x90, 0x17, 0x00,
0xE0, 0xFD, 0xA3, 0xE0, 0xFC, 0x90, 0x13, 0x93, 0xE0, 0xD3, 0x9C, 0x90, 0x13, 0x92, 0xE0, 0x64, 0x80, 0xCD, 0x64, 0x80, 0xCD, 0x9D, 0x50, 0x11, 0x90, 0x13, 0x93, 0xE0, 0x64, 0xC9, 0x70, 0x04,
0x90, 0x13, 0x92, 0xE0, 0x60, 0x03, 0x02, 0x45, 0xEA, 0x90, 0x00, 0x16, 0xE0, 0x60, 0x03, 0x02, 0x45, 0xEA, 0x7C, 0x07, 0x12, 0xE9, 0x84, 0xBC, 0x00, 0x02, 0x80, 0x03, 0x02, 0x45, 0xEA, 0x90,
0x16, 0xEA, 0xE0, 0xFD, 0xA3, 0xE0, 0x4D, 0x70, 0x0A, 0x90, 0x1A, 0xEC, 0xE0, 0xFD, 0xA3, 0xE0, 0x4D, 0x70, 0x1A, 0x90, 0x00, 0x08, 0xE0, 0x60, 0x14, 0x90, 0x16, 0xE8, 0xE0, 0xFD, 0xA3, 0xE0,
0x4D, 0x70, 0x19, 0x90, 0x1A, 0xEE, 0xE0, 0xFD, 0xA3, 0xE0, 0x4D, 0x60, 0x0F, 0x90, 0x13, 0x96, 0xE0, 0xFD, 0xA3, 0xE0, 0x90, 0x1A, 0xF2, 0xCD, 0xF0, 0xA3, 0xCD, 0xF0, 0x90, 0x00, 0x08, 0xE0,
0x60, 0x0A, 0x90, 0x13, 0x76, 0xE0, 0xFD, 0xA3, 0xE0, 0x4D, 0x60, 0x0F, 0x90, 0x13, 0x98, 0xE0, 0xFD, 0xA3, 0xE0, 0x90, 0x1A, 0xF4, 0xCD, 0xF0, 0xA3, 0xCD, 0xF0, 0x90, 0x00, 0x10, 0xE0, 0x70,
0x09, 0x90, 0x00, 0x18, 0xE0, 0x70, 0x03, 0x02, 0x42, 0xD0, 0x90, 0x13, 0x5B, 0xE0, 0x20, 0xE0, 0x03, 0x02, 0x42, 0xD0, 0x90, 0x00, 0x18, 0xE0, 0x60, 0x0A, 0x90, 0x13, 0xDA, 0xE0, 0xFD, 0xA3,
0xE0, 0xFC, 0x80, 0x04, 0xE4, 0xFD, 0x7C, 0x96, 0x78, 0x2B, 0xED, 0xF6, 0x08, 0xEC, 0xF6, 0x90, 0x00, 0x08, 0xE0, 0x70, 0x03, 0x02, 0x42, 0xCD, 0x90, 0x16, 0xF6, 0xE0, 0xFD, 0xA3, 0xE0, 0x4D,
0x70, 0x3C, 0x90, 0x17, 0x06, 0xE0, 0xFD, 0xA3, 0xE0, 0xFC, 0xC3, 0xE4, 0x9C, 0xFC, 0xE4, 0x9D, 0xFD, 0x78, 0x2C, 0xEC, 0x26, 0xFC, 0x18, 0xED, 0x36, 0x78, 0x2D, 0xF6, 0x08, 0xEC, 0xF6, 0x78,
0x2F, 0x76, 0xFF, 0x08, 0x76, 0xFC, 0x90, 0x00, 0x19, 0xE0, 0x60, 0x09, 0x78, 0x31, 0xE4, 0xF6, 0x08, 0x76, 0x08, 0x80, 0x07, 0x78, 0x31, 0xE4, 0xF6, 0x08, 0x76, 0x02, 0x80, 0x72, 0x90, 0x17,
0x14, 0xE0, 0xFD, 0xA3, 0xE0, 0xFC, 0xC3, 0xE4, 0x9C, 0xFC, 0xE4, 0x9D, 0xFD, 0x90, 0x13, 0x43, 0xE0, 0x2C, 0x78, 0x2E, 0xF6, 0x90, 0x13, 0x42, 0xE0, 0x3D, 0x18, 0xF6, 0x90, 0x13, 0x44, 0xE0,
0xFD, 0xA3, 0xE0, 0xFC, 0xE4, 0xFB, 0x7A, 0x04, 0x12, 0x01, 0x4F, 0xC3, 0xE4, 0x98, 0xF8, 0xE4, 0x99, 0xF9, 0xE8, 0x78, 0x2F, 0xC9, 0xF6, 0xC9, 0x08, 0xF6, 0x90, 0x00, 0x19, 0xE0, 0x60, 0x19,
0x90, 0x13, 0x44, 0xE0, 0xFD, 0xA3, 0xE0, 0xFC, 0xE4, 0xFB, 0x7A, 0x02, 0x12, 0x01, 0x4F, 0xE8, 0x78, 0x31, 0xC9, 0xF6, 0xC9, 0x08, 0xF6, 0x80, 0x17, 0x90, 0x13, 0x44, 0xE0, 0xFD, 0xA3, 0xE0,
0xFC, 0xE4, 0xFB, 0x7A, 0x08, 0x12, 0x01, 0x4F, 0xE8, 0x78, 0x31, 0xC9, 0xF6, 0xC9, 0x08, 0xF6, 0x78, 0x31, 0xE6, 0xFD, 0x08, 0xE6, 0x79, 0x2A, 0xF7, 0xED, 0x19, 0xF7, 0x78, 0x2F, 0xE6, 0xFF,
0x08, 0xE6, 0xFE, 0x78, 0x2D, 0xE6, 0xFD, 0x08, 0xE6, 0xFC, 0x12, 0x3D, 0xE4, 0x02, 0x45, 0x05, 0x90, 0x13, 0x5B, 0xE0, 0x20, 0xE0, 0x03, 0x02, 0x44, 0x30, 0x90, 0x00, 0x08, 0xE0, 0x70, 0x03,
0x02, 0x44, 0x2D, 0x90, 0x16, 0xF6, 0xE0, 0xFD, 0xA3, 0xE0, 0x4D, 0x70, 0x74, 0x90, 0x16, 0xFE, 0xE0, 0xFD, 0xA3, 0xE0, 0xFC, 0xC3, 0xE4, 0x9C, 0xFC, 0xE4, 0x9D, 0xFD, 0x90, 0x13, 0xC9, 0xE0,
0x2C, 0x78, 0x2E, 0xF6, 0x90, 0x13, 0xC8, 0xE0, 0x3D, 0x18, 0xF6, 0x90, 0x12, 0xF0, 0xE0, 0xFD, 0xA3, 0xE0, 0xFC, 0xE4, 0xFB, 0x7A, 0x04, 0x12, 0x01, 0x4F, 0xC3, 0xE4, 0x98, 0xF8, 0xE4, 0x99,
0xF9, 0xE8, 0x78, 0x2F, 0xC9, 0xF6, 0xC9, 0x08, 0xF6, 0x90, 0x00, 0x19, 0xE0, 0x60, 0x19, 0x90, 0x12, 0xF0, 0xE0, 0xFD, 0xA3, 0xE0, 0xFC, 0xE4, 0xFB, 0x7A, 0x02, 0x12, 0x01, 0x4F, 0xE8, 0x78,
0x31, 0xC9, 0xF6, 0xC9, 0x08, 0xF6, 0x80, 0x17, 0x90, 0x12, 0xF0, 0xE0, 0xFD, 0xA3, 0xE0, 0xFC, 0xE4, 0xFB, 0x7A, 0x08, 0x12, 0x01, 0x4F, 0xE8, 0x78, 0x31, 0xC9, 0xF6, 0xC9, 0x08, 0xF6, 0x80,
0x72, 0x90, 0x17, 0x14, 0xE0, 0xFD, 0xA3, 0xE0, 0xFC, 0xC3, 0xE4, 0x9C, 0xFC, 0xE4, 0x9D, 0xFD, 0x90, 0x13, 0x43, 0xE0, 0x2C, 0x78, 0x2E, 0xF6, 0x90, 0x13, 0x42, 0xE0, 0x3D, 0x18, 0xF6, 0x90,
0x13, 0x44, 0xE0, 0xFD, 0xA3, 0xE0, 0xFC, 0xE4, 0xFB, 0x7A, 0x04, 0x12, 0x01, 0x4F, 0xC3, 0xE4, 0x98, 0xF8, 0xE4, 0x99, 0xF9, 0xE8, 0x78, 0x2F, 0xC9, 0xF6, 0xC9, 0x08, 0xF6, 0x90, 0x00, 0x19,
0xE0, 0x60, 0x19, 0x90, 0x13, 0x44, 0xE0, 0xFD, 0xA3, 0xE0, 0xFC, 0xE4, 0xFB, 0x7A, 0x02, 0x12, 0x01, 0x4F, 0xE8, 0x78, 0x31, 0xC9, 0xF6, 0xC9, 0x08, 0xF6, 0x80, 0x17, 0x90, 0x13, 0x44, 0xE0,
0xFD, 0xA3, 0xE0, 0xFC, 0xE4, 0xFB, 0x7A, 0x08, 0x12, 0x01, 0x4F, 0xE8, 0x78, 0x31, 0xC9, 0xF6, 0xC9, 0x08, 0xF6, 0x90, 0x16, 0xE9, 0xE0, 0x14, 0x70, 0x06, 0x90, 0x16, 0xE8, 0xE0, 0x60, 0x06,
0x90, 0x00, 0x19, 0xE0, 0x60, 0x1D, 0x78, 0x31, 0xE6, 0xFD, 0x08, 0xE6, 0x79, 0x2A, 0xF7, 0xED, 0x19, 0xF7, 0x78, 0x2F, 0xE6, 0xFF, 0x08, 0xE6, 0xFE, 0x78, 0x2D, 0xE6, 0xFD, 0x08, 0xE6, 0xFC,
0x12, 0x3D, 0xE4, 0x90, 0x16, 0xF6, 0xE0, 0xFD, 0xA3, 0xE0, 0x4D, 0x60, 0x20, 0x90, 0x00, 0x07, 0xE0, 0x60, 0x1A, 0x90, 0x13, 0xC4, 0xE0, 0xFD, 0xA3, 0xE0, 0x4D, 0x70, 0x10, 0x78, 0x29, 0xE4,
0xF6, 0x08, 0xF6, 0xE4, 0xFE, 0xFF, 0x7D, 0xD8, 0x7C, 0xEF, 0x12, 0x3D, 0xE4, 0x02, 0x45, 0x05, 0x90, 0x13, 0x5B, 0xE0, 0x20, 0xE1, 0x03, 0x02, 0x45, 0x05, 0x90, 0x00, 0x08, 0xE0, 0x60, 0x08,
0x90, 0x16, 0xEA, 0xE4, 0xF0, 0xA3, 0x04, 0xF0, 0x90, 0x16, 0xE8, 0xE0, 0xFD, 0xA3, 0xE0, 0x4D, 0x70, 0x0D, 0x90, 0x00, 0x19, 0xE0, 0x70, 0x07, 0x7D, 0xD8, 0x7C, 0xF0, 0x12, 0x3C, 0x8D, 0x90,
0x00, 0x08, 0xE0, 0x60, 0x11, 0x90, 0x1A, 0xF4, 0xE0, 0xFD, 0xA3, 0xE0, 0x4D, 0x70, 0x07, 0x90, 0x16, 0xEA, 0xE4, 0xF0, 0xA3, 0xF0, 0x90, 0x1A, 0xF2, 0xE0, 0xFD, 0xA3, 0xE0, 0x4D, 0x70, 0x7E,
0x90, 0x1B, 0xEA, 0xE0, 0x70, 0x78, 0x90, 0x16, 0xFE, 0xE0, 0xFD, 0xA3, 0xE0, 0xFC, 0x90, 0x13, 0xC9, 0xE0, 0xD3, 0x9C, 0x90, 0x13, 0xC8, 0xE0, 0x9D, 0x40, 0x2E, 0x90, 0x16, 0xE8, 0xE0, 0xFD,
0xA3, 0xE0, 0x4D, 0x70, 0x06, 0x90, 0x00, 0x19, 0xE0, 0x60, 0x1E, 0x90, 0x16, 0xFE, 0xE0, 0xFD, 0xA3, 0xE0, 0xFC, 0xC3, 0xE4, 0x9C, 0xFC, 0xE4, 0x9D, 0xFD, 0x90, 0x13, 0xC9, 0xE0, 0x2C, 0xFC,
0x90, 0x13, 0xC8, 0xE0, 0x3D, 0xFD, 0x12, 0x3C, 0x8D, 0x90, 0x16, 0xFE, 0xE0, 0xFD, 0xA3, 0xE0, 0xFC, 0x90, 0x13, 0xC9, 0xE0, 0xC3, 0x9C, 0x90, 0x13, 0xC8, 0xE0, 0x9D, 0x50, 0x1E, 0x90, 0x16,
0xFE, 0xE0, 0xFD, 0xA3, 0xE0, 0xFC, 0xC3, 0xE4, 0x9C, 0xFC, 0xE4, 0x9D, 0xFD, 0x90, 0x13, 0xC9, 0xE0, 0x2C, 0xFC, 0x90, 0x13, 0xC8, 0xE0, 0x3D, 0xFD, 0x12, 0x3C, 0x8D, 0x80, 0x07, 0x7D, 0xD8,
0x7C, 0xF0, 0x12, 0x3C, 0x8D, 0x90, 0x13, 0x5B, 0xE0, 0x30, 0xE0, 0x6A, 0x90, 0x13, 0x9C, 0xE0, 0xFD, 0xA3, 0xE0, 0xFC, 0x90, 0x17, 0x0D, 0xE0, 0xD3, 0x9C, 0x90, 0x17, 0x0C, 0xE0, 0x64, 0x80,
0xCD, 0x64, 0x80, 0xCD, 0x9D, 0x40, 0x0C, 0x90, 0x00, 0x19, 0xE0, 0x70, 0x06, 0x74, 0x01, 0x90, 0x1B, 0xEA, 0xF0, 0x90, 0x13, 0x9D, 0xE0, 0x24, 0xFB, 0xFC, 0x90, 0x13, 0x9C, 0xE0, 0x34, 0xFF,
0xFD, 0x90, 0x17, 0x0D, 0xE0, 0xC3, 0x9C, 0x90, 0x17, 0x0C, 0xE0, 0x64, 0x80, 0xCD, 0x64, 0x80, 0xCD, 0x9D, 0x50, 0x05, 0xE4, 0x90, 0x1B, 0xEA, 0xF0, 0x90, 0x1B, 0xEA, 0xE0, 0x60, 0x15, 0x78,
0x29, 0xE4, 0xF6, 0x08, 0xF6, 0xE4, 0xFE, 0xFF, 0x7D, 0xD8, 0x7C, 0xEF, 0x12, 0x3D, 0xE4, 0xE4, 0x90, 0x00, 0x15, 0xF0, 0x80, 0x72, 0x90, 0x13, 0x5B, 0xE0, 0x30, 0xE1, 0x6B, 0x90, 0x13, 0x9C,
0xE0, 0xFD, 0xA3, 0xE0, 0xFC, 0x90, 0x17, 0x0D, 0xE0, 0xD3, 0x9C, 0x90, 0x17, 0x0C, 0xE0, 0x64, 0x80, 0xCD, 0x64, 0x80, 0xCD, 0x9D, 0x40, 0x0C, 0x90, 0x00, 0x19, 0xE0, 0x70, 0x06, 0x74, 0x01,
0x90, 0x1B, 0xEA, 0xF0, 0x90, 0x13, 0x9D, 0xE0, 0x24, 0xE2, 0xFC, 0x90, 0x13, 0x9C, 0xE0, 0x34, 0xFF, 0xFD, 0x90, 0x17, 0x0D, 0xE0, 0xC3, 0x9C, 0x90, 0x17, 0x0C, 0xE0, 0x64, 0x80, 0xCD, 0x64,
0x80, 0xCD, 0x9D, 0x50, 0x05, 0xE4, 0x90, 0x1B, 0xEA, 0xF0, 0x90, 0x1B, 0xEA, 0xE0, 0x60, 0x07, 0x7D, 0xD8, 0x7C, 0xEF, 0x12, 0x3C, 0x8D, 0x90, 0x16, 0xEA, 0xE0, 0xFD, 0xA3, 0xE0, 0x4D, 0x70,
0x07, 0x7D, 0xD8, 0x7C, 0xEF, 0x12, 0x3C, 0x8D, 0x80, 0x73, 0x90, 0x13, 0x5B, 0xE0, 0x30, 0xE0, 0x12, 0x78, 0x29, 0xE4, 0xF6, 0x08, 0xF6, 0xE4, 0xFE, 0xFF, 0x7D, 0xD8, 0x7C, 0xEE, 0x12, 0x3D,
0xE4, 0x80, 0x15, 0x90, 0x13, 0x5B, 0xE0, 0x30, 0xE1, 0x0E, 0x7D, 0xD8, 0x7C, 0xEF, 0x12, 0x3C, 0x8D, 0x90, 0x16, 0xEA, 0xE4, 0xF0, 0xA3, 0xF0, 0x90, 0x13, 0x98, 0xE0, 0xFD, 0xA3, 0xE0, 0x90,
0x1A, 0xF4, 0xCD, 0xF0, 0xA3, 0xCD, 0xF0, 0x90, 0x13, 0x96, 0xE0, 0xFD, 0xA3, 0xE0, 0x90, 0x1A, 0xF2, 0xCD, 0xF0, 0xA3, 0xCD, 0xF0, 0x90, 0x16, 0xE2, 0xE0, 0xFD, 0xA3, 0xE0, 0x4D, 0x60, 0x0E,
0x90, 0x13, 0x65, 0xE0, 0x64, 0x03, 0x70, 0x06, 0x90, 0x13, 0x64, 0xE0, 0x60, 0x0F, 0x90, 0x13, 0x90, 0xE0, 0xFD, 0xA3, 0xE0, 0x90, 0x1A, 0xEC, 0xCD, 0xF0, 0xA3, 0xCD, 0xF0, 0x90, 0x13, 0x5B,
0xE0, 0x30, 0xE3, 0x7C, 0x90, 0x13, 0x5B, 0xE0, 0x20, 0xE6, 0x75, 0x90, 0x13, 0x5B, 0xE0, 0x20, 0xE1, 0x6E, 0x90, 0x16, 0xF6, 0xE0, 0xFD, 0xA3, 0xE0, 0x4D, 0x60, 0x1B, 0x90, 0x00, 0x0B, 0xE0,
0x70, 0x06, 0x90, 0x00, 0x0F, 0xE0, 0x60, 0x0F, 0x90, 0x16, 0xEA, 0xE4, 0xF0, 0xA3, 0xF0, 0x90, 0x16, 0xEC, 0xE4, 0xF0, 0xA3, 0x04, 0xF0, 0x90, 0x16, 0xF6, 0xE0, 0xFD, 0xA3, 0xE0, 0x4D, 0x60,
0x0C, 0x90, 0x1B, 0xEB, 0xE0, 0x60, 0x06, 0x90, 0x00, 0x0B, 0xE0, 0x60, 0x0C, 0x90, 0x1B, 0xED, 0xE0, 0x60, 0x15, 0x90, 0x00, 0x0C, 0xE0, 0x70, 0x0F, 0x90, 0x00, 0x07, 0xE0, 0x70, 0x09, 0x90,
0x1A, 0xFC, 0xE4, 0xF0, 0xA3, 0x74, 0x78, 0xF0, 0x90, 0x00, 0x0B, 0xE0, 0x90, 0x1B, 0xEB, 0xF0, 0x90, 0x00, 0x0C, 0xE0, 0x90, 0x1B, 0xED, 0xF0, 0x90, 0x00, 0x0F, 0xE0, 0x90, 0x1B, 0xEC, 0xF0,
0x90, 0x00, 0x11, 0xE0, 0x60, 0x7B, 0x90, 0x00, 0x0A, 0xE0, 0x70, 0x0C, 0x90, 0x00, 0x0B, 0xE0, 0x70, 0x06, 0x90, 0x00, 0x0C, 0xE0, 0x60, 0x07, 0x90, 0x13, 0x5B, 0xE0, 0x20, 0xE3, 0x62, 0x90,
0x13, 0x5B, 0xE0, 0x30, 0xE0, 0x12, 0x78, 0x29, 0xE4, 0xF6, 0x08, 0xF6, 0xE4, 0xFE, 0xFF, 0x7D, 0xD8, 0x7C, 0xEE, 0x12, 0x3D, 0xE4, 0x80, 0x0E, 0x90, 0x13, 0x5B, 0xE0, 0x30, 0xE1, 0x07, 0x7D,
0xD8, 0x7C, 0xEF, 0x12, 0x3C, 0x8D, 0x90, 0x16, 0xEA, 0xE4, 0xF0, 0xA3, 0xF0, 0x90, 0x16, 0xEC, 0xE4, 0xF0, 0xA3, 0xF0, 0x90, 0x13, 0x98, 0xE0, 0xFD, 0xA3, 0xE0, 0x90, 0x1A, 0xF4, 0xCD, 0xF0,
0xA3, 0xCD, 0xF0, 0x90, 0x13, 0x96, 0xE0, 0xFD, 0xA3, 0xE0, 0x90, 0x1A, 0xF2, 0xCD, 0xF0, 0xA3, 0xCD, 0xF0, 0x90, 0x13, 0x90, 0xE0, 0xFD, 0xA3, 0xE0, 0x90, 0x1A, 0xEC, 0xCD, 0xF0, 0xA3, 0xCD,
0xF0, 0x90, 0x13, 0x5B, 0xE0, 0x30, 0xE0, 0x52, 0x7C, 0x0B, 0x12, 0xE9, 0x84, 0xEC, 0x60, 0x1E, 0x90, 0x16, 0xEA, 0xE4, 0xF0, 0xA3, 0xF0, 0x90, 0x16, 0xEC, 0xE4, 0xF0, 0xA3, 0xF0, 0x78, 0x29,
0xE4, 0xF6, 0x08, 0xF6, 0xE4, 0xFE, 0xFF, 0x7D, 0xD8, 0x7C, 0xEF, 0x12, 0x3D, 0xE4, 0x90, 0x16, 0xE8, 0xE0, 0xFD, 0xA3, 0xE0, 0x4D, 0x70, 0x22, 0x90, 0x00, 0x19, 0xE0, 0x70, 0x1C, 0x90, 0x00,
0x0B, 0xE0, 0x70, 0x16, 0x90, 0x00, 0x0C, 0xE0, 0x70, 0x10, 0x78, 0x29, 0xE4, 0xF6, 0x08, 0xF6, 0xE4, 0xFE, 0xFF, 0x7D, 0xD8, 0x7C, 0xEF, 0x12, 0x3D, 0xE4, 0x22, 0x90, 0x00, 0x11, 0xE0, 0x70,
0x08, 0x90, 0x16, 0xF2, 0xE4, 0xF0, 0xA3, 0x04, 0xF0, 0x90, 0x00, 0x07, 0xE0, 0x70, 0x06, 0x90, 0x00, 0x11, 0xE0, 0x70, 0x0C, 0x90, 0x1B, 0x0E, 0x74, 0x10, 0xF0, 0xA3, 0x74, 0xE0, 0xF0, 0x80,
0x32, 0x90, 0x1B, 0x0E, 0xE0, 0xFD, 0xA3, 0xE0, 0x4D, 0x70, 0x12, 0x90, 0x16, 0xF2, 0xE4, 0xF0, 0xA3, 0x04, 0xF0, 0x90, 0x1B, 0x0E, 0x74, 0x10, 0xF0, 0xA3, 0x74, 0xE0, 0xF0, 0xC3, 0x90, 0x1B,
0x0F, 0xE0, 0x94, 0xDD, 0x90, 0x1B, 0x0E, 0xE0, 0x94, 0x10, 0x50, 0x07, 0x90, 0x16, 0xF2, 0xE4, 0xF0, 0xA3, 0xF0, 0x90, 0x13, 0x6A, 0xE0, 0xFD, 0xA3, 0xE0, 0x4D, 0x70, 0x06, 0x90, 0x00, 0x11,
0xE0, 0x60, 0x3C, 0x90, 0x16, 0xE9, 0xE0, 0x14, 0x70, 0x06, 0x90, 0x16, 0xE8, 0xE0, 0x60, 0x2F, 0xC3, 0x90, 0x13, 0xC5, 0xE0, 0x94, 0x05, 0x90, 0x13, 0xC4, 0xE0, 0x94, 0x00, 0x50, 0x20, 0x90,
0x16, 0xEA, 0xE0, 0xFD, 0xA3, 0xE0, 0x4D, 0x70, 0x16, 0x90, 0x16, 0xEC, 0xE0, 0xFD, 0xA3, 0xE0, 0x4D, 0x70, 0x0C, 0x90, 0x00, 0x0B, 0xE0, 0x70, 0x06, 0x90, 0x00, 0x0C, 0xE0, 0x60, 0x0A, 0x90,
0x16, 0xF4, 0xE4, 0xF0, 0xA3, 0x04, 0xF0, 0x80, 0x11, 0x90, 0x1A, 0xFC, 0xE0, 0xFD, 0xA3, 0xE0, 0x4D, 0x70, 0x07, 0x90, 0x16, 0xF4, 0xE4, 0xF0, 0xA3, 0xF0, 0x90, 0x13, 0x6C, 0xE0, 0xFD, 0xA3,
0xE0, 0x4D, 0x60, 0x0D, 0x90, 0x16, 0xE9, 0xE0, 0x14, 0x70, 0x04, 0x90, 0x16, 0xE8, 0xE0, 0x70, 0x14, 0x90, 0x13, 0x60, 0xE0, 0xFD, 0xA3, 0xE0, 0x4D, 0x70, 0x0A, 0x90, 0x16, 0xE6, 0xE4, 0xF0,
0xA3, 0x04, 0xF0, 0x80, 0x07, 0x90, 0x16, 0xE6, 0xE4, 0xF0, 0xA3, 0xF0, 0x22, 0x90, 0x13, 0x5B, 0xE0, 0x20, 0xE0, 0x03, 0x02, 0x4A, 0x3C, 0x90, 0x00, 0x10, 0xE0, 0x70, 0x09, 0x90, 0x00, 0x18,
0xE0, 0x70, 0x03, 0x02, 0x49, 0x53, 0x90, 0x00, 0x18, 0xE0, 0x60, 0x0A, 0x90, 0x13, 0xDA, 0xE0, 0xFD, 0xA3, 0xE0, 0xFC, 0x80, 0x04, 0xE4, 0xFD, 0x7C, 0x96, 0x78, 0x26, 0xED, 0xF6, 0x08, 0xEC,
0xF6, 0x24, 0xFC, 0xFC, 0xED, 0x34, 0xFF, 0xFD, 0x90, 0x17, 0x07, 0xE0, 0xC3, 0x9C, 0x90, 0x17, 0x06, 0xE0, 0x64, 0x80, 0xCD, 0x64, 0x80, 0xCD, 0x9D, 0x50, 0x1B, 0x90, 0x16, 0xF0, 0xE4, 0xF0,
0xA3, 0xF0, 0x90, 0x16, 0xEE, 0xE4, 0xF0, 0xA3, 0x04, 0xF0, 0x90, 0x13, 0xB4, 0xE4, 0xF0, 0xA3, 0x04, 0xF0, 0x78, 0x66, 0x76, 0x14, 0x78, 0x27, 0xE6, 0x24, 0x02, 0xFC, 0x18, 0xE6, 0x34, 0x00,
0xFD, 0x90, 0x17, 0x07, 0xE0, 0xD3, 0x9C, 0x90, 0x17, 0x06, 0xE0, 0x64, 0x80, 0xCD, 0x64, 0x80, 0xCD, 0x9D, 0x40, 0x1C, 0x90, 0x16, 0xEE, 0xE4, 0xF0, 0xA3, 0xF0, 0x90, 0x16, 0xF0, 0xE4, 0xF0,
0xA3, 0x04, 0xF0, 0x90, 0x13, 0xB4, 0xE4, 0xF0, 0xA3, 0x74, 0x02, 0xF0, 0x78, 0x67, 0x76, 0x14, 0x02, 0x4A, 0x3C, 0x90, 0x13, 0x5B, 0xE0, 0x20, 0xE4, 0x03, 0x02, 0x4A, 0x20, 0x90, 0x16, 0xF6,
0xE0, 0xFD, 0xA3, 0xE0, 0x4D, 0x60, 0x03, 0x02, 0x4A, 0x20, 0x7C, 0x03, 0x12, 0xE9, 0x84, 0xBC, 0x00, 0x02, 0x80, 0x03, 0x02, 0x4A, 0x20, 0x90, 0x12, 0xFA, 0xE0, 0xFD, 0xA3, 0xE0, 0xFC, 0xE4,
0xFB, 0x7A, 0x02, 0x12, 0x01, 0x4F, 0xC3, 0xE4, 0x98, 0xF8, 0xE4, 0x99, 0xF9, 0x90, 0x13, 0xC7, 0xE0, 0x28, 0xF8, 0x90, 0x13, 0xC6, 0xE0, 0x39, 0xF9, 0x90, 0x17, 0x05, 0xE0, 0xC3, 0x98, 0x90,
0x17, 0x04, 0xE0, 0x99, 0x50, 0x1D, 0x90, 0x16, 0xF0, 0xE4, 0xF0, 0xA3, 0xF0, 0x90, 0x16, 0xEE, 0xE4, 0xF0, 0xA3, 0x04, 0xF0, 0x90, 0x13, 0xB4, 0xE4, 0xF0, 0xA3, 0x04, 0xF0, 0x78, 0x66, 0x76,
0x14, 0x80, 0x5B, 0x90, 0x12, 0xFA, 0xE0, 0xFD, 0xA3, 0xE0, 0xFC, 0xE4, 0xFB, 0x7A, 0x02, 0x12, 0x01, 0x4F, 0x90, 0x13, 0xC7, 0xE0, 0x28, 0xF8, 0x90, 0x13, 0xC6, 0xE0, 0x39, 0xF9, 0x90, 0x17,
0x05, 0xE0, 0xD3, 0x98, 0x90, 0x17, 0x04, 0xE0, 0x99, 0x40, 0x1E, 0x90, 0x16, 0xEE, 0xE4, 0xF0, 0xA3, 0xF0, 0x90, 0x16, 0xF0, 0xE4, 0xF0, 0xA3, 0x04, 0xF0, 0x90, 0x13, 0xB4, 0xE4, 0xF0, 0xA3,
0x74, 0x02, 0xF0, 0x78, 0x67, 0x76, 0x14, 0x80, 0x15, 0x90, 0x16, 0xEE, 0xE4, 0xF0, 0xA3, 0xF0, 0x90, 0x16, 0xF0, 0xE4, 0xF0, 0xA3, 0xF0, 0x90, 0x13, 0xB4, 0xE4, 0xF0, 0xA3, 0xF0, 0x80, 0x1C,
0x90, 0x16, 0xEE, 0xE4, 0xF0, 0xA3, 0xF0, 0x90, 0x16, 0xF0, 0xE4, 0xF0, 0xA3, 0x04, 0xF0, 0x90, 0x13, 0xB4, 0xE4, 0xF0, 0xA3, 0x74, 0x02, 0xF0, 0x78, 0x67, 0x76, 0x14, 0x22, 0x90, 0x00, 0x0A,
0xE0, 0x60, 0x0A, 0x90, 0x00, 0x17, 0xE0, 0x70, 0x04, 0x74, 0x01, 0x80, 0x01, 0xE4, 0xFC, 0x7D, 0x10, 0xC3, 0x90, 0x1B, 0x01, 0xE0, 0xCD, 0x9D, 0x78, 0x2B, 0xF6, 0x90, 0x1B, 0x00, 0xE0, 0xFD,
0x74, 0x0E, 0x9D, 0x18, 0xF6, 0xFF, 0x78, 0x25, 0xEC, 0xF6, 0x90, 0x00, 0x07, 0xE0, 0x60, 0x12, 0xC3, 0x78, 0x2B, 0x90, 0x13, 0xAF, 0xE0, 0x96, 0xFC, 0x18, 0x90, 0x13, 0xAE, 0xE0, 0x96, 0xFD,
0x80, 0x04, 0x7D, 0x0E, 0x7C, 0x10, 0x78, 0x26, 0xED, 0xF6, 0x08, 0xEC, 0xF6, 0x78, 0x25, 0xE6, 0x60, 0x12, 0xC3, 0x78, 0x2B, 0x90, 0x13, 0xB1, 0xE0, 0x96, 0xFC, 0x18, 0x90, 0x13, 0xB0, 0xE0,
0x96, 0xFD, 0x80, 0x04, 0x7D, 0x0E, 0x7C, 0x10, 0x78, 0x28, 0xED, 0xF6, 0x08, 0xEC, 0xF6, 0x90, 0x16, 0xE8, 0xE0, 0xFD, 0xA3, 0xE0, 0x4D, 0x70, 0x3A, 0x90, 0x00, 0x07, 0xE0, 0x70, 0x05, 0x78,
0x25, 0xE6, 0x60, 0x2F, 0x78, 0x26, 0xE6, 0xFD, 0x08, 0xE6, 0x78, 0x29, 0xC3, 0x96, 0xED, 0x18, 0x96, 0x50, 0x10, 0x78, 0x26, 0xE6, 0xFD, 0x08, 0xE6, 0x90, 0x1A, 0xF0, 0xCD, 0xF0, 0xA3, 0xCD,
0xF0, 0x80, 0x0E, 0x78, 0x28, 0xE6, 0xFD, 0x08, 0xE6, 0x90, 0x1A, 0xF0, 0xCD, 0xF0, 0xA3, 0xCD, 0xF0, 0x80, 0x07, 0x90, 0x1A, 0xF0, 0xE4, 0xF0, 0xA3, 0xF0, 0x90, 0x13, 0xD6, 0xE0, 0xFD, 0xA3,
0xE0, 0x4D, 0x60, 0x76, 0x90, 0x00, 0x07, 0xE0, 0x60, 0x32, 0x90, 0x13, 0xAF, 0xE0, 0x24, 0xEC, 0xFC, 0x90, 0x13, 0xAE, 0xE0, 0x34, 0xFF, 0xFD, 0x78, 0x2B, 0xEC, 0xD3, 0x96, 0xED, 0x18, 0x96,
0x40, 0x1A, 0x7E, 0x24, 0xC3, 0x90, 0x13, 0xAF, 0xE0, 0xCE, 0x9E, 0xFC, 0x90, 0x13, 0xAE, 0xE0, 0xFE, 0x74, 0x0E, 0x9E, 0xFD, 0x90, 0x1B, 0x00, 0xF0, 0xA3, 0xEC, 0xF0, 0x78, 0x25, 0xE6, 0x60,
0x32, 0x90, 0x13, 0xB1, 0xE0, 0x24, 0xEC, 0xFC, 0x90, 0x13, 0xB0, 0xE0, 0x34, 0xFF, 0xFD, 0x78, 0x2B, 0xEC, 0xD3, 0x96, 0xED, 0x18, 0x96, 0x40, 0x1A, 0x7E, 0x24, 0xC3, 0x90, 0x13, 0xB1, 0xE0,
0xCE, 0x9E, 0xFC, 0x90, 0x13, 0xB0, 0xE0, 0xFE, 0x74, 0x0E, 0x9E, 0xFD, 0x90, 0x1B, 0x00, 0xF0, 0xA3, 0xEC, 0xF0, 0x90, 0x13, 0xD6, 0xE4, 0xF0, 0xA3, 0xF0, 0x90, 0x16, 0xE8, 0xE0, 0xFD, 0xA3,
0xE0, 0x4D, 0x60, 0x03, 0x02, 0x4C, 0x9B, 0x90, 0x13, 0x60, 0xE0, 0xFD, 0xA3, 0xE0, 0x4D, 0x60, 0x03, 0x02, 0x4C, 0x9B, 0x90, 0x00, 0x10, 0xE0, 0x70, 0x06, 0x90, 0x00, 0x18, 0xE0, 0x60, 0x3F,
0x90, 0x00, 0x07, 0xE0, 0x70, 0x05, 0x78, 0x25, 0xE6, 0x60, 0x31, 0x78, 0x2A, 0xE6, 0xFD, 0x08, 0xE6, 0xFC, 0x90, 0x13, 0xAF, 0xE0, 0xC3, 0x9C, 0x90, 0x13, 0xAE, 0xE0, 0x9D, 0x50, 0x1D, 0x90,
0x00, 0x14, 0xE0, 0x70, 0x17, 0x90, 0x16, 0xE8, 0xE4, 0xF0, 0xA3, 0x04, 0xF0, 0x90, 0x13, 0xAA, 0xE0, 0xFD, 0xA3, 0xE0, 0x90, 0x1A, 0xFA, 0xCD, 0xF0, 0xA3, 0xCD, 0xF0, 0x02, 0x4C, 0x9B, 0x90,
0x13, 0x5B, 0xE0, 0x30, 0xE2, 0x48, 0x90, 0x13, 0xDE, 0xE0, 0xFD, 0xA3, 0xE0, 0xFC, 0x90, 0x17, 0x0D, 0xE0, 0xC3, 0x9C, 0x90, 0x17, 0x0C, 0xE0, 0x9D, 0x50, 0x31, 0x78, 0x2A, 0xE6, 0xFD, 0x08,
0xE6, 0xFC, 0x90, 0x13, 0xAF, 0xE0, 0xC3, 0x9C, 0x90, 0x13, 0xAE, 0xE0, 0x9D, 0x50, 0x1D, 0x90, 0x00, 0x14, 0xE0, 0x70, 0x17, 0x90, 0x16, 0xE8, 0xE4, 0xF0, 0xA3, 0x04, 0xF0, 0x90, 0x13, 0xAA,
0xE0, 0xFD, 0xA3, 0xE0, 0x90, 0x1A, 0xFA, 0xCD, 0xF0, 0xA3, 0xCD, 0xF0, 0x80, 0x6D, 0x90, 0x00, 0x07, 0xE0, 0x60, 0x31, 0x78, 0x2A, 0xE6, 0xFD, 0x08, 0xE6, 0xFC, 0x90, 0x13, 0xAF, 0xE0, 0xC3,
0x9C, 0x90, 0x13, 0xAE, 0xE0, 0x9D, 0x50, 0x1D, 0x90, 0x00, 0x14, 0xE0, 0x70, 0x17, 0x90, 0x16, 0xE8, 0xE4, 0xF0, 0xA3, 0x04, 0xF0, 0x90, 0x13, 0xAA, 0xE0, 0xFD, 0xA3, 0xE0, 0x90, 0x1A, 0xFA,
0xCD, 0xF0, 0xA3, 0xCD, 0xF0, 0x78, 0x25, 0xE6, 0x60, 0x31, 0x78, 0x2A, 0xE6, 0xFD, 0x08, 0xE6, 0xFC, 0x90, 0x13, 0xB1, 0xE0, 0xC3, 0x9C, 0x90, 0x13, 0xB0, 0xE0, 0x9D, 0x50, 0x1D, 0x90, 0x00,
0x14, 0xE0, 0x70, 0x17, 0x90, 0x16, 0xE8, 0xE4, 0xF0, 0xA3, 0x04, 0xF0, 0x90, 0x13, 0xAA, 0xE0, 0xFD, 0xA3, 0xE0, 0x90, 0x1A, 0xFA, 0xCD, 0xF0, 0xA3, 0xCD, 0xF0, 0x90, 0x00, 0x10, 0xE0, 0x70,
0x06, 0x90, 0x00, 0x18, 0xE0, 0x60, 0x23, 0x90, 0x00, 0x07, 0xE0, 0x70, 0x1B, 0x78, 0x25, 0xE6, 0x70, 0x16, 0xC3, 0x90, 0x13, 0xC5, 0xE0, 0x94, 0x05, 0x90, 0x13, 0xC4, 0xE0, 0x94, 0x00, 0x50,
0x07, 0x90, 0x16, 0xE8, 0xE4, 0xF0, 0xA3, 0xF0, 0x80, 0x5E, 0x90, 0x13, 0x5B, 0xE0, 0x30, 0xE0, 0x34, 0x90, 0x00, 0x07, 0xE0, 0x70, 0x1B, 0x78, 0x25, 0xE6, 0x70, 0x16, 0xC3, 0x90, 0x13, 0xC5,
0xE0, 0x94, 0x05, 0x90, 0x13, 0xC4, 0xE0, 0x94, 0x00, 0x50, 0x07, 0x90, 0x16, 0xE8, 0xE4, 0xF0, 0xA3, 0xF0, 0x90, 0x13, 0x60, 0xE0, 0xFD, 0xA3, 0xE0, 0x4D, 0x60, 0x07, 0x90, 0x16, 0xE8, 0xE4,
0xF0, 0xA3, 0xF0, 0x80, 0x23, 0x90, 0x13, 0x5B, 0xE0, 0x30, 0xE1, 0x1C, 0x90, 0x00, 0x07, 0xE0, 0x70, 0x16, 0x78, 0x25, 0xE6, 0x70, 0x11, 0x90, 0x13, 0x76, 0xE0, 0xFD, 0xA3, 0xE0, 0x4D, 0x70,
0x07, 0x90, 0x16, 0xE8, 0xE4, 0xF0, 0xA3, 0xF0, 0x90, 0x17, 0x00, 0xE0, 0xFD, 0xA3, 0xE0, 0xFC, 0x90, 0x13, 0x9F, 0xE0, 0xD3, 0x9C, 0x90, 0x13, 0x9E, 0xE0, 0x64, 0x80, 0xCD, 0x64, 0x80, 0xCD,
0x9D, 0x40, 0x1E, 0x90, 0x13, 0x9F, 0xE0, 0x64, 0x37, 0x70, 0x07, 0x90, 0x13, 0x9E, 0xE0, 0x04, 0x60, 0x0F, 0x90, 0x16, 0xE8, 0xE4, 0xF0, 0xA3, 0xF0, 0x74, 0x01, 0x90, 0x00, 0x1B, 0xF0, 0x80,
0x05, 0xE4, 0x90, 0x00, 0x1B, 0xF0, 0x90, 0x16, 0xF6, 0xE0, 0xFD, 0xA3, 0xE0, 0x4D, 0x70, 0x21, 0x90, 0x00, 0x1D, 0xE0, 0x14, 0x70, 0x1A, 0x90, 0x00, 0x07, 0xE0, 0x60, 0x14, 0x78, 0x25, 0xE6,
0x60, 0x0F, 0x90, 0x13, 0x3C, 0xE0, 0xFD, 0xA3, 0xE0, 0x90, 0x1A, 0xF6, 0xCD, 0xF0, 0xA3, 0xCD, 0xF0, 0x90, 0x00, 0x07, 0xE0, 0x70, 0x07, 0x90, 0x1A, 0xF6, 0xE4, 0xF0, 0xA3, 0xF0, 0x90, 0x16,
0xE8, 0xE0, 0xFD, 0xA3, 0xE0, 0x4D, 0x60, 0x03, 0x02, 0x4E, 0x37, 0x90, 0x00, 0x1C, 0xE0, 0x14, 0x60, 0x03, 0x02, 0x4E, 0x37, 0x90, 0x1A, 0xEE, 0xE0, 0xFD, 0xA3, 0xE0, 0x4D, 0x60, 0x78, 0x90,
0x16, 0xF6, 0xE0, 0xFD, 0xA3, 0xE0, 0x4D, 0x70, 0x6E, 0x90, 0x00, 0x1B, 0xE0, 0x70, 0x68, 0x90, 0x13, 0x5B, 0xE0, 0x20, 0xE0, 0x07, 0x90, 0x13, 0x5B, 0xE0, 0x30, 0xE1, 0x5A, 0x90, 0x13, 0x5B,
0xE0, 0x30, 0xE3, 0x53, 0x90, 0x13, 0x5B, 0xE0, 0x20, 0xE6, 0x4C, 0x90, 0x17, 0x14, 0xE0, 0xFD, 0xA3, 0xE0, 0xFC, 0x90, 0x13, 0x43, 0xE0, 0xD3, 0x9C, 0x90, 0x13, 0x42, 0xE0, 0x64, 0x80, 0xCD,
0x64, 0x80, 0xCD, 0x9D, 0x40, 0x31, 0x90, 0x00, 0x17, 0xE0, 0x70, 0x2B, 0x90, 0x00, 0x14, 0xE0, 0x70, 0x25, 0x90, 0x16, 0xE8, 0xE4, 0xF0, 0xA3, 0x04, 0xF0, 0x90, 0x13, 0xAA, 0xE0, 0xFD, 0xA3,
0xE0, 0x90, 0x1A, 0xFA, 0xCD, 0xF0, 0xA3, 0xCD, 0xF0, 0x90, 0x16, 0xF6, 0xE4, 0xF0, 0xA3, 0x04, 0xF0, 0x74, 0x01, 0x90, 0x00, 0x0A, 0xF0, 0x90, 0x13, 0x5B, 0xE0, 0x30, 0xE3, 0x1A, 0x90, 0x13,
0x5B, 0xE0, 0x20, 0xE6, 0x13, 0x90, 0x00, 0x0B, 0xE0, 0x70, 0x06, 0x90, 0x00, 0x0C, 0xE0, 0x60, 0x07, 0x90, 0x16, 0xE8, 0xE4, 0xF0, 0xA3, 0xF0, 0x90, 0x1B, 0xBB, 0xE0, 0x70, 0x06, 0x90, 0x1B,
0xBE, 0xE0, 0x60, 0x09, 0x90, 0x16, 0xE8, 0xE4, 0xF0, 0xA3, 0xF0, 0x80, 0x0F, 0x90, 0x13, 0xAC, 0xE0, 0xFD, 0xA3, 0xE0, 0x90, 0x1A, 0xEE, 0xCD, 0xF0, 0xA3, 0xCD, 0xF0, 0x90, 0x16, 0xE2, 0xE0,
0xFD, 0xA3, 0xE0, 0x4D, 0x60, 0x14, 0x90, 0x13, 0x65, 0xE0, 0x14, 0x70, 0x04, 0x90, 0x13, 0x64, 0xE0, 0x70, 0x07, 0x90, 0x16, 0xE8, 0xE4, 0xF0, 0xA3, 0xF0, 0x90, 0x16, 0xE8, 0xE0, 0xFD, 0xA3,
0xE0, 0x4D, 0x60, 0x0A, 0x90, 0x1B, 0x00, 0x74, 0x0E, 0xF0, 0xA3, 0x74, 0x10, 0xF0, 0x90, 0x16, 0xE9, 0xE0, 0x90, 0x00, 0x1C, 0xF0, 0x90, 0x16, 0xF7, 0xE0, 0x90, 0x00, 0x1D, 0xF0, 0x22, 0x90,
0x00, 0x0A, 0xE0, 0x60, 0x0C, 0x90, 0x00, 0x17, 0xE0, 0x70, 0x06, 0xE4, 0xFD, 0x04, 0xFC, 0x80, 0x03, 0xE4, 0xFC, 0xFD, 0x78, 0x25, 0xED, 0xF6, 0x08, 0xEC, 0xF6, 0x90, 0x13, 0x5B, 0xE0, 0x20,
0xE0, 0x0A, 0x90, 0x13, 0x5B, 0xE0, 0x20, 0xE1, 0x03, 0x02, 0x50, 0x2F, 0x90, 0x13, 0x5B, 0xE0, 0x20, 0xE3, 0x03, 0x02, 0x50, 0x2F, 0x90, 0x00, 0x07, 0xE0, 0x60, 0x17, 0x78, 0x25, 0xE6, 0x08,
0x46, 0x60, 0x10, 0x90, 0x16, 0xF6, 0xE0, 0xFD, 0xA3, 0xE0, 0x4D, 0x60, 0x06, 0x90, 0x00, 0x0F, 0xE0, 0x60, 0x1F, 0x90, 0x1A, 0xF6, 0xE0, 0xFD, 0xA3, 0xE0, 0x4D, 0x70, 0x15, 0x90, 0x00, 0x0E,
0xE0, 0x70, 0x0F, 0x90, 0x13, 0x4C, 0xE0, 0xFD, 0xA3, 0xE0, 0x90, 0x1A, 0xF8, 0xCD, 0xF0, 0xA3, 0xCD, 0xF0, 0x78, 0x25, 0xE6, 0x08, 0x46, 0x60, 0x26, 0x90, 0x1A, 0xF6, 0xE0, 0xFD, 0xA3, 0xE0,
0x4D, 0x60, 0x0C, 0x90, 0x00, 0x07, 0xE0, 0x60, 0x06, 0x90, 0x1B, 0xEE, 0xE0, 0x70, 0x10, 0x90, 0x16, 0xE8, 0xE0, 0xFD, 0xA3, 0xE0, 0x4D, 0x70, 0x12, 0x90, 0x00, 0x08, 0xE0, 0x70, 0x0C, 0x90,
0x00, 0x0B, 0xE0, 0x70, 0x06, 0x90, 0x00, 0x0C, 0xE0, 0x60, 0x22, 0x90, 0x16, 0xF6, 0xE0, 0xFD, 0xA3, 0xE0, 0x4D, 0x70, 0x0A, 0x90, 0x1B, 0x04, 0x74, 0x01, 0xF0, 0xA3, 0x74, 0x2C, 0xF0, 0x90,
0x16, 0xF6, 0xE4, 0xF0, 0xA3, 0x04, 0xF0, 0x74, 0x01, 0x90, 0x1B, 0xEE, 0xF0, 0x78, 0x25, 0xE6, 0x08, 0x46, 0x60, 0x10, 0x90, 0x00, 0x07, 0xE0, 0x60, 0x66, 0x90, 0x1A, 0xF8, 0xE0, 0xFD, 0xA3,
0xE0, 0x4D, 0x70, 0x5C, 0x90, 0x1A, 0xFC, 0xE0, 0xFD, 0xA3, 0xE0, 0x4D, 0x70, 0x52, 0x90, 0x00, 0x0B, 0xE0, 0x70, 0x4C, 0x90, 0x00, 0x0C, 0xE0, 0x70, 0x46, 0x90, 0x16, 0xF7, 0xE0, 0x14, 0x70,
0x04, 0x90, 0x16, 0xF6, 0xE0, 0x70, 0x39, 0x90, 0x16, 0xF7, 0xE0, 0x14, 0x70, 0x04, 0x90, 0x16, 0xF6, 0xE0, 0x70, 0x0A, 0x90, 0x1B, 0x04, 0x74, 0x01, 0xF0, 0xA3, 0x74, 0x2C, 0xF0, 0x90, 0x16,
0xF6, 0xE4, 0xF0, 0xA3, 0xF0, 0x90, 0x13, 0xAA, 0xE0, 0xFD, 0xA3, 0xE0, 0x90, 0x1A, 0xFA, 0xCD, 0xF0, 0xA3, 0xCD, 0xF0, 0x78, 0x25, 0xE6, 0x08, 0x46, 0x70, 0x05, 0xE4, 0x90, 0x1B, 0xEE, 0xF0,
0xC3, 0x90, 0x13, 0xC5, 0xE0, 0x94, 0x05, 0x90, 0x13, 0xC4, 0xE0, 0x94, 0x00, 0x50, 0x14, 0x90, 0x16, 0xEA, 0xE0, 0xFD, 0xA3, 0xE0, 0x4D, 0x70, 0x0A, 0x90, 0x16, 0xEC, 0xE0, 0xFD, 0xA3, 0xE0,
0x4D, 0x60, 0x0A, 0x90, 0x1B, 0x04, 0x74, 0x01, 0xF0, 0xA3, 0x74, 0x2C, 0xF0, 0x80, 0x0F, 0x90, 0x13, 0x4C, 0xE0, 0xFD, 0xA3, 0xE0, 0x90, 0x1A, 0xF8, 0xCD, 0xF0, 0xA3, 0xCD, 0xF0, 0x90, 0x00,
0x11, 0xE0, 0x60, 0x17, 0x90, 0x13, 0x5B, 0xE0, 0x30, 0xE3, 0x10, 0x90, 0x00, 0x17, 0xE0, 0x70, 0x0A, 0x90, 0x16, 0xF6, 0xE4, 0xF0, 0xA3, 0x04, 0xF0, 0x80, 0x0D, 0x90, 0x1B, 0xEF, 0xE0, 0x60,
0x07, 0x90, 0x16, 0xF6, 0xE4, 0xF0, 0xA3, 0xF0, 0x90, 0x00, 0x11, 0xE0, 0x90, 0x1B, 0xEF, 0xF0, 0x90, 0x16, 0xF6, 0xE0, 0xFD, 0xA3, 0xE0, 0x4D, 0x60, 0x0A, 0x90, 0x16, 0xE8, 0xE0, 0xFD, 0xA3,
0xE0, 0x4D, 0x70, 0x09, 0x90, 0x1B, 0x02, 0xE4, 0xF0, 0xA3, 0x74, 0x3C, 0xF0, 0x90, 0x16, 0xF7, 0xE0, 0x14, 0x70, 0x04, 0x90, 0x16, 0xF6, 0xE0, 0x70, 0x16, 0x90, 0x16, 0xE9, 0xE0, 0x14, 0x70,
0x04, 0x90, 0x16, 0xE8, 0xE0, 0x70, 0x09, 0x90, 0x1B, 0x06, 0xE4, 0xF0, 0xA3, 0x74, 0x78, 0xF0, 0x22, 0x90, 0x13, 0x35, 0xE0, 0x24, 0x05, 0xFC, 0x90, 0x13, 0x34, 0xE0, 0x34, 0x00, 0xFD, 0x90,
0x17, 0x01, 0xE0, 0xD3, 0x9C, 0x90, 0x17, 0x00, 0xE0, 0x64, 0x80, 0xCD, 0x64, 0x80, 0xCD, 0x9D, 0x40, 0x0D, 0x90, 0x13, 0x5B, 0xE0, 0x20, 0xE2, 0x06, 0x74, 0x01, 0x90, 0x00, 0x11, 0xF0, 0x90,
0x13, 0x35, 0xE0, 0x24, 0xFB, 0xFC, 0x90, 0x13, 0x34, 0xE0, 0x34, 0xFF, 0xFD, 0x90, 0x17, 0x01, 0xE0, 0xC3, 0x9C, 0x90, 0x17, 0x00, 0xE0, 0x64, 0x80, 0xCD, 0x64, 0x80, 0xCD, 0x9D, 0x40, 0x13,
0x90, 0x13, 0x5B, 0xE0, 0x20, 0xE2, 0x0C, 0x90, 0x00, 0x10, 0xE0, 0x70, 0x06, 0x90, 0x00, 0x18, 0xE0, 0x60, 0x05, 0xE4, 0x90, 0x00, 0x11, 0xF0, 0x90, 0x13, 0x32, 0xE0, 0xFD, 0xA3, 0xE0, 0x4D,
0x60, 0x1B, 0x90, 0x00, 0x10, 0xE0, 0x70, 0x15, 0x90, 0x13, 0x32, 0xE0, 0xFD, 0xA3, 0xE0, 0x90, 0x1B, 0x0C, 0xCD, 0xF0, 0xA3, 0xCD, 0xF0, 0x74, 0x01, 0x90, 0x00, 0x10, 0xF0, 0x90, 0x13, 0x32,
0xE0, 0xFD, 0xA3, 0xE0, 0xFC, 0x90, 0x1B, 0x0D, 0xE0, 0xD3, 0x9C, 0x90, 0x1B, 0x0C, 0xE0, 0x9D, 0x40, 0x15, 0x90, 0x00, 0x10, 0xE0, 0x60, 0x0F, 0x90, 0x13, 0x32, 0xE0, 0xFD, 0xA3, 0xE0, 0x90,
0x1B, 0x0C, 0xCD, 0xF0, 0xA3, 0xCD, 0xF0, 0x90, 0x1B, 0x0C, 0xE0, 0xFD, 0xA3, 0xE0, 0xFC, 0x90, 0x13, 0x33, 0xE0, 0xD3, 0x9C, 0x90, 0x13, 0x32, 0xE0, 0x9D, 0x40, 0x15, 0x90, 0x00, 0x10, 0xE0,
0x60, 0x0F, 0x90, 0x1B, 0x0C, 0xE0, 0xFD, 0xA3, 0xE0, 0x90, 0x13, 0x32, 0xCD, 0xF0, 0xA3, 0xCD, 0xF0, 0x90, 0x1B, 0x0C, 0xE0, 0xFD, 0xA3, 0xE0, 0x4D, 0x60, 0x08, 0x7C, 0x04, 0x12, 0xE9, 0x84,
0xEC, 0x60, 0x23, 0x90, 0x00, 0x10, 0xE0, 0x60, 0x1D, 0xE4, 0x90, 0x00, 0x10, 0xF0, 0x90, 0x1B, 0x0C, 0xE4, 0xF0, 0xA3, 0xF0, 0x90, 0x13, 0x32, 0xE4, 0xF0, 0xA3, 0xF0, 0xE4, 0xFE, 0xFF, 0xE4,
0xFD, 0x7C, 0x23, 0x12, 0x73, 0xC6, 0x7C, 0x01, 0x12, 0xE9, 0x84, 0xBC, 0x00, 0x02, 0x80, 0x03, 0x02, 0x52, 0xA5, 0x90, 0x17, 0x00, 0xE0, 0xFF, 0xA3, 0xE0, 0xFE, 0x7C, 0x00, 0x12, 0xF0, 0x1E,
0x90, 0x13, 0xC8, 0xED, 0xF0, 0xA3, 0xEC, 0xF0, 0x90, 0x13, 0x5B, 0xE0, 0x30, 0xE5, 0x42, 0x7C, 0x04, 0x12, 0xE9, 0x84, 0xBC, 0x00, 0x3A, 0x90, 0x1B, 0x12, 0xE0, 0xFD, 0xA3, 0xE0, 0x4D, 0x70,
0x30, 0x90, 0x17, 0x06, 0xE0, 0xFD, 0xA3, 0xE0, 0xC3, 0x90, 0x13, 0x2F, 0xFE, 0xE0, 0xCE, 0x9E, 0xFC, 0x90, 0x13, 0x2E, 0xE0, 0xFE, 0xED, 0x9E, 0xFD, 0x90, 0x13, 0x30, 0xE0, 0xFB, 0xA3, 0xE0,
0xFA, 0x12, 0x01, 0x36, 0x90, 0x13, 0xC9, 0xC3, 0xE0, 0x98, 0xF0, 0x90, 0x13, 0xC8, 0xE0, 0x99, 0xF0, 0x78, 0x3F, 0xE4, 0xF6, 0x08, 0xF6, 0xC3, 0x78, 0x40, 0xE6, 0x94, 0x07, 0x18, 0xE6, 0x94,
0x00, 0x50, 0x31, 0x78, 0x40, 0xE6, 0xFC, 0x12, 0xF5, 0xF4, 0xEC, 0x60, 0x1D, 0x90, 0x13, 0x50, 0xE0, 0xFB, 0xA3, 0xE0, 0xFA, 0x90, 0x13, 0xC9, 0xE0, 0x2A, 0xF0, 0x90, 0x13, 0xC8, 0xE0, 0x3B,
0xF0, 0x90, 0x1B, 0x12, 0xE4, 0xF0, 0xA3, 0x74, 0x78, 0xF0, 0x78, 0x40, 0x06, 0xE6, 0x18, 0x70, 0x01, 0x06, 0x80, 0xC3, 0x90, 0x00, 0x10, 0xE0, 0x70, 0x06, 0x90, 0x00, 0x18, 0xE0, 0x60, 0x09,
0x90, 0x1B, 0x12, 0xE4, 0xF0, 0xA3, 0x74, 0x78, 0xF0, 0xC3, 0x90, 0x13, 0xC9, 0xE0, 0x94, 0x64, 0x90, 0x13, 0xC8, 0xE0, 0x64, 0x80, 0x94, 0x80, 0x50, 0x09, 0x90, 0x13, 0xC8, 0xE4, 0xF0, 0xA3,
0x74, 0x64, 0xF0, 0x80, 0x0A, 0x90, 0x13, 0xC8, 0x74, 0x01, 0xF0, 0xA3, 0x74, 0x90, 0xF0, 0x90, 0x12, 0xF0, 0xE0, 0xFD, 0xA3, 0xE0, 0xFC, 0xE4, 0xFB, 0x7A, 0x02, 0x12, 0x01, 0x4F, 0x90, 0x13,
0xC9, 0xE0, 0x28, 0xF8, 0x90, 0x13, 0xC8, 0xE0, 0x39, 0x90, 0x13, 0xCC, 0xF0, 0xA3, 0xE8, 0xF0, 0x90, 0x12, 0xF0, 0xE0, 0xFD, 0xA3, 0xE0, 0xFC, 0xE4, 0xFB, 0x7A, 0x08, 0x12, 0x01, 0x4F, 0x90,
0x13, 0xC9, 0xE0, 0x28, 0xF8, 0x90, 0x13, 0xC8, 0xE0, 0x39, 0x90, 0x13, 0xD0, 0xF0, 0xA3, 0xE8, 0xF0, 0x90, 0x12, 0xF0, 0xE0, 0xFD, 0xA3, 0xE0, 0xFC, 0xE4, 0xFB, 0x7A, 0x04, 0x12, 0x01, 0x4F,
0xC3, 0x90, 0x13, 0xC9, 0xE0, 0x98, 0xFC, 0x90, 0x13, 0xC8, 0xE0, 0x99, 0x90, 0x13, 0xCE, 0xF0, 0xA3, 0xEC, 0xF0, 0x90, 0x12, 0xF0, 0xE0, 0xFD, 0xA3, 0xE0, 0xFC, 0xE4, 0xFB, 0x7A, 0x02, 0x12,
0x01, 0x4F, 0xC3, 0x90, 0x13, 0xC9, 0xE0, 0x98, 0xFC, 0x90, 0x13, 0xC8, 0xE0, 0x99, 0x90, 0x13, 0xCA, 0xF0, 0xA3, 0xEC, 0xF0, 0x90, 0x13, 0x44, 0xE0, 0xFD, 0xA3, 0xE0, 0xFC, 0xE4, 0xFB, 0x7A,
0x02, 0x12, 0x01, 0x4F, 0x90, 0x13, 0x43, 0xE0, 0x28, 0xF8, 0x90, 0x13, 0x42, 0xE0, 0x39, 0x90, 0x13, 0xD4, 0xF0, 0xA3, 0xE8, 0xF0, 0x90, 0x13, 0x44, 0xE0, 0xFD, 0xA3, 0xE0, 0xFC, 0xE4, 0xFB,
0x7A, 0x02, 0x12, 0x01, 0x4F, 0xC3, 0x90, 0x13, 0x43, 0xE0, 0x98, 0xFC, 0x90, 0x13, 0x42, 0xE0, 0x99, 0xFD, 0x90, 0x13, 0xD2, 0xF0, 0xA3, 0xEC, 0xF0, 0x90, 0x00, 0x0F, 0xE0, 0x70, 0x06, 0x90,
0x00, 0x0E, 0xE0, 0x60, 0x11, 0x90, 0x13, 0x48, 0xE0, 0xFD, 0xA3, 0xE0, 0x90, 0x13, 0xEA, 0xCD, 0xF0, 0xA3, 0xCD, 0xF0, 0x80, 0x0F, 0x90, 0x13, 0xD4, 0xE0, 0xFD, 0xA3, 0xE0, 0x90, 0x13, 0xEA,
0xCD, 0xF0, 0xA3, 0xCD, 0xF0, 0x90, 0x1B, 0x0A, 0xE0, 0xFD, 0xA3, 0xE0, 0x4D, 0x60, 0x17, 0x90, 0x13, 0x49, 0xE0, 0x24, 0xCE, 0xFC, 0x90, 0x13, 0x48, 0xE0, 0x34, 0xFF, 0xFD, 0x90, 0x13, 0xEC,
0xF0, 0xA3, 0xEC, 0xF0, 0x80, 0x0F, 0x90, 0x13, 0xD2, 0xE0, 0xFD, 0xA3, 0xE0, 0x90, 0x13, 0xEC, 0xCD, 0xF0, 0xA3, 0xCD, 0xF0, 0x90, 0x13, 0x5B, 0xE0, 0x30, 0xE2, 0x03, 0x02, 0x54, 0x83, 0x90,
0x17, 0x00, 0xE0, 0xFF, 0xA3, 0xE0, 0xFE, 0x7C, 0x01, 0x12, 0xF0, 0x1E, 0x90, 0x13, 0xC6, 0xED, 0xF0, 0xA3, 0xEC, 0xF0, 0x90, 0x13, 0x5B, 0xE0, 0x20, 0xE5, 0x03, 0x02, 0x54, 0x83, 0x7C, 0x04,
0x12, 0xE9, 0x84, 0xBC, 0x00, 0x7D, 0x90, 0x1B, 0x12, 0xE0, 0xFD, 0xA3, 0xE0, 0x4D, 0x70, 0x30, 0x90, 0x17, 0x06, 0xE0, 0xFD, 0xA3, 0xE0, 0xC3, 0x90, 0x13, 0x2F, 0xFE, 0xE0, 0xCE, 0x9E, 0xFC,
0x90, 0x13, 0x2E, 0xE0, 0xFE, 0xED, 0x9E, 0xFD, 0x90, 0x13, 0x30, 0xE0, 0xFB, 0xA3, 0xE0, 0xFA, 0x12, 0x01, 0x36, 0x90, 0x13, 0xC7, 0xC3, 0xE0, 0x98, 0xF0, 0x90, 0x13, 0xC6, 0xE0, 0x99, 0xF0,
0x78, 0x3F, 0xE4, 0xF6, 0x08, 0xF6, 0xC3, 0x78, 0x40, 0xE6, 0x94, 0x07, 0x18, 0xE6, 0x94, 0x00, 0x50, 0x31, 0x78, 0x40, 0xE6, 0xFC, 0x12, 0xF5, 0xF4, 0xEC, 0x60, 0x1D, 0x90, 0x13, 0x50, 0xE0,
0xFB, 0xA3, 0xE0, 0xFA, 0x90, 0x13, 0xC7, 0xE0, 0x2A, 0xF0, 0x90, 0x13, 0xC6, 0xE0, 0x3B, 0xF0, 0x90, 0x1B, 0x12, 0xE4, 0xF0, 0xA3, 0x74, 0x78, 0xF0, 0x78, 0x40, 0x06, 0xE6, 0x18, 0x70, 0x01,
0x06, 0x80, 0xC3, 0x90, 0x12, 0xF8, 0xE0, 0xFD, 0xA3, 0xE0, 0xFC, 0x90, 0x13, 0xC7, 0xE0, 0xD3, 0x9C, 0x90, 0x13, 0xC6, 0xE0, 0x64, 0x80, 0xCD, 0x64, 0x80, 0xCD, 0x9D, 0x40, 0x0F, 0x90, 0x12,
0xF8, 0xE0, 0xFD, 0xA3, 0xE0, 0x90, 0x13, 0xC6, 0xCD, 0xF0, 0xA3, 0xCD, 0xF0, 0xC3, 0x90, 0x13, 0xC7, 0xE0, 0x94, 0x64, 0x90, 0x13, 0xC6, 0xE0, 0x64, 0x80, 0x94, 0x80, 0x50, 0x09, 0x90, 0x13,
0xC6, 0xE4, 0xF0, 0xA3, 0x74, 0x64, 0xF0, 0x90, 0x13, 0x38, 0xE0, 0xFD, 0xA3, 0xE0, 0x90, 0x13, 0xE0, 0xCD, 0xF0, 0xA3, 0xCD, 0xF0, 0x90, 0x13, 0x3A, 0xE0, 0xFD, 0xA3, 0xE0, 0xFC, 0xE4, 0xFB,
0x7A, 0x03, 0x12, 0x01, 0x36, 0xE4, 0xFB, 0x7A, 0x08, 0x12, 0x01, 0x60, 0xC3, 0x90, 0x13, 0xE1, 0xE0, 0x98, 0xFC, 0x90, 0x13, 0xE0, 0xE0, 0x99, 0x90, 0x13, 0xE4, 0xF0, 0xA3, 0xEC, 0xF0, 0x90,
0x13, 0x3A, 0xE0, 0xFD, 0xA3, 0xE0, 0xFC, 0xE4, 0xFB, 0x7A, 0x02, 0x12, 0x01, 0x4F, 0xC3, 0x90, 0x13, 0xE1, 0xE0, 0x98, 0xFC, 0x90, 0x13, 0xE0, 0xE0, 0x99, 0x90, 0x13, 0xDC, 0xF0, 0xA3, 0xEC,
0xF0, 0x90, 0x13, 0x3A, 0xE0, 0xFD, 0xA3, 0xE0, 0xFC, 0xE4, 0xFB, 0x7A, 0x03, 0x12, 0x01, 0x36, 0xE4, 0xFB, 0x7A, 0x04, 0x12, 0x01, 0x60, 0xC3, 0x90, 0x13, 0xE1, 0xE0, 0x98, 0xFC, 0x90, 0x13,
0xE0, 0xE0, 0x99, 0x90, 0x13, 0xE2, 0xF0, 0xA3, 0xEC, 0xF0, 0x90, 0x13, 0xE0, 0xE0, 0xFD, 0xA3, 0xE0, 0xC3, 0x90, 0x13, 0x3B, 0xFE, 0xE0, 0xCE, 0x9E, 0xFC, 0x90, 0x13, 0x3A, 0xE0, 0xFE, 0xED,
0x9E, 0x90, 0x13, 0xDE, 0xF0, 0xA3, 0xEC, 0xF0, 0x90, 0x1A, 0xEE, 0xE0, 0xFD, 0xA3, 0xE0, 0x4D, 0x60, 0x37, 0x90, 0x16, 0xE2, 0xE0, 0xFD, 0xA3, 0xE0, 0x4D, 0x60, 0x2D, 0x90, 0x13, 0x65, 0xE0,
0x14, 0x70, 0x06, 0x90, 0x13, 0x64, 0xE0, 0x60, 0x1C, 0x90, 0x13, 0x65, 0xE0, 0x64, 0x02, 0x70, 0x06, 0x90, 0x13, 0x64, 0xE0, 0x60, 0x0E, 0x90, 0x13, 0x65, 0xE0, 0x64, 0x03, 0x70, 0x04, 0x90,
0x13, 0x64, 0xE0, 0x70, 0x04, 0x74, 0x01, 0x80, 0x01, 0xE4, 0x90, 0x00, 0x16, 0xF0, 0x78, 0x3F, 0xE4, 0xF6, 0x08, 0xF6, 0xC3, 0x78, 0x40, 0xE6, 0x94, 0x07, 0x18, 0xE6, 0x94, 0x00, 0x50, 0x26,
0x90, 0x1A, 0xEE, 0xE0, 0xFD, 0xA3, 0xE0, 0x4D, 0x60, 0x12, 0x78, 0x40, 0xE6, 0x24, 0x07, 0xFC, 0x12, 0xF5, 0xF4, 0xEC, 0x60, 0x06, 0x74, 0x01, 0x90, 0x00, 0x16, 0xF0, 0x78, 0x40, 0x06, 0xE6,
0x18, 0x70, 0x01, 0x06, 0x80, 0xCE, 0x90, 0x16, 0xE2, 0xE0, 0xFD, 0xA3, 0xE0, 0x4D, 0x60, 0x2D, 0x90, 0x13, 0x65, 0xE0, 0x14, 0x70, 0x06, 0x90, 0x13, 0x64, 0xE0, 0x60, 0x1C, 0x90, 0x13, 0x65,
0xE0, 0x64, 0x02, 0x70, 0x06, 0x90, 0x13, 0x64, 0xE0, 0x60, 0x0E, 0x90, 0x13, 0x65, 0xE0, 0x64, 0x04, 0x70, 0x04, 0x90, 0x13, 0x64, 0xE0, 0x70, 0x04, 0x74, 0x01, 0x80, 0x01, 0xE4, 0x90, 0x00,
0x17, 0xF0, 0x78, 0x3F, 0xE4, 0xF6, 0x08, 0xF6, 0xC3, 0x78, 0x40, 0xE6, 0x94, 0x07, 0x18, 0xE6, 0x94, 0x00, 0x50, 0x1C, 0x78, 0x40, 0xE6, 0x24, 0x0E, 0xFC, 0x12, 0xF5, 0xF4, 0xEC, 0x60, 0x06,
0x74, 0x01, 0x90, 0x00, 0x17, 0xF0, 0x78, 0x40, 0x06, 0xE6, 0x18, 0x70, 0x01, 0x06, 0x80, 0xD8, 0x90, 0x16, 0xE2, 0xE0, 0xFD, 0xA3, 0xE0, 0x4D, 0x60, 0x1C, 0x90, 0x13, 0xDB, 0xE0, 0x64, 0xC9,
0x70, 0x06, 0x90, 0x13, 0xDA, 0xE0, 0x60, 0x0E, 0x90, 0x13, 0x64, 0xE0, 0xFD, 0xA3, 0xE0, 0x4D, 0x70, 0x04, 0x74, 0x01, 0x80, 0x01, 0xE4, 0x90, 0x00, 0x18, 0xF0, 0x7C, 0x04, 0x12, 0xE9, 0x84,
0xEC, 0x60, 0x05, 0xE4, 0x90, 0x00, 0x18, 0xF0, 0x90, 0x13, 0x60, 0xE0, 0xFD, 0xA3, 0xE0, 0x4D, 0x70, 0x13, 0x90, 0x1A, 0xEE, 0xE0, 0xFD, 0xA3, 0xE0, 0x4D, 0x60, 0x09, 0x90, 0x00, 0x1B, 0xE0,
0x70, 0x03, 0xE4, 0x80, 0x02, 0x74, 0x01, 0x90, 0x00, 0x19, 0xF0, 0x60, 0x05, 0xE4, 0x90, 0x00, 0x1C, 0xF0, 0x22, 0xC3, 0x90, 0x13, 0xC5, 0xE0, 0x94, 0x05, 0x90, 0x13, 0xC4, 0xE0, 0x94, 0x00,
0xB3, 0xE4, 0x92, 0xE0, 0xFC, 0x7D, 0x00, 0x78, 0x3B, 0xED, 0xF6, 0x08, 0xEC, 0xF6, 0x90, 0x00, 0x10, 0xE0, 0x70, 0x06, 0x90, 0x00, 0x18, 0xE0, 0x60, 0x61, 0x90, 0x00, 0x18, 0xE0, 0x60, 0x0A,
0x90, 0x13, 0xDA, 0xE0, 0xFD, 0xA3, 0xE0, 0xFC, 0x80, 0x04, 0xE4, 0xFD, 0x7C, 0x96, 0x78, 0x3D, 0xED, 0xF6, 0x08, 0xEC, 0xF6, 0x24, 0xF8, 0xFC, 0xED, 0x34, 0xFF, 0xFD, 0x90, 0x17, 0x07, 0xE0,
0xC3, 0x9C, 0x90, 0x17, 0x06, 0xE0, 0x64, 0x80, 0xCD, 0x64, 0x80, 0xCD, 0x9D, 0x50, 0x06, 0x74, 0x01, 0x90, 0x00, 0x07, 0xF0, 0x78, 0x3E, 0xE6, 0x24, 0x08, 0xFC, 0x18, 0xE6, 0x34, 0x00, 0xFD,
0x90, 0x17, 0x07, 0xE0, 0xD3, 0x9C, 0x90, 0x17, 0x06, 0xE0, 0x64, 0x80, 0xCD, 0x64, 0x80, 0xCD, 0x9D, 0x40, 0x05, 0xE4, 0x90, 0x00, 0x07, 0xF0, 0x02, 0x57, 0xD7, 0x90, 0x13, 0x5B, 0xE0, 0x20,
0xE0, 0x07, 0x90, 0x13, 0x5B, 0xE0, 0x30, 0xE1, 0x4D, 0x90, 0x16, 0xFE, 0xE0, 0xFD, 0xA3, 0xE0, 0xFC, 0x90, 0x13, 0xCB, 0xE0, 0xC3, 0x9C, 0x90, 0x13, 0xCA, 0xE0, 0x9D, 0x40, 0x0C, 0x90, 0x00,
0x11, 0xE0, 0x70, 0x06, 0x74, 0x01, 0x90, 0x00, 0x07, 0xF0, 0x90, 0x16, 0xFE, 0xE0, 0xFD, 0xA3, 0xE0, 0xFC, 0x90, 0x13, 0xCD, 0xE0, 0xD3, 0x9C, 0x90, 0x13, 0xCC, 0xE0, 0x9D, 0x40, 0x06, 0x90,
0x00, 0x11, 0xE0, 0x60, 0x0F, 0x90, 0x1B, 0x06, 0xE0, 0xFD, 0xA3, 0xE0, 0x4D, 0x70, 0x05, 0xE4, 0x90, 0x00, 0x07, 0xF0, 0x80, 0x41, 0x90, 0x17, 0x0C, 0xE0, 0xFD, 0xA3, 0xE0, 0xFC, 0x90, 0x13,
0xDF, 0xE0, 0xC3, 0x9C, 0x90, 0x13, 0xDE, 0xE0, 0x9D, 0x40, 0x0C, 0x90, 0x00, 0x11, 0xE0, 0x70, 0x06, 0x74, 0x01, 0x90, 0x00, 0x07, 0xF0, 0x90, 0x17, 0x0C, 0xE0, 0xFD, 0xA3, 0xE0, 0xFC, 0x90,
0x13, 0xE1, 0xE0, 0xD3, 0x9C, 0x90, 0x13, 0xE0, 0xE0, 0x9D, 0x40, 0x06, 0x90, 0x00, 0x11, 0xE0, 0x60, 0x05, 0xE4, 0x90, 0x00, 0x07, 0xF0, 0x90, 0x13, 0x62, 0xE0, 0xFD, 0xA3, 0xE0, 0x4D, 0x70,
0x13, 0x90, 0x1A, 0xEE, 0xE0, 0xFD, 0xA3, 0xE0, 0x4D, 0x60, 0x09, 0x90, 0x00, 0x1B, 0xE0, 0x70, 0x03, 0x02, 0x5A, 0x05, 0x90, 0x16, 0xE8, 0xE0, 0xFD, 0xA3, 0xE0, 0x4D, 0x70, 0x1F, 0x90, 0x1A,
0xEE, 0xE0, 0xFD, 0xA3, 0xE0, 0x4D, 0x60, 0x15, 0x90, 0x00, 0x1B, 0xE0, 0x70, 0x0F, 0x90, 0x13, 0x90, 0xE0, 0xFD, 0xA3, 0xE0, 0x90, 0x1A, 0xEC, 0xCD, 0xF0, 0xA3, 0xCD, 0xF0, 0x90, 0x00, 0x10,
0xE0, 0x70, 0x09, 0x90, 0x00, 0x18, 0xE0, 0x70, 0x03, 0x02, 0x58, 0xDF, 0x90, 0x00, 0x18, 0xE0, 0x60, 0x0A, 0x90, 0x13, 0xDA, 0xE0, 0xFD, 0xA3, 0xE0, 0xFC, 0x80, 0x04, 0xE4, 0xFD, 0x7C, 0x96,
0x78, 0x3D, 0xED, 0xF6, 0x08, 0xEC, 0xF6, 0x90, 0x00, 0x08, 0xE0, 0x70, 0x4A, 0x90, 0x17, 0x06, 0xE0, 0xFD, 0xA3, 0xE0, 0xFC, 0x90, 0x00, 0x04, 0xE0, 0xC3, 0x9C, 0x90, 0x00, 0x03, 0xE0, 0x64,
0x80, 0xCD, 0x64, 0x80, 0xCD, 0x9D, 0x50, 0x2F, 0x78, 0x3E, 0xE6, 0x24, 0xF8, 0xFC, 0x18, 0xE6, 0x34, 0xFF, 0xFD, 0x90, 0x17, 0x07, 0xE0, 0xD3, 0x9C, 0x90, 0x17, 0x06, 0xE0, 0x64, 0x80, 0xCD,
0x64, 0x80, 0xCD, 0x9D, 0x40, 0x11, 0x90, 0x13, 0x90, 0xE0, 0xFD, 0xA3, 0xE0, 0x90, 0x1A, 0xEC, 0xCD, 0xF0, 0xA3, 0xCD, 0xF0, 0x80, 0x1C, 0x90, 0x00, 0x07, 0xE0, 0x60, 0x16, 0x90, 0x1A, 0xEC,
0xE0, 0xFD, 0xA3, 0xE0, 0x4D, 0x70, 0x0C, 0x90, 0x1B, 0xF0, 0xE0, 0x60, 0x06, 0x74, 0x01, 0x90, 0x00, 0x08, 0xF0, 0x90, 0x17, 0x06, 0xE0, 0xFD, 0xA3, 0xE0, 0x90, 0x00, 0x03, 0xCD, 0xF0, 0xA3,
0xCD, 0xF0, 0x90, 0x1A, 0xEE, 0xE0, 0xFD, 0xA3, 0xE0, 0x4D, 0x60, 0x0A, 0x90, 0x13, 0x60, 0xE0, 0xFD, 0xA3, 0xE0, 0x4D, 0x60, 0x06, 0x74, 0x01, 0x90, 0x00, 0x08, 0xF0, 0x02, 0x5A, 0x05, 0x90,
0x13, 0x5B, 0xE0, 0x20, 0xE0, 0x0A, 0x90, 0x13, 0x5B, 0xE0, 0x20, 0xE1, 0x03, 0x02, 0x59, 0x7F, 0x90, 0x00, 0x08, 0xE0, 0x70, 0x41, 0x90, 0x16, 0xFE, 0xE0, 0xFD, 0xA3, 0xE0, 0xFC, 0x90, 0x00,
0x02, 0xE0, 0xC3, 0x9C, 0x90, 0x00, 0x01, 0xE0, 0x64, 0x80, 0xCD, 0x64, 0x80, 0xCD, 0x9D, 0x50, 0x26, 0x90, 0x16, 0xFE, 0xE0, 0xFD, 0xA3, 0xE0, 0xFC, 0x90, 0x13, 0xCB, 0xE0, 0xC3, 0x9C, 0x90,
0x13, 0xCA, 0xE0, 0x9D, 0x50, 0x11, 0x90, 0x13, 0x90, 0xE0, 0xFD, 0xA3, 0xE0, 0x90, 0x1A, 0xEC, 0xCD, 0xF0, 0xA3, 0xCD, 0xF0, 0x80, 0x1C, 0x90, 0x00, 0x07, 0xE0, 0x60, 0x16, 0x90, 0x1A, 0xEC,
0xE0, 0xFD, 0xA3, 0xE0, 0x4D, 0x70, 0x0C, 0x90, 0x1B, 0xF0, 0xE0, 0x60, 0x06, 0x74, 0x01, 0x90, 0x00, 0x08, 0xF0, 0x90, 0x16, 0xFE, 0xE0, 0xFD, 0xA3, 0xE0, 0x90, 0x00, 0x01, 0xCD, 0xF0, 0xA3,
0xCD, 0xF0, 0x90, 0x1A, 0xEE, 0xE0, 0xFD, 0xA3, 0xE0, 0x4D, 0x60, 0x0A, 0x90, 0x13, 0x60, 0xE0, 0xFD, 0xA3, 0xE0, 0x4D, 0x60, 0x06, 0x74, 0x01, 0x90, 0x00, 0x08, 0xF0, 0x02, 0x5A, 0x05, 0x90,
0x00, 0x08, 0xE0, 0x70, 0x41, 0x90, 0x17, 0x0C, 0xE0, 0xFD, 0xA3, 0xE0, 0xFC, 0x90, 0x00, 0x06, 0xE0, 0xC3, 0x9C, 0x90, 0x00, 0x05, 0xE0, 0x64, 0x80, 0xCD, 0x64, 0x80, 0xCD, 0x9D, 0x50, 0x26,
0x90, 0x17, 0x04, 0xE0, 0xFD, 0xA3, 0xE0, 0xFC, 0x90, 0x13, 0xDF, 0xE0, 0xC3, 0x9C, 0x90, 0x13, 0xDE, 0xE0, 0x9D, 0x50, 0x11, 0x90, 0x13, 0x90, 0xE0, 0xFD, 0xA3, 0xE0, 0x90, 0x1A, 0xEC, 0xCD,
0xF0, 0xA3, 0xCD, 0xF0, 0x80, 0x16, 0x90, 0x1A, 0xEC, 0xE0, 0xFD, 0xA3, 0xE0, 0x4D, 0x70, 0x0C, 0x90, 0x1B, 0xF0, 0xE0, 0x60, 0x06, 0x74, 0x01, 0x90, 0x00, 0x08, 0xF0, 0x90, 0x17, 0x0C, 0xE0,
0xFD, 0xA3, 0xE0, 0x90, 0x00, 0x05, 0xCD, 0xF0, 0xA3, 0xCD, 0xF0, 0x90, 0x1A, 0xEE, 0xE0, 0xFD, 0xA3, 0xE0, 0x4D, 0x60, 0x0A, 0x90, 0x13, 0x60, 0xE0, 0xFD, 0xA3, 0xE0, 0x4D, 0x60, 0x06, 0x74,
0x01, 0x90, 0x00, 0x08, 0xF0, 0x90, 0x13, 0x5B, 0xE0, 0x30, 0xE0, 0x2F, 0x90, 0x13, 0xC4, 0xE0, 0xFD, 0xA3, 0xE0, 0x4D, 0x60, 0x06, 0x74, 0x01, 0x90, 0x00, 0x15, 0xF0, 0x90, 0x13, 0xC4, 0xE0,
0xFD, 0xA3, 0xE0, 0x4D, 0x70, 0x15, 0x90, 0x00, 0x15, 0xE0, 0x60, 0x0F, 0xE4, 0x90, 0x00, 0x08, 0xF0, 0xE4, 0x90, 0x00, 0x09, 0xF0, 0xE4, 0x90, 0x00, 0x15, 0xF0, 0x90, 0x13, 0x5B, 0xE0, 0x30,
0xE1, 0x3C, 0x90, 0x16, 0xEA, 0xE0, 0xFD, 0xA3, 0xE0, 0x4D, 0x70, 0x32, 0x90, 0x16, 0xEC, 0xE0, 0xFD, 0xA3, 0xE0, 0x4D, 0x70, 0x28, 0x90, 0x1A, 0xF4, 0xE0, 0xFD, 0xA3, 0xE0, 0x4D, 0x70, 0x1E,
0xE4, 0x90, 0x00, 0x08, 0xF0, 0xE4, 0x90, 0x00, 0x09, 0xF0, 0x90, 0x13, 0x90, 0xE0, 0xFD, 0xA3, 0xE0, 0x90, 0x1A, 0xEC, 0xCD, 0xF0, 0xA3, 0xCD, 0xF0, 0xE4, 0x90, 0x1B, 0xF0, 0xF0, 0x90, 0x00,
0x1B, 0xE0, 0x60, 0x07, 0x90, 0x1A, 0xEC, 0xE4, 0xF0, 0xA3, 0xF0, 0x90, 0x00, 0x10, 0xE0, 0x70, 0x09, 0x90, 0x00, 0x18, 0xE0, 0x70, 0x03, 0x02, 0x5B, 0x36, 0x90, 0x00, 0x08, 0xE0, 0x60, 0x5E,
0x90, 0x00, 0x18, 0xE0, 0x60, 0x0A, 0x90, 0x13, 0xDA, 0xE0, 0xFD, 0xA3, 0xE0, 0xFC, 0x80, 0x04, 0xE4, 0xFD, 0x7C, 0x96, 0x78, 0x3D, 0xED, 0xF6, 0x08, 0xEC, 0xF6, 0x24, 0xFC, 0xFC, 0xED, 0x34,
0xFF, 0xFD, 0x90, 0x17, 0x07, 0xE0, 0xC3, 0x9C, 0x90, 0x17, 0x06, 0xE0, 0x64, 0x80, 0xCD, 0x64, 0x80, 0xCD, 0x9D, 0x50, 0x06, 0x74, 0x01, 0x90, 0x00, 0x09, 0xF0, 0x78, 0x3E, 0xE6, 0x24, 0x02,
0xFC, 0x18, 0xE6, 0x34, 0x00, 0xFD, 0x90, 0x17, 0x07, 0xE0, 0xD3, 0x9C, 0x90, 0x17, 0x06, 0xE0, 0x64, 0x80, 0xCD, 0x64, 0x80, 0xCD, 0x9D, 0x40, 0x05, 0xE4, 0x90, 0x00, 0x09, 0xF0, 0x90, 0x12,
0xF0, 0xE0, 0xFD, 0xA3, 0xE0, 0xFC, 0xE4, 0xFB, 0x7A, 0x02, 0x12, 0x01, 0x4F, 0xC3, 0xE4, 0x98, 0xF8, 0xE4, 0x99, 0xF9, 0x90, 0x13, 0xC9, 0xE0, 0x28, 0xF8, 0x90, 0x13, 0xC8, 0xE0, 0x39, 0xF9,
0x90, 0x16, 0xFF, 0xE0, 0xD3, 0x98, 0x90, 0x16, 0xFE, 0xE0, 0x99, 0x50, 0x06, 0x74, 0x01, 0x90, 0x1B, 0xF0, 0xF0, 0x02, 0x5C, 0x91, 0x90, 0x13, 0x5B, 0xE0, 0x20, 0xE0, 0x0A, 0x90, 0x13, 0x5B,
0xE0, 0x20, 0xE1, 0x03, 0x02, 0x5C, 0x15, 0x90, 0x00, 0x08, 0xE0, 0x70, 0x03, 0x02, 0x5B, 0xDE, 0x90, 0x00, 0x07, 0xE0, 0x60, 0x2F, 0x90, 0x12, 0xF0, 0xE0, 0xFD, 0xA3, 0xE0, 0xFC, 0xE4, 0xFB,
0x7A, 0x02, 0x12, 0x01, 0x4F, 0xC3, 0xE4, 0x98, 0xF8, 0xE4, 0x99, 0xF9, 0x90, 0x13, 0xC9, 0xE0, 0x28, 0xF8, 0x90, 0x13, 0xC8, 0xE0, 0x39, 0xF9, 0x90, 0x16, 0xFF, 0xE0, 0xD3, 0x98, 0x90, 0x16,
0xFE, 0xE0, 0x99, 0x40, 0x10, 0x90, 0x00, 0x0A, 0xE0, 0x60, 0x10, 0x90, 0x13, 0x60, 0xE0, 0xFD, 0xA3, 0xE0, 0x4D, 0x60, 0x06, 0x74, 0x01, 0x90, 0x00, 0x09, 0xF0, 0x90, 0x00, 0x07, 0xE0, 0x60,
0x3D, 0x90, 0x12, 0xF0, 0xE0, 0xFD, 0xA3, 0xE0, 0xFC, 0xE4, 0xFB, 0x7A, 0x02, 0x12, 0x01, 0x4F, 0x90, 0x13, 0xC9, 0xE0, 0x28, 0xF8, 0x90, 0x13, 0xC8, 0xE0, 0x39, 0xF9, 0x90, 0x16, 0xFF, 0xE0,
0xC3, 0x98, 0x90, 0x16, 0xFE, 0xE0, 0x99, 0x40, 0x15, 0x90, 0x00, 0x0A, 0xE0, 0x60, 0x0A, 0x90, 0x13, 0x60, 0xE0, 0xFD, 0xA3, 0xE0, 0x4D, 0x70, 0x05, 0xE4, 0x90, 0x00, 0x09, 0xF0, 0x90, 0x12,
0xF0, 0xE0, 0xFD, 0xA3, 0xE0, 0xFC, 0xE4, 0xFB, 0x7A, 0x02, 0x12, 0x01, 0x4F, 0xC3, 0xE4, 0x98, 0xF8, 0xE4, 0x99, 0xF9, 0x90, 0x13, 0xC9, 0xE0, 0x28, 0xF8, 0x90, 0x13, 0xC8, 0xE0, 0x39, 0xF9,
0x90, 0x16, 0xFF, 0xE0, 0xD3, 0x98, 0x90, 0x16, 0xFE, 0xE0, 0x99, 0x50, 0x06, 0x74, 0x01, 0x90, 0x1B, 0xF0, 0xF0, 0x80, 0x7C, 0x90, 0x00, 0x08, 0xE0, 0x60, 0x41, 0x90, 0x00, 0x07, 0xE0, 0x60,
0x1B, 0x90, 0x17, 0x0C, 0xE0, 0xFD, 0xA3, 0xE0, 0xFC, 0x90, 0x13, 0xE3, 0xE0, 0xC3, 0x9C, 0x90, 0x13, 0xE2, 0xE0, 0x9D, 0x40, 0x06, 0x74, 0x01, 0x90, 0x00, 0x09, 0xF0, 0x90, 0x00, 0x07, 0xE0,
0x60, 0x1A, 0x90, 0x17, 0x0C, 0xE0, 0xFD, 0xA3, 0xE0, 0xFC, 0x90, 0x13, 0xE5, 0xE0, 0xD3, 0x9C, 0x90, 0x13, 0xE4, 0xE0, 0x9D, 0x50, 0x05, 0xE4, 0x90, 0x00, 0x09, 0xF0, 0x90, 0x12, 0xF0, 0xE0,
0xFD, 0xA3, 0xE0, 0xFC, 0xE4, 0xFB, 0x7A, 0x02, 0x12, 0x01, 0x4F, 0xC3, 0xE4, 0x98, 0xF8, 0xE4, 0x99, 0xF9, 0x90, 0x13, 0xC7, 0xE0, 0x28, 0xF8, 0x90, 0x13, 0xC6, 0xE0, 0x39, 0xF9, 0x90, 0x17,
0x05, 0xE0, 0xD3, 0x98, 0x90, 0x17, 0x04, 0xE0, 0x99, 0x50, 0x06, 0x74, 0x01, 0x90, 0x1B, 0xF0, 0xF0, 0x90, 0x1B, 0xF0, 0xE0, 0x70, 0x0F, 0x90, 0x13, 0x90, 0xE0, 0xFD, 0xA3, 0xE0, 0x90, 0x1A,
0xEC, 0xCD, 0xF0, 0xA3, 0xCD, 0xF0, 0x90, 0x13, 0x5B, 0xE0, 0x20, 0xE0, 0x0A, 0x90, 0x13, 0x5B, 0xE0, 0x20, 0xE1, 0x03, 0x02, 0x5F, 0xED, 0x90, 0x1B, 0x0A, 0xE0, 0xFD, 0xA3, 0xE0, 0x4D, 0x60,
0x27, 0x90, 0x00, 0x0F, 0xE0, 0x70, 0x21, 0x90, 0x00, 0x17, 0xE0, 0x70, 0x1B, 0x74, 0x01, 0x90, 0x00, 0x0F, 0xF0, 0x74, 0x01, 0x90, 0x00, 0x0A, 0xF0, 0x90, 0x1B, 0x0A, 0xE0, 0xFD, 0xA3, 0xE0,
0x90, 0x13, 0x3E, 0xCD, 0xF0, 0xA3, 0xCD, 0xF0, 0x90, 0x1B, 0x0A, 0xE0, 0xFD, 0xA3, 0xE0, 0x4D, 0x60, 0x08, 0x7C, 0x0B, 0x12, 0xE9, 0x84, 0xEC, 0x60, 0x06, 0x90, 0x00, 0x0F, 0xE0, 0x70, 0x06,
0x90, 0x00, 0x17, 0xE0, 0x60, 0x35, 0x90, 0x1B, 0xF2, 0xE0, 0x70, 0x2F, 0xE4, 0x90, 0x00, 0x0F, 0xF0, 0xE4, 0x90, 0x00, 0x0A, 0xF0, 0xE4, 0x90, 0x00, 0x0C, 0xF0, 0x90, 0x1B, 0x0A, 0xE4, 0xF0,
0xA3, 0xF0, 0x90, 0x13, 0x3E, 0xE4, 0xF0, 0xA3, 0xF0, 0xE4, 0xFE, 0xFF, 0xE4, 0xFD, 0x7C, 0x29, 0x12, 0x73, 0xC6, 0x74, 0x01, 0x90, 0x1B, 0xF2, 0xF0, 0x80, 0x11, 0x90, 0x1B, 0xF2, 0xE0, 0x60,
0x0B, 0x90, 0x00, 0x17, 0xE0, 0x70, 0x05, 0xE4, 0x90, 0x1B, 0xF2, 0xF0, 0x90, 0x1B, 0x08, 0xE0, 0xFD, 0xA3, 0xE0, 0x4D, 0x60, 0x0C, 0x90, 0x00, 0x0D, 0xE0, 0x70, 0x06, 0x74, 0x01, 0x90, 0x00,
0x0D, 0xF0, 0x90, 0x13, 0x40, 0xE0, 0xFD, 0xA3, 0xE0, 0x4D, 0x70, 0x0F, 0xE4, 0x90, 0x00, 0x0D, 0xF0, 0xE4, 0x90, 0x00, 0x0E, 0xF0, 0xE4, 0x90, 0x00, 0x0B, 0xF0, 0x90, 0x1B, 0x08, 0xE0, 0xFD,
0xA3, 0xE0, 0x4D, 0x70, 0x17, 0x90, 0x00, 0x0D, 0xE0, 0x60, 0x11, 0x90, 0x00, 0x0E, 0xE0, 0x70, 0x0B, 0x74, 0x01, 0x90, 0x00, 0x0E, 0xF0, 0xE4, 0x90, 0x00, 0x0B, 0xF0, 0x90, 0x00, 0x0E, 0xE0,
0x60, 0x1B, 0x90, 0x00, 0x0A, 0xE0, 0x70, 0x15, 0x90, 0x00, 0x0B, 0xE0, 0x70, 0x0F, 0x90, 0x13, 0x4A, 0xE0, 0xFD, 0xA3, 0xE0, 0x90, 0x1A, 0xF8, 0xCD, 0xF0, 0xA3, 0xCD, 0xF0, 0x90, 0x1A, 0xF8,
0xE0, 0xFD, 0xA3, 0xE0, 0x4D, 0x70, 0x2D, 0x90, 0x00, 0x0E, 0xE0, 0x60, 0x27, 0xE4, 0x90, 0x00, 0x0E, 0xF0, 0x90, 0x13, 0x3C, 0xE0, 0xFD, 0xA3, 0xE0, 0xFC, 0xE4, 0xFB, 0x7A, 0x3C, 0x12, 0x01,
0xB2, 0x90, 0x1B, 0x08, 0xE9, 0xF0, 0xA3, 0xE8, 0xF0, 0xE4, 0x90, 0x00, 0x0B, 0xF0, 0x74, 0x01, 0x90, 0x1B, 0xF1, 0xF0, 0x90, 0x1B, 0x08, 0xE0, 0xFD, 0xA3, 0xE0, 0x4D, 0x70, 0x20, 0x90, 0x1B,
0xF1, 0xE0, 0x60, 0x1A, 0x74, 0x01, 0x90, 0x00, 0x0A, 0xF0, 0xE4, 0x90, 0x1B, 0xF1, 0xF0, 0x90, 0x13, 0x4A, 0xE0, 0xFD, 0xA3, 0xE0, 0x90, 0x1A, 0xF8, 0xCD, 0xF0, 0xA3, 0xCD, 0xF0, 0x90, 0x13,
0x5B, 0xE0, 0x30, 0xE6, 0x03, 0x02, 0x5F, 0x9A, 0x90, 0x13, 0x5B, 0xE0, 0x20, 0xE3, 0x03, 0x02, 0x5F, 0x86, 0x7C, 0x02, 0x12, 0xE9, 0x84, 0xBC, 0x00, 0x02, 0x80, 0x03, 0x02, 0x5F, 0x86, 0x90,
0x17, 0x14, 0xE0, 0xFD, 0xA3, 0xE0, 0xFC, 0x90, 0x13, 0xD3, 0xE0, 0xD3, 0x9C, 0x90, 0x13, 0xD2, 0xE0, 0x64, 0x80, 0xCD, 0x64, 0x80, 0xCD, 0x9D, 0x40, 0x22, 0x90, 0x00, 0x0A, 0xE0, 0x70, 0x1C,
0x74, 0x01, 0x90, 0x00, 0x0A, 0xF0, 0x90, 0x00, 0x0E, 0xE0, 0x60, 0x05, 0xE4, 0x90, 0x00, 0x0B, 0xF0, 0x90, 0x00, 0x0F, 0xE0, 0x60, 0x05, 0xE4, 0x90, 0x00, 0x0C, 0xF0, 0x90, 0x13, 0xD4, 0xE0,
0xFD, 0xA3, 0xE0, 0xFC, 0x90, 0x17, 0x0D, 0xE0, 0xD3, 0x9C, 0x90, 0x17, 0x0C, 0xE0, 0x64, 0x80, 0xCD, 0x64, 0x80, 0xCD, 0x9D, 0x40, 0x11, 0x90, 0x00, 0x0A, 0xE0, 0x14, 0x70, 0x0A, 0x90, 0x1B,
0x02, 0xE0, 0xFD, 0xA3, 0xE0, 0x4D, 0x60, 0x2C, 0x90, 0x13, 0xD4, 0xE0, 0xFD, 0xA3, 0xE0, 0xFC, 0x90, 0x17, 0x15, 0xE0, 0xD3, 0x9C, 0x90, 0x17, 0x14, 0xE0, 0x64, 0x80, 0xCD, 0x64, 0x80, 0xCD,
0x9D, 0x40, 0x2E, 0x90, 0x00, 0x0A, 0xE0, 0x14, 0x70, 0x27, 0x90, 0x1B, 0x02, 0xE0, 0xFD, 0xA3, 0xE0, 0x4D, 0x60, 0x1D, 0xE4, 0x90, 0x00, 0x0A, 0xF0, 0x90, 0x00, 0x0E, 0xE0, 0x60, 0x06, 0x74,
0x01, 0x90, 0x00, 0x0B, 0xF0, 0x90, 0x00, 0x0F, 0xE0, 0x60, 0x06, 0x74, 0x01, 0x90, 0x00, 0x0C, 0xF0, 0x90, 0x00, 0x0F, 0xE0, 0x60, 0x2D, 0x90, 0x00, 0x0A, 0xE0, 0x70, 0x27, 0x90, 0x13, 0x49,
0xE0, 0x24, 0xCE, 0xFC, 0x90, 0x13, 0x48, 0xE0, 0x34, 0xFF, 0xFD, 0x90, 0x17, 0x15, 0xE0, 0xC3, 0x9C, 0x90, 0x17, 0x14, 0xE0, 0x64, 0x80, 0xCD, 0x64, 0x80, 0xCD, 0x9D, 0x50, 0x06, 0x74, 0x01,
0x90, 0x00, 0x0C, 0xF0, 0x90, 0x00, 0x0E, 0xE0, 0x60, 0x34, 0x90, 0x13, 0x48, 0xE0, 0xFD, 0xA3, 0xE0, 0xFC, 0x90, 0x17, 0x15, 0xE0, 0xD3, 0x9C, 0x90, 0x17, 0x14, 0xE0, 0x64, 0x80, 0xCD, 0x64,
0x80, 0xCD, 0x9D, 0x40, 0x19, 0xE4, 0x90, 0x00, 0x0E, 0xF0, 0x90, 0x13, 0x40, 0xE0, 0xFD, 0xA3, 0xE0, 0x90, 0x1B, 0x08, 0xCD, 0xF0, 0xA3, 0xCD, 0xF0, 0xE4, 0x90, 0x00, 0x0B, 0xF0, 0x90, 0x00,
0x0F, 0xE0, 0x60, 0x20, 0x90, 0x13, 0x48, 0xE0, 0xFD, 0xA3, 0xE0, 0xFC, 0x90, 0x17, 0x15, 0xE0, 0xD3, 0x9C, 0x90, 0x17, 0x14, 0xE0, 0x64, 0x80, 0xCD, 0x64, 0x80, 0xCD, 0x9D, 0x40, 0x05, 0xE4,
0x90, 0x00, 0x0C, 0xF0, 0x80, 0x14, 0xE4, 0x90, 0x00, 0x0A, 0xF0, 0xE4, 0x90, 0x00, 0x0D, 0xF0, 0xE4, 0x90, 0x00, 0x0B, 0xF0, 0xE4, 0x90, 0x00, 0x0C, 0xF0, 0x90, 0x13, 0x5B, 0xE0, 0x30, 0xE6,
0x4C, 0x90, 0x13, 0x5B, 0xE0, 0x30, 0xE3, 0x40, 0x7C, 0x02, 0x12, 0xE9, 0x84, 0xBC, 0x00, 0x38, 0x90, 0x17, 0x14, 0xE0, 0xFD, 0xA3, 0xE0, 0xFC, 0x90, 0x13, 0x47, 0xE0, 0xD3, 0x9C, 0x90, 0x13,
0x46, 0xE0, 0x64, 0x80, 0xCD, 0x64, 0x80, 0xCD, 0x9D, 0x50, 0x06, 0x90, 0x00, 0x0F, 0xE0, 0x60, 0x06, 0x74, 0x01, 0x90, 0x00, 0x0A, 0xF0, 0x90, 0x16, 0xDE, 0xE0, 0xFD, 0xA3, 0xE0, 0x4D, 0x70,
0x05, 0xE4, 0x90, 0x00, 0x0A, 0xF0, 0x80, 0x05, 0xE4, 0x90, 0x00, 0x0A, 0xF0, 0x90, 0x00, 0x10, 0xE0, 0x60, 0x06, 0xE4, 0xFD, 0x7C, 0x96, 0x80, 0x08, 0x90, 0x13, 0x2E, 0xE0, 0xFD, 0xA3, 0xE0,
0xFC, 0x90, 0x13, 0xE8, 0xED, 0xF0, 0xA3, 0xEC, 0xF0, 0x90, 0x00, 0x18, 0xE0, 0x60, 0x0A, 0x90, 0x13, 0xDA, 0xE0, 0xFD, 0xA3, 0xE0, 0xFC, 0x80, 0x08, 0x90, 0x13, 0xE8, 0xE0, 0xFD, 0xA3, 0xE0,
0xFC, 0x90, 0x13, 0xE8, 0xED, 0xF0, 0xA3, 0xEC, 0xF0, 0x90, 0x16, 0xE8, 0xE0, 0xFD, 0xA3, 0xE0, 0x4D, 0x70, 0x07, 0x78, 0x3B, 0xE6, 0x08, 0x46, 0x60, 0x10, 0x90, 0x16, 0xF6, 0xE0, 0xFD, 0xA3,
0xE0, 0x4D, 0x70, 0x06, 0xE4, 0xFD, 0x04, 0xFC, 0x80, 0x03, 0xE4, 0xFC, 0xFD, 0x90, 0x13, 0xEE, 0xED, 0xF0, 0xA3, 0xEC, 0xF0, 0x90, 0x16, 0xE8, 0xE0, 0xFD, 0xA3, 0xE0, 0x4D, 0x70, 0x07, 0x78,
0x3B, 0xE6, 0x08, 0x46, 0x60, 0x10, 0x90, 0x16, 0xF6, 0xE0, 0xFD, 0xA3, 0xE0, 0x4D, 0x60, 0x06, 0xE4, 0xFD, 0x04, 0xFC, 0x80, 0x03, 0xE4, 0xFC, 0xFD, 0x90, 0x13, 0xF0, 0xED, 0xF0, 0xA3, 0xEC,
0xF0, 0x90, 0x16, 0xE8, 0xE0, 0xFD, 0xA3, 0xE0, 0x4D, 0x70, 0x0A, 0x90, 0x1B, 0x04, 0x74, 0x01, 0xF0, 0xA3, 0x74, 0x2C, 0xF0, 0x22, 0xC3, 0x90, 0x13, 0xC5, 0xE0, 0x94, 0x05, 0x90, 0x13, 0xC4,
0xE0, 0x94, 0x00, 0x50, 0x14, 0x90, 0x16, 0xEA, 0xE0, 0xFD, 0xA3, 0xE0, 0x4D, 0x70, 0x0A, 0x90, 0x16, 0xEC, 0xE0, 0xFD, 0xA3, 0xE0, 0x4D, 0x60, 0x06, 0xE4, 0xFD, 0x04, 0xFC, 0x80, 0x03, 0xE4,
0xFC, 0xFD, 0x78, 0x32, 0xED, 0xF6, 0x08, 0xEC, 0xF6, 0x90, 0x13, 0x5B, 0xE0, 0x20, 0xE2, 0x09, 0x90, 0x13, 0xC0, 0xE4, 0xF0, 0xA3, 0xF0, 0x80, 0x09, 0x90, 0x13, 0xC0, 0xE4, 0xF0, 0xA3, 0x74,
0x12, 0xF0, 0x90, 0x00, 0x07, 0xE0, 0x60, 0x1F, 0x90, 0x16, 0xE2, 0xE0, 0xFD, 0xA3, 0xE0, 0x4D, 0x60, 0x0D, 0x90, 0x13, 0x65, 0xE0, 0x14, 0x70, 0x06, 0x90, 0x13, 0x64, 0xE0, 0x60, 0x08, 0x90,
0x13, 0xC0, 0xE4, 0xF0, 0xA3, 0x04, 0xF0, 0x90, 0x00, 0x0A, 0xE0, 0x60, 0x42, 0x90, 0x00, 0x17, 0xE0, 0x70, 0x3C, 0x90, 0x16, 0xE2, 0xE0, 0xFD, 0xA3, 0xE0, 0x4D, 0x60, 0x29, 0x90, 0x13, 0x65,
0xE0, 0x14, 0x70, 0x06, 0x90, 0x13, 0x64, 0xE0, 0x60, 0x25, 0x90, 0x13, 0x65, 0xE0, 0x64, 0x02, 0x70, 0x06, 0x90, 0x13, 0x64, 0xE0, 0x60, 0x17, 0x90, 0x13, 0x65, 0xE0, 0x64, 0x04, 0x70, 0x06,
0x90, 0x13, 0x64, 0xE0, 0x60, 0x09, 0x90, 0x13, 0xC0, 0xE4, 0xF0, 0xA3, 0x74, 0x02, 0xF0, 0x90, 0x16, 0xF6, 0xE0, 0xFD, 0xA3, 0xE0, 0x4D, 0x60, 0x37, 0x90, 0x16, 0xE8, 0xE0, 0xFD, 0xA3, 0xE0,
0x4D, 0x60, 0x10, 0x78, 0x32, 0xE6, 0x08, 0x46, 0x60, 0x09, 0x90, 0x13, 0xC0, 0xE4, 0xF0, 0xA3, 0x74, 0x06, 0xF0, 0x90, 0x16, 0xE8, 0xE0, 0xFD, 0xA3, 0xE0, 0x4D, 0x60, 0x10, 0x78, 0x32, 0xE6,
0x08, 0x46, 0x70, 0x09, 0x90, 0x13, 0xC0, 0xE4, 0xF0, 0xA3, 0x74, 0x05, 0xF0, 0x02, 0x62, 0x14, 0x90, 0x16, 0xE8, 0xE0, 0xFD, 0xA3, 0xE0, 0x4D, 0x60, 0x17, 0x78, 0x32, 0xE6, 0x08, 0x46, 0x60,
0x10, 0x90, 0x13, 0x5B, 0xE0, 0x20, 0xE2, 0x09, 0x90, 0x13, 0xC0, 0xE4, 0xF0, 0xA3, 0x74, 0x04, 0xF0, 0x90, 0x16, 0xE8, 0xE0, 0xFD, 0xA3, 0xE0, 0x4D, 0x60, 0x17, 0x78, 0x32, 0xE6, 0x08, 0x46,
0x60, 0x10, 0x90, 0x13, 0x5B, 0xE0, 0x30, 0xE2, 0x09, 0x90, 0x13, 0xC0, 0xE4, 0xF0, 0xA3, 0x74, 0x14, 0xF0, 0x90, 0x16, 0xE8, 0xE0, 0xFD, 0xA3, 0xE0, 0x4D, 0x60, 0x17, 0x78, 0x32, 0xE6, 0x08,
0x46, 0x70, 0x10, 0x90, 0x13, 0x5B, 0xE0, 0x20, 0xE2, 0x09, 0x90, 0x13, 0xC0, 0xE4, 0xF0, 0xA3, 0x74, 0x03, 0xF0, 0x90, 0x16, 0xE8, 0xE0, 0xFD, 0xA3, 0xE0, 0x4D, 0x60, 0x17, 0x78, 0x32, 0xE6,
0x08, 0x46, 0x70, 0x10, 0x90, 0x13, 0x5B, 0xE0, 0x30, 0xE2, 0x09, 0x90, 0x13, 0xC0, 0xE4, 0xF0, 0xA3, 0x74, 0x13, 0xF0, 0x90, 0x13, 0x60, 0xE0, 0xFD, 0xA3, 0xE0, 0x4D, 0x70, 0x06, 0x90, 0x00,
0x1B, 0xE0, 0x60, 0x5C, 0x90, 0x16, 0xF6, 0xE0, 0xFD, 0xA3, 0xE0, 0x4D, 0x60, 0x10, 0x78, 0x32, 0xE6, 0x08, 0x46, 0x60, 0x09, 0x90, 0x13, 0xC0, 0xE4, 0xF0, 0xA3, 0x74, 0x08, 0xF0, 0x90, 0x16,
0xF6, 0xE0, 0xFD, 0xA3, 0xE0, 0x4D, 0x70, 0x17, 0x78, 0x32, 0xE6, 0x08, 0x46, 0x60, 0x10, 0x90, 0x13, 0x5B, 0xE0, 0x20, 0xE2, 0x09, 0x90, 0x13, 0xC0, 0xE4, 0xF0, 0xA3, 0x74, 0x07, 0xF0, 0x90,
0x16, 0xF6, 0xE0, 0xFD, 0xA3, 0xE0, 0x4D, 0x70, 0x17, 0x78, 0x32, 0xE6, 0x08, 0x46, 0x60, 0x10, 0x90, 0x13, 0x5B, 0xE0, 0x30, 0xE2, 0x09, 0x90, 0x13, 0xC0, 0xE4, 0xF0, 0xA3, 0x74, 0x16, 0xF0,
0x90, 0x16, 0xF6, 0xE0, 0xFD, 0xA3, 0xE0, 0x4D, 0x60, 0x54, 0x90, 0x00, 0x0E, 0xE0, 0x60, 0x4E, 0x78, 0x32, 0xE6, 0x08, 0x46, 0x60, 0x13, 0x90, 0x16, 0xE8, 0xE0, 0xFD, 0xA3, 0xE0, 0x4D, 0x70,
0x09, 0x90, 0x13, 0xC0, 0xE4, 0xF0, 0xA3, 0x74, 0x0B, 0xF0, 0x90, 0x16, 0xE8, 0xE0, 0xFD, 0xA3, 0xE0, 0x4D, 0x60, 0x10, 0x78, 0x32, 0xE6, 0x08, 0x46, 0x60, 0x09, 0x90, 0x13, 0xC0, 0xE4, 0xF0,
0xA3, 0x74, 0x0A, 0xF0, 0x90, 0x16, 0xE8, 0xE0, 0xFD, 0xA3, 0xE0, 0x4D, 0x60, 0x10, 0x78, 0x32, 0xE6, 0x08, 0x46, 0x70, 0x09, 0x90, 0x13, 0xC0, 0xE4, 0xF0, 0xA3, 0x74, 0x09, 0xF0, 0x90, 0x16,
0xF6, 0xE0, 0xFD, 0xA3, 0xE0, 0x4D, 0x60, 0x54, 0x90, 0x00, 0x0F, 0xE0, 0x60, 0x4E, 0x78, 0x32, 0xE6, 0x08, 0x46, 0x60, 0x13, 0x90, 0x16, 0xE8, 0xE0, 0xFD, 0xA3, 0xE0, 0x4D, 0x70, 0x09, 0x90,
0x13, 0xC0, 0xE4, 0xF0, 0xA3, 0x74, 0x0E, 0xF0, 0x90, 0x16, 0xE8, 0xE0, 0xFD, 0xA3, 0xE0, 0x4D, 0x60, 0x10, 0x78, 0x32, 0xE6, 0x08, 0x46, 0x60, 0x09, 0x90, 0x13, 0xC0, 0xE4, 0xF0, 0xA3, 0x74,
0x0D, 0xF0, 0x90, 0x16, 0xE8, 0xE0, 0xFD, 0xA3, 0xE0, 0x4D, 0x60, 0x10, 0x78, 0x32, 0xE6, 0x08, 0x46, 0x70, 0x09, 0x90, 0x13, 0xC0, 0xE4, 0xF0, 0xA3, 0x74, 0x0C, 0xF0, 0x90, 0x00, 0x11, 0xE0,
0x60, 0x2A, 0x90, 0x00, 0x0A, 0xE0, 0x70, 0x0C, 0x90, 0x00, 0x0E, 0xE0, 0x70, 0x06, 0x90, 0x00, 0x0F, 0xE0, 0x60, 0x08, 0x7C, 0x0E, 0x12, 0xF5, 0xF4, 0xEC, 0x60, 0x10, 0x90, 0x13, 0x5B, 0xE0,
0x20, 0xE2, 0x09, 0x90, 0x13, 0xC0, 0xE4, 0xF0, 0xA3, 0x74, 0x11, 0xF0, 0x90, 0x00, 0x11, 0xE0, 0x60, 0x1A, 0x90, 0x16, 0xF6, 0xE0, 0xFD, 0xA3, 0xE0, 0x4D, 0x70, 0x10, 0x90, 0x13, 0x5B, 0xE0,
0x30, 0xE2, 0x09, 0x90, 0x13, 0xC0, 0xE4, 0xF0, 0xA3, 0x74, 0x15, 0xF0, 0x90, 0x00, 0x10, 0xE0, 0x70, 0x06, 0x90, 0x00, 0x18, 0xE0, 0x60, 0x47, 0x90, 0x16, 0xF6, 0xE0, 0xFD, 0xA3, 0xE0, 0x4D,
0x70, 0x3D, 0x78, 0x32, 0xE6, 0x08, 0x46, 0x60, 0x16, 0x90, 0x00, 0x18, 0xE0, 0x7D, 0x00, 0x60, 0x04, 0x7C, 0x19, 0x80, 0x02, 0x7C, 0x10, 0x90, 0x13, 0xC0, 0xED, 0xF0, 0xA3, 0xEC, 0xF0, 0x90,
0x16, 0xE8, 0xE0, 0xFD, 0xA3, 0xE0, 0x4D, 0x60, 0x16, 0x90, 0x00, 0x18, 0xE0, 0x7D, 0x00, 0x60, 0x04, 0x7C, 0x18, 0x80, 0x02, 0x7C, 0x0F, 0x90, 0x13, 0xC0, 0xED, 0xF0, 0xA3, 0xEC, 0xF0, 0x22,
0x90, 0x09, 0xEA, 0xE0, 0xFD, 0xA3, 0xE0, 0x90, 0x09, 0xED, 0xFE, 0xE0, 0x4E, 0xFC, 0x90, 0x09, 0xEC, 0xE0, 0x4D, 0x90, 0x09, 0xCE, 0xF0, 0xA3, 0xEC, 0xF0, 0x90, 0x09, 0xE8, 0xE0, 0xFD, 0xA3,
0xE0, 0x90, 0x09, 0xCC, 0xCD, 0xF0, 0xA3, 0xCD, 0xF0, 0x90, 0x09, 0xEA, 0xE0, 0xFD, 0xA3, 0xE0, 0x90, 0x09, 0xED, 0xFE, 0xE0, 0x4E, 0xFC, 0x90, 0x09, 0xEC, 0xE0, 0x4D, 0xFD, 0x90, 0x09, 0xE9,
0xE0, 0x4C, 0xFC, 0x90, 0x09, 0xE8, 0xE0, 0x4D, 0x4C, 0xFD, 0x60, 0x24, 0x90, 0x00, 0x0B, 0xE0, 0x70, 0x06, 0x90, 0x00, 0x0C, 0xE0, 0x60, 0x06, 0xE4, 0xFD, 0x7C, 0x02, 0x80, 0x08, 0x90, 0x09,
0xF6, 0xE0, 0xFD, 0xA3, 0xE0, 0xFC, 0x90, 0x09, 0xD0, 0xED, 0xF0, 0xA3, 0xEC, 0xF0, 0x80, 0x07, 0x90, 0x09, 0xD0, 0xE4, 0xF0, 0xA3, 0xF0, 0x22, 0xE4, 0xFE, 0xFF, 0xC3, 0xEE, 0x94, 0x0C, 0xEF,
0x94, 0x00, 0x50, 0x26, 0xEF, 0xFD, 0xEE, 0x90, 0x16, 0xE6, 0x12, 0x0B, 0x98, 0xE4, 0xF0, 0xA3, 0xF0, 0xEE, 0x24, 0x20, 0x25, 0xE0, 0x24, 0xA6, 0xF5, 0x82, 0xE4, 0x34, 0x09, 0xF5, 0x83, 0xE4,
0xF0, 0xA3, 0xF0, 0x0E, 0xBE, 0x00, 0x01, 0x0F, 0x80, 0xD1, 0x78, 0x25, 0xEF, 0xF6, 0x08, 0xEE, 0xF6, 0x22, 0x78, 0x2D, 0xE4, 0xF6, 0x08, 0x04, 0xF6, 0xD3, 0x78, 0x2E, 0xE6, 0x94, 0x04, 0x18,
0xE6, 0x94, 0x00, 0x50, 0x1D, 0x78, 0x2A, 0x76, 0x02, 0x08, 0x76, 0x2D, 0x08, 0x76, 0x0D, 0x78, 0x2E, 0xE6, 0xFC, 0x7D, 0x01, 0x12, 0x81, 0x26, 0x78, 0x2E, 0x06, 0xE6, 0x18, 0x70, 0x01, 0x06,
0x80, 0xD7, 0x22, 0x12, 0x64, 0x58, 0x90, 0x13, 0x5E, 0xE4, 0xF0, 0xA3, 0xF0, 0xE4, 0x90, 0x00, 0x1C, 0xF0, 0xE4, 0x90, 0x00, 0x1D, 0xF0, 0x22, 0x12, 0x64, 0x92, 0x78, 0x2A, 0x76, 0x02, 0x08,
0x76, 0x2D, 0x08, 0x76, 0x22, 0x7D, 0x01, 0x7C, 0x02, 0x12, 0x81, 0x26, 0xE4, 0xFD, 0x7C, 0x31, 0x12, 0x6E, 0x89, 0x90, 0x13, 0x4E, 0xED, 0xF0, 0xA3, 0xEC, 0xF0, 0xE4, 0xFD, 0x7C, 0x33, 0x12,
0x6E, 0x89, 0x90, 0x13, 0x52, 0xED, 0xF0, 0xA3, 0xEC, 0xF0, 0xE4, 0xFD, 0x7C, 0x35, 0x12, 0x6E, 0x89, 0x90, 0x13, 0x56, 0xED, 0xF0, 0xA3, 0xEC, 0xF0, 0x90, 0x13, 0x4F, 0xE0, 0x64, 0x31, 0x70,
0x04, 0x90, 0x13, 0x4E, 0xE0, 0x70, 0x21, 0x90, 0x13, 0x53, 0xE0, 0x64, 0x33, 0x70, 0x04, 0x90, 0x13, 0x52, 0xE0, 0x70, 0x13, 0x90, 0x13, 0x57, 0xE0, 0x64, 0x35, 0x70, 0x04, 0x90, 0x13, 0x56,
0xE0, 0x70, 0x05, 0x12, 0x31, 0x38, 0x80, 0x05, 0x7C, 0x01, 0x12, 0x2E, 0x38, 0x12, 0xE2, 0x6D, 0x12, 0xE5, 0x56, 0x12, 0x31, 0x3B, 0x90, 0x13, 0x3E, 0xE0, 0xFD, 0xA3, 0xE0, 0x90, 0x1B, 0x0A,
0xCD, 0xF0, 0xA3, 0xCD, 0xF0, 0x90, 0x13, 0x4C, 0xE0, 0xFD, 0xA3, 0xE0, 0x90, 0x1A, 0xF8, 0xCD, 0xF0, 0xA3, 0xCD, 0xF0, 0x90, 0x13, 0x90, 0xE0, 0xFD, 0xA3, 0xE0, 0x90, 0x1A, 0xEC, 0xCD, 0xF0,
0xA3, 0xCD, 0xF0, 0x90, 0x13, 0x96, 0xE0, 0xFD, 0xA3, 0xE0, 0x90, 0x1A, 0xF2, 0xCD, 0xF0, 0xA3, 0xCD, 0xF0, 0x90, 0x13, 0x98, 0xE0, 0xFD, 0xA3, 0xE0, 0x90, 0x1A, 0xF4, 0xCD, 0xF0, 0xA3, 0xCD,
0xF0, 0x90, 0x13, 0xAC, 0xE0, 0xFD, 0xA3, 0xE0, 0x90, 0x1A, 0xEE, 0xCD, 0xF0, 0xA3, 0xCD, 0xF0, 0x90, 0x13, 0xAA, 0xE0, 0xFD, 0xA3, 0xE0, 0x90, 0x1A, 0xFA, 0xCD, 0xF0, 0xA3, 0xCD, 0xF0, 0x90,
0x1B, 0x04, 0x74, 0x01, 0xF0, 0xA3, 0x74, 0x2C, 0xF0, 0x90, 0x1B, 0x00, 0x74, 0x0E, 0xF0, 0xA3, 0x74, 0x10, 0xF0, 0x90, 0x13, 0x40, 0xE0, 0xFD, 0xA3, 0xE0, 0x90, 0x1B, 0x08, 0xCD, 0xF0, 0xA3,
0xCD, 0xF0, 0x90, 0x1B, 0x0E, 0x74, 0x10, 0xF0, 0xA3, 0x74, 0xE0, 0xF0, 0x7D, 0xD8, 0x7C, 0xEF, 0x12, 0x3C, 0x8D, 0x90, 0x16, 0xEE, 0xE4, 0xF0, 0xA3, 0xF0, 0x90, 0x16, 0xF0, 0xE4, 0xF0, 0xA3,
0xF0, 0x90, 0x13, 0x76, 0xE4, 0xF0, 0xA3, 0xF0, 0x90, 0x13, 0x6E, 0x74, 0x0B, 0xF0, 0xA3, 0x74, 0xF4, 0xF0, 0x90, 0x13, 0xC4, 0xE4, 0xF0, 0xA3, 0xF0, 0x90, 0x13, 0xD8, 0xE0, 0xFD, 0xA3, 0xE0,
0x4D, 0x60, 0x12, 0x90, 0x0A, 0x1C, 0xE4, 0xF0, 0xA3, 0x04, 0xF0, 0x90, 0x09, 0xCA, 0xE4, 0xF0, 0xA3, 0x04, 0xF0, 0x80, 0x10, 0x90, 0x0A, 0x1C, 0xE4, 0xF0, 0xA3, 0xF0, 0x90, 0x09, 0xCA, 0xE4,
0xF0, 0xA3, 0x74, 0x02, 0xF0, 0x90, 0x13, 0x94, 0xE4, 0xF0, 0xA3, 0x74, 0x96, 0xF0, 0x90, 0x13, 0xE6, 0xE4, 0xF0, 0xA3, 0x74, 0x9E, 0xF0, 0x90, 0x13, 0xD6, 0xE4, 0xF0, 0xA3, 0xF0, 0x22, 0x12,
0x6D, 0x99, 0x12, 0x6D, 0xA0, 0x90, 0x09, 0xB6, 0xE0, 0xFD, 0xA3, 0xE0, 0x4D, 0x60, 0x57, 0x90, 0x13, 0xD8, 0xE0, 0xFD, 0xA3, 0xE0, 0x4D, 0x60, 0x4D, 0x90, 0x09, 0xB6, 0xE4, 0xF0, 0xA3, 0xF0,
0x12, 0x64, 0xC3, 0x90, 0x13, 0xD8, 0xE4, 0xF0, 0xA3, 0xF0, 0xE4, 0xFE, 0xFF, 0xE4, 0xFD, 0x7C, 0x76, 0x12, 0x73, 0xC6, 0x90, 0x0A, 0x1C, 0xE4, 0xF0, 0xA3, 0xF0, 0x90, 0x09, 0xCA, 0xE4, 0xF0,
0xA3, 0x74, 0x02, 0xF0, 0x90, 0x09, 0xCC, 0xE4, 0xF0, 0xA3, 0xF0, 0x90, 0x09, 0xCE, 0xE4, 0xF0, 0xA3, 0xF0, 0x90, 0x09, 0xD0, 0xE4, 0xF0, 0xA3, 0xF0, 0x90, 0x09, 0xD2, 0xE4, 0xF0, 0xA3, 0xF0,
0x12, 0x31, 0x3B, 0x12, 0x64, 0x92, 0x90, 0x13, 0xD8, 0xE0, 0xFD, 0xA3, 0xE0, 0x4D, 0x70, 0x4D, 0x12, 0x8B, 0x95, 0x12, 0xE9, 0xB1, 0x90, 0x09, 0xB6, 0xE0, 0xFD, 0xA3, 0xE0, 0x4D, 0x60, 0x3B,
0x90, 0x09, 0xB6, 0xE4, 0xF0, 0xA3, 0xF0, 0x90, 0x0A, 0x16, 0xE4, 0xF0, 0xA3, 0x04, 0xF0, 0x12, 0xE2, 0x6D, 0x12, 0xE5, 0x56, 0x12, 0x31, 0x3B, 0x90, 0x13, 0xD8, 0xE4, 0xF0, 0xA3, 0x04, 0xF0,
0xE4, 0xFF, 0x04, 0xFE, 0xE4, 0xFD, 0x7C, 0x76, 0x12, 0x73, 0xC6, 0x90, 0x0A, 0x1C, 0xE4, 0xF0, 0xA3, 0x04, 0xF0, 0x90, 0x09, 0xCA, 0xE4, 0xF0, 0xA3, 0x04, 0xF0, 0x80, 0x7B, 0x12, 0x8B, 0x95,
0x12, 0xE9, 0xB1, 0x90, 0x00, 0x1E, 0xE0, 0xFD, 0xA3, 0xE0, 0xFC, 0x90, 0x13, 0x67, 0xE0, 0x6C, 0x70, 0x07, 0x90, 0x13, 0x66, 0xE0, 0x6D, 0x60, 0x03, 0x12, 0xE2, 0x6D, 0x90, 0x13, 0x66, 0xE0,
0xFD, 0xA3, 0xE0, 0x90, 0x00, 0x1E, 0xCD, 0xF0, 0xA3, 0xCD, 0xF0, 0x12, 0x8E, 0x3A, 0x12, 0x32, 0x77, 0x90, 0x1B, 0xBB, 0xE0, 0x70, 0x0C, 0x90, 0x1B, 0xBC, 0xE0, 0x70, 0x06, 0x90, 0x1B, 0xBD,
0xE0, 0x60, 0x0A, 0x90, 0x16, 0xF8, 0xE4, 0xF0, 0xA3, 0x04, 0xF0, 0x80, 0x07, 0x90, 0x16, 0xF8, 0xE4, 0xF0, 0xA3, 0xF0, 0x12, 0x6D, 0x99, 0x12, 0x6D, 0xA0, 0x12, 0x50, 0xB1, 0x12, 0x56, 0xB3,
0x12, 0x39, 0x0B, 0x12, 0x4A, 0x3D, 0x12, 0x41, 0x1D, 0x12, 0x47, 0xBB, 0x12, 0x48, 0xAD, 0x12, 0x4E, 0xBF, 0x12, 0x60, 0x96, 0x12, 0x63, 0xE0, 0x22, 0x12, 0x64, 0xD8, 0x12, 0x66, 0x5F, 0x80,
0xFB, 0x22, 0xD2, 0xAF, 0xD2, 0xA9, 0x75, 0x89, 0x01, 0xC2, 0x8C, 0x75, 0x8C, 0x4C, 0x75, 0x8A, 0x0B, 0xD2, 0x8C, 0x12, 0x6C, 0xE2, 0x12, 0x6A, 0x15, 0x12, 0x69, 0xCB, 0xC2, 0xC2, 0x78, 0x75,
0x76, 0x00, 0xC2, 0xB3, 0x90, 0x0A, 0x16, 0xE4, 0xF0, 0xA3, 0x04, 0xF0, 0x12, 0x7C, 0x95, 0x75, 0xFC, 0xFF, 0x78, 0x97, 0x76, 0x00, 0x22, 0xC2, 0xB3, 0xC2, 0xB5, 0xC2, 0xB4, 0xC2, 0xC2, 0x78,
0x23, 0xE4, 0xF6, 0x08, 0xF6, 0x78, 0x23, 0xE6, 0xC3, 0x94, 0x80, 0x50, 0x37, 0x78, 0x23, 0xE6, 0xFD, 0x08, 0xE6, 0xFC, 0xE4, 0xFE, 0xFF, 0xE4, 0xF8, 0xF9, 0xFB, 0x04, 0xFA, 0x12, 0x04, 0xEB,
0xEE, 0xFF, 0xED, 0xFE, 0xEC, 0xFD, 0xE4, 0xFB, 0x12, 0x0A, 0xA6, 0x78, 0x20, 0x12, 0x0B, 0x3C, 0x43, 0x87, 0x10, 0x75, 0xFF, 0x00, 0xC2, 0xC1, 0xD2, 0xC1, 0x78, 0x24, 0x06, 0xE6, 0x18, 0x70,
0x01, 0x06, 0x80, 0xC1, 0xE4, 0xFD, 0x04, 0xFC, 0x22, 0xC0, 0xE0, 0xC0, 0xD0, 0xE8, 0xC0, 0xE0, 0xC2, 0xA9, 0x75, 0x8C, 0x4C, 0x75, 0x8A, 0x0B, 0xD2, 0xA9, 0xD2, 0x8C, 0x78, 0x96, 0x06, 0x78,
0x65, 0x06, 0x78, 0x68, 0xE6, 0x08, 0x46, 0x60, 0x08, 0x78, 0x69, 0xE6, 0x16, 0x18, 0x70, 0x01, 0x16, 0x78, 0x66, 0xE6, 0x60, 0x03, 0x78, 0x66, 0x16, 0x78, 0x67, 0xE6, 0x60, 0x03, 0x78, 0x67,
0x16, 0xD0, 0xE0, 0xF8, 0xD0, 0xD0, 0xD0, 0xE0, 0x32, 0xC0, 0xE0, 0xC0, 0xF0, 0xC0, 0x82, 0xC0, 0x83, 0xC0, 0xD0, 0xE8, 0xC0, 0xE0, 0xEC, 0xC0, 0xE0, 0xE5, 0xD9, 0x12, 0x06, 0x9E, 0x68, 0xE2,
0x00, 0x68, 0xEE, 0x08, 0x68, 0xFD, 0x10, 0x69, 0x0C, 0x18, 0x69, 0x1B, 0x20, 0x69, 0x2D, 0x28, 0x69, 0x51, 0x30, 0x69, 0x5C, 0x38, 0x69, 0x6A, 0x40, 0x69, 0x6F, 0x48, 0x69, 0x7A, 0x50, 0x69,
0x8C, 0x58, 0x69, 0xA7, 0x60, 0x69, 0xA7, 0x68, 0x69, 0xA7, 0x70, 0x69, 0xA7, 0x78, 0x69, 0xA7, 0x80, 0x69, 0xA7, 0x88, 0x69, 0xA7, 0x90, 0x69, 0xA7, 0x98, 0x69, 0xA7, 0xA0, 0x69, 0xA7, 0xA8,
0x69, 0xA7, 0xB0, 0x69, 0xA7, 0xB8, 0x69, 0xA7, 0xC0, 0x69, 0xA7, 0xC8, 0x69, 0xA7, 0xD0, 0x69, 0xA7, 0xD8, 0x69, 0xA7, 0xE0, 0x69, 0xA7, 0xE8, 0x69, 0xA7, 0xF0, 0x69, 0xA7, 0xF8, 0x00, 0x00,
0x69, 0xAF, 0x75, 0xD8, 0xD5, 0x78, 0x76, 0xE6, 0x54, 0xFD, 0xF6, 0x02, 0x69, 0xBA, 0x78, 0x6A, 0xE6, 0xF5, 0xDA, 0x75, 0xD8, 0xC5, 0x78, 0x73, 0x76, 0x00, 0x02, 0x69, 0xBA, 0x78, 0x6A, 0xE6,
0xF5, 0xDA, 0x75, 0xD8, 0xC5, 0x78, 0x73, 0x76, 0x00, 0x02, 0x69, 0xBA, 0x78, 0x73, 0xE6, 0x24, 0x6B, 0xF8, 0xE6, 0xF5, 0xDA, 0x75, 0xD8, 0xC5, 0x02, 0x69, 0xBA, 0x75, 0xD8, 0xD5, 0x78, 0x76,
0xE6, 0x54, 0xFD, 0xF6, 0x78, 0x76, 0xE6, 0x44, 0x01, 0xF6, 0x02, 0x69, 0xBA, 0x78, 0x73, 0x06, 0x78, 0x73, 0xE6, 0x78, 0x72, 0x66, 0x70, 0x0B, 0x75, 0xD8, 0xD5, 0x78, 0x76, 0xE6, 0x54, 0xFD,
0xF6, 0x80, 0x0C, 0x78, 0x73, 0xE6, 0x24, 0x6B, 0xF8, 0xE6, 0xF5, 0xDA, 0x75, 0xD8, 0xC5, 0x80, 0x69, 0x75, 0xD8, 0xD5, 0x78, 0x76, 0xE6, 0x54, 0xFD, 0xF6, 0x80, 0x5E, 0x78, 0x6A, 0xE6, 0xF5,
0xDA, 0x75, 0xD8, 0xE5, 0x78, 0x73, 0x76, 0x00, 0x80, 0x50, 0x75, 0xD8, 0xC5, 0x80, 0x4B, 0x75, 0xD8, 0xD5, 0x78, 0x76, 0xE6, 0x54, 0xFD, 0xF6, 0x80, 0x40, 0xAC, 0xDA, 0x78, 0x74, 0xE6, 0x24,
0x70, 0xF8, 0xEC, 0xF6, 0x78, 0x74, 0x06, 0x75, 0xD8, 0xC1, 0x80, 0x2E, 0xAC, 0xDA, 0x78, 0x74, 0xE6, 0x24, 0x70, 0xF8, 0xEC, 0xF6, 0x75, 0xD8, 0xD5, 0x78, 0x76, 0xE6, 0x54, 0xFD, 0xF6, 0x78,
0x76, 0xE6, 0x44, 0x04, 0xF6, 0x80, 0x13, 0x78, 0x76, 0xE6, 0x54, 0xFD, 0xF6, 0x80, 0x0B, 0x75, 0xD8, 0xD5, 0x78, 0x76, 0xE6, 0x54, 0xFD, 0xF6, 0x80, 0x00, 0xD0, 0xE0, 0xFC, 0xD0, 0xE0, 0xF8,
0xD0, 0xD0, 0xD0, 0x83, 0xD0, 0x82, 0xD0, 0xF0, 0xD0, 0xE0, 0x32, 0xD2, 0x96, 0xD2, 0x97, 0x78, 0x76, 0xE6, 0x54, 0xFE, 0xF6, 0x78, 0x76, 0xE6, 0x54, 0xFD, 0xF6, 0x75, 0xD8, 0xC5, 0x78, 0x72,
0x76, 0x00, 0x78, 0x74, 0x76, 0x00, 0x78, 0x70, 0x76, 0x00, 0x78, 0x71, 0x76, 0x00, 0xD2, 0xAD, 0x22, 0x78, 0x6A, 0x76, 0x10, 0x78, 0x76, 0xE6, 0x44, 0x02, 0xF6, 0x75, 0xD8, 0xE5, 0x22, 0x78,
0x74, 0x76, 0x00, 0x78, 0x6A, 0x76, 0x11, 0x78, 0x76, 0xE6, 0x44, 0x02, 0xF6, 0x78, 0x73, 0x76, 0x00, 0x75, 0xD8, 0xE5, 0x22, 0xC2, 0xAC, 0x75, 0x98, 0x52, 0x43, 0x89, 0x20, 0x75, 0x87, 0x80,
0x75, 0x8D, 0xFD, 0xD2, 0x8E, 0xD2, 0xBC, 0xC2, 0x99, 0xC2, 0x98, 0xD2, 0xAC, 0xC2, 0xC4, 0x78, 0x7E, 0x76, 0x00, 0x78, 0x95, 0x76, 0x01, 0x78, 0x99, 0x76, 0x00, 0x78, 0x78, 0xE6, 0x54, 0xFE,
0xF6, 0x22, 0x78, 0x7B, 0xE6, 0x33, 0x50, 0x1F, 0x78, 0x7B, 0xE6, 0x54, 0x7F, 0x78, 0x98, 0x66, 0x70, 0x06, 0x78, 0x7E, 0x76, 0x01, 0x80, 0x04, 0x78, 0x7E, 0x76, 0x00, 0x78, 0x7F, 0x76, 0x00,
0x78, 0x80, 0x76, 0x00, 0x7C, 0x01, 0x22, 0x7C, 0x00, 0x22, 0xC0, 0xE0, 0xC0, 0xF0, 0xC0, 0x82, 0xC0, 0x83, 0xC0, 0xD0, 0xE8, 0xC0, 0xE0, 0xE9, 0xC0, 0xE0, 0xEA, 0xC0, 0xE0, 0xEB, 0xC0, 0xE0,
0xEC, 0xC0, 0xE0, 0xED, 0xC0, 0xE0, 0xEE, 0xC0, 0xE0, 0xEF, 0xC0, 0xE0, 0x10, 0x98, 0x02, 0x80, 0x78, 0x78, 0x7B, 0xA6, 0x99, 0x78, 0x7E, 0xE6, 0xB4, 0x00, 0x02, 0x80, 0x03, 0xD3, 0x40, 0x05,
0x12, 0x6A, 0x42, 0x80, 0x64, 0xB4, 0x01, 0x02, 0x80, 0x03, 0xD3, 0x40, 0x11, 0x12, 0x6A, 0x42, 0xBC, 0x00, 0x09, 0x78, 0x7B, 0xE6, 0x78, 0x7C, 0xF6, 0x78, 0x7E, 0x06, 0x80, 0x4B, 0xB4, 0x02,
0x02, 0x80, 0x03, 0xD3, 0x40, 0x1F, 0x12, 0x6A, 0x42, 0xBC, 0x00, 0x17, 0x78, 0x7B, 0xE6, 0x78, 0x7F, 0xFC, 0xE6, 0x06, 0x24, 0x81, 0xF8, 0xEC, 0xF6, 0x78, 0x7F, 0xE6, 0x24, 0xFA, 0x50, 0x03,
0x78, 0x7E, 0x06, 0x80, 0x24, 0xB4, 0x03, 0x02, 0x80, 0x03, 0xD3, 0x40, 0x16, 0x12, 0x6A, 0x42, 0xBC, 0x00, 0x06, 0x78, 0x7B, 0xE6, 0x78, 0x7D, 0xF6, 0x78, 0x80, 0x76, 0x01, 0x78, 0x7E, 0x76,
0x00, 0x80, 0x06, 0x78, 0x7E, 0x76, 0x00, 0x80, 0x00, 0xD0, 0xE0, 0xFF, 0xD0, 0xE0, 0xFE, 0xD0, 0xE0, 0xFD, 0xD0, 0xE0, 0xFC, 0xD0, 0xE0, 0xFB, 0xD0, 0xE0, 0xFA, 0xD0, 0xE0, 0xF9, 0xD0, 0xE0,
0xF8, 0xD0, 0xD0, 0xD0, 0x83, 0xD0, 0x82, 0xD0, 0xF0, 0xD0, 0xE0, 0x32, 0xD2, 0xC4, 0x78, 0x95, 0x76, 0x00, 0x8C, 0x99, 0x78, 0x25, 0xEC, 0xF6, 0x20, 0x99, 0x08, 0x12, 0x6D, 0x99, 0x12, 0x6D,
0xA0, 0x80, 0xF5, 0xC2, 0x99, 0xC2, 0xC4, 0x22, 0x78, 0x26, 0xE6, 0xFF, 0x7E, 0x00, 0xEE, 0x24, 0xF8, 0x40, 0x12, 0xC2, 0x93, 0xEF, 0xC3, 0x13, 0xFF, 0x30, 0x91, 0x04, 0xEF, 0x44, 0x80, 0xFF,
0xD2, 0x93, 0x0E, 0x80, 0xE9, 0x78, 0x25, 0xEE, 0xF6, 0x78, 0x26, 0xEF, 0xF6, 0x78, 0x26, 0xE6, 0xFC, 0x22, 0x7D, 0x00, 0x7C, 0x8E, 0x12, 0x6B, 0xF1, 0xD2, 0xC1, 0x78, 0x2F, 0x76, 0x01, 0x78,
0x2E, 0x76, 0x00, 0x78, 0x2E, 0xE6, 0xFE, 0x78, 0x2F, 0xE6, 0xFF, 0xEE, 0x24, 0xF8, 0x40, 0x17, 0xC2, 0x93, 0xE4, 0xEF, 0x54, 0xBF, 0x60, 0x04, 0xD2, 0x91, 0x80, 0x02, 0xC2, 0x91, 0xEF, 0x25,
0xE0, 0xFF, 0xD2, 0x93, 0x0E, 0x80, 0xE4, 0x78, 0x2E, 0xEE, 0xF6, 0x78, 0x2F, 0xEF, 0xF6, 0xC2, 0x93, 0x78, 0x2E, 0x76, 0x00, 0x78, 0x2E, 0xE6, 0x24, 0xF9, 0x40, 0x1E, 0x12, 0x6B, 0x48, 0x7D,
0x00, 0x78, 0x2E, 0xE6, 0x04, 0x25, 0xE0, 0x24, 0xA6, 0xF5, 0x82, 0xE4, 0x34, 0x09, 0xF5, 0x83, 0xED, 0xF0, 0xA3, 0xEC, 0xF0, 0x78, 0x2E, 0x06, 0x80, 0xDB, 0x90, 0x09, 0xB3, 0xE0, 0x70, 0x04,
0x90, 0x09, 0xB2, 0xE0, 0x70, 0x08, 0x90, 0x09, 0xB2, 0xE4, 0xF0, 0xA3, 0x04, 0xF0, 0xC2, 0xC1, 0x22, 0xC2, 0x93, 0xD2, 0xC1, 0x78, 0x2B, 0x76, 0x01, 0x78, 0x2A, 0x76, 0x00, 0x78, 0x2C, 0xEC,
0xF6, 0x78, 0x2D, 0xED, 0xF6, 0x78, 0x2A, 0xE6, 0xFE, 0x78, 0x2B, 0xE6, 0xFF, 0xEE, 0x24, 0xF8, 0x40, 0x17, 0xC2, 0x93, 0xEF, 0x78, 0x2C, 0x56, 0x60, 0x04, 0xD2, 0x91, 0x80, 0x02, 0xC2, 0x91,
0xEF, 0x25, 0xE0, 0xFF, 0xD2, 0x93, 0x0E, 0x80, 0xE4, 0x78, 0x2A, 0xEE, 0xF6, 0x78, 0x2B, 0xEF, 0xF6, 0x78, 0x2B, 0x76, 0x01, 0x78, 0x2A, 0x76, 0x00, 0x78, 0x2A, 0xE6, 0xFE, 0x78, 0x2B, 0xE6,
0xFF, 0xEE, 0x24, 0xF8, 0x40, 0x17, 0xC2, 0x93, 0xEF, 0x78, 0x2D, 0x56, 0x60, 0x04, 0xD2, 0x91, 0x80, 0x02, 0xC2, 0x91, 0xEF, 0x25, 0xE0, 0xFF, 0xD2, 0x93, 0x0E, 0x80, 0xE4, 0x78, 0x2A, 0xEE,
0xF6, 0x78, 0x2B, 0xEF, 0xF6, 0xC2, 0x93, 0xC2, 0xC1, 0x22, 0xC2, 0x93, 0xD2, 0xC1, 0x78, 0x28, 0x76, 0x01, 0x78, 0x27, 0x76, 0x00, 0x78, 0x29, 0xEC, 0xF6, 0x78, 0x27, 0xE6, 0xFE, 0x78, 0x28,
0xE6, 0xFF, 0xEE, 0x24, 0xF8, 0x40, 0x17, 0xC2, 0x93, 0xEF, 0x78, 0x29, 0x56, 0x60, 0x04, 0xD2, 0x91, 0x80, 0x02, 0xC2, 0x91, 0xEF, 0x25, 0xE0, 0xFF, 0xD2, 0x93, 0x0E, 0x80, 0xE4, 0x78, 0x27,
0xEE, 0xF6, 0x78, 0x28, 0xEF, 0xF6, 0xD2, 0x91, 0x12, 0x6B, 0x48, 0xC2, 0x93, 0xC2, 0xC1, 0x78, 0x28, 0xEC, 0xF6, 0x22, 0x78, 0x2E, 0x76, 0x00, 0x78, 0x2E, 0xE6, 0x24, 0xF9, 0x40, 0x22, 0x78,
0x2E, 0xE6, 0x04, 0x25, 0xE0, 0x24, 0xA6, 0xF5, 0x82, 0xE4, 0x34, 0x09, 0xF5, 0x83, 0xA3, 0xE0, 0xFD, 0x78, 0x2E, 0xE6, 0x25, 0xE0, 0x24, 0x80, 0xFC, 0x12, 0x6B, 0xF1, 0x78, 0x2E, 0x06, 0x80,
0xD7, 0x22, 0xC2, 0x93, 0x7D, 0x00, 0x7C, 0x8E, 0x12, 0x6B, 0xF1, 0x7C, 0x81, 0x12, 0x6C, 0x6A, 0xEC, 0x54, 0x7F, 0xFD, 0x7C, 0x80, 0x12, 0x6B, 0xF1, 0x7C, 0x85, 0x12, 0x6C, 0x6A, 0xEC, 0x54,
0x7F, 0xFD, 0x7C, 0x84, 0x12, 0x6B, 0xF1, 0x7D, 0xA5, 0x7C, 0x90, 0x02, 0x6B, 0xF1, 0x78, 0x28, 0xEC, 0xF6, 0xC4, 0x54, 0x0F, 0x44, 0x30, 0x12, 0x0A, 0x76, 0xEC, 0x54, 0x0F, 0x44, 0x30, 0x78,
0x25, 0xFC, 0x12, 0x0B, 0x3C, 0xEC, 0x90, 0x00, 0x01, 0x02, 0x0A, 0x7E, 0x78, 0x25, 0xEC, 0xF6, 0xC4, 0x54, 0x0F, 0x75, 0xF0, 0x0A, 0xA4, 0xFD, 0xEC, 0x54, 0x0F, 0x2D, 0xFC, 0x22, 0x78, 0x26,
0xEC, 0xF6, 0x75, 0xF0, 0x0A, 0x84, 0xC4, 0x54, 0xF0, 0xFD, 0xEC, 0x75, 0xF0, 0x0A, 0x84, 0xE5, 0xF0, 0x2D, 0xFC, 0x22, 0x78, 0x2A, 0xEF, 0xF6, 0x78, 0x29, 0xEE, 0xF6, 0x78, 0x28, 0xED, 0xF6,
0x78, 0x27, 0xEC, 0xF6, 0xED, 0x33, 0x50, 0x18, 0x78, 0x27, 0xE6, 0x78, 0x29, 0x66, 0x70, 0x05, 0x78, 0x2A, 0xE6, 0xFC, 0x22, 0x78, 0x27, 0xE6, 0xFC, 0x12, 0x6D, 0x2C, 0x1C, 0x02, 0x6D, 0x3E,
0x78, 0x2A, 0xE6, 0xD3, 0x78, 0x27, 0x96, 0x50, 0x05, 0x78, 0x29, 0xE6, 0xFC, 0x22, 0x78, 0x27, 0xE6, 0xFC, 0x12, 0x6D, 0x2C, 0x0C, 0x02, 0x6D, 0x3E, 0x43, 0x87, 0x10, 0x75, 0xFF, 0x00, 0x22,
0xC2, 0xC1, 0xD2, 0xC1, 0x22, 0x78, 0x29, 0xED, 0xF6, 0x08, 0xEC, 0xF6, 0x12, 0x6D, 0x99, 0x12, 0x6D, 0xA0, 0xC2, 0xAF, 0xD2, 0xC2, 0xC2, 0xC0, 0x78, 0x29, 0xE6, 0xFD, 0x08, 0xE6, 0xFC, 0xE4,
0xFE, 0xFF, 0xE4, 0xF8, 0xF9, 0xFB, 0x04, 0xFA, 0x12, 0x04, 0xEB, 0xEE, 0xFF, 0xED, 0xFE, 0xEC, 0xFD, 0x12, 0x08, 0x7D, 0x78, 0x25, 0xFC, 0x12, 0x0B, 0x3C, 0xEC, 0xD2, 0xC0, 0xC2, 0xC2, 0xD2,
0xAF, 0x78, 0x28, 0xF6, 0xFC, 0x22, 0x78, 0x2B, 0xEE, 0xF6, 0x78, 0x29, 0xED, 0xF6, 0x08, 0xEC, 0xF6, 0x12, 0x6D, 0x99, 0x12, 0x6D, 0xA0, 0x78, 0x25, 0x76, 0x01, 0x08, 0x74, 0x55, 0xF6, 0x08,
0xF6, 0x74, 0xAA, 0x90, 0x55, 0x55, 0xF0, 0x78, 0x25, 0x76, 0x01, 0x08, 0x76, 0x2A, 0x08, 0x76, 0xAA, 0x74, 0x55, 0x90, 0x2A, 0xAA, 0xF0, 0x78, 0x25, 0x76, 0x01, 0x08, 0x74, 0x55, 0xF6, 0x08,
0xF6, 0x74, 0xA0, 0x90, 0x55, 0x55, 0xF0, 0x78, 0x29, 0xE6, 0xFD, 0x08, 0xE6, 0xFC, 0xE4, 0xFE, 0xFF, 0xE4, 0xF8, 0xF9, 0xFB, 0x04, 0xFA, 0x12, 0x04, 0xEB, 0xEE, 0xFF, 0xED, 0xFE, 0xEC, 0xFD,
0x78, 0x2B, 0xE6, 0x12, 0x0A, 0x76, 0x78, 0x25, 0xFC, 0x12, 0x0B, 0x3C, 0x78, 0x28, 0x76, 0xFA, 0x78, 0x25, 0x12, 0x0B, 0x5A, 0x12, 0x08, 0x7D, 0x78, 0x2B, 0x66, 0x60, 0x10, 0x78, 0x28, 0xE6,
0x60, 0x0B, 0x12, 0x6D, 0x99, 0x12, 0x6D, 0xA0, 0x78, 0x28, 0x16, 0x80, 0xE3, 0x22, 0xC2, 0xAF, 0xD2, 0xC2, 0xC2, 0xC0, 0x78, 0x2E, 0xEE, 0xF6, 0x78, 0x2C, 0xED, 0xF6, 0x08, 0xEC, 0xF6, 0x12,
0x6D, 0xE6, 0xD2, 0xC0, 0xC2, 0xC2, 0xD2, 0xAF, 0x22, 0xC2, 0xB3, 0xC2, 0xB5, 0xC2, 0xB4, 0x0C, 0xBC, 0x00, 0x01, 0x0D, 0xED, 0x78, 0x2F, 0xF6, 0xEC, 0x78, 0x31, 0xCD, 0xF6, 0xCD, 0x08, 0xCC,
0xF6, 0xCC, 0x78, 0x30, 0xF6, 0x78, 0x2B, 0xE4, 0xF6, 0x08, 0xF6, 0x78, 0x2B, 0xE6, 0xFD, 0x08, 0xE6, 0xFC, 0x12, 0x6D, 0xA5, 0xEC, 0x78, 0x2F, 0x66, 0x70, 0x14, 0x78, 0x2C, 0xE6, 0x24, 0x01,
0xFC, 0x18, 0xE6, 0x34, 0x00, 0xFD, 0x12, 0x6D, 0xA5, 0xEC, 0x78, 0x30, 0x66, 0x60, 0x15, 0x78, 0x2B, 0xE6, 0xC3, 0x94, 0x40, 0x50, 0x0D, 0x78, 0x2C, 0xE6, 0x24, 0x04, 0xF6, 0x18, 0xE6, 0x34,
0x00, 0xF6, 0x80, 0xC7, 0x78, 0x2B, 0xE6, 0xC3, 0x94, 0x40, 0x40, 0x08, 0x78, 0x2D, 0xE4, 0xF6, 0x08, 0xF6, 0x80, 0x2E, 0x78, 0x2C, 0xE6, 0x24, 0x02, 0xFC, 0x18, 0xE6, 0x34, 0x00, 0xFD, 0x12,
0x6D, 0xA5, 0xEC, 0x78, 0x2D, 0xF6, 0x08, 0xE4, 0xF6, 0x78, 0x2C, 0xE6, 0x24, 0x03, 0xFC, 0x18, 0xE6, 0x34, 0x00, 0xFD, 0x12, 0x6D, 0xA5, 0x7D, 0x00, 0x78, 0x2E, 0xE6, 0x2C, 0xF6, 0x18, 0xE6,
0x3D, 0xF6, 0x78, 0x2D, 0xE6, 0xFD, 0x08, 0xE6, 0xFC, 0x22, 0x78, 0x2D, 0xE4, 0xF6, 0x08, 0xF6, 0x78, 0x2D, 0xE6, 0xFD, 0x08, 0xE6, 0xFC, 0x12, 0x6D, 0xA5, 0xEC, 0x04, 0x70, 0x03, 0x02, 0x6F,
0xDF, 0x78, 0x2D, 0xE6, 0xC3, 0x94, 0x40, 0x40, 0x03, 0x02, 0x6F, 0xDF, 0x78, 0x2D, 0xE6, 0xFD, 0x08, 0xE6, 0xFC, 0x12, 0x6D, 0xA5, 0xEC, 0x78, 0x31, 0xF6, 0x08, 0xE4, 0xF6, 0x78, 0x2E, 0xE6,
0x24, 0x01, 0xFC, 0x18, 0xE6, 0x34, 0x00, 0xFD, 0x12, 0x6D, 0xA5, 0x7D, 0x00, 0x78, 0x32, 0xE6, 0x2C, 0xF6, 0x18, 0xE6, 0x3D, 0xF6, 0x78, 0x31, 0xE6, 0x08, 0x46, 0x60, 0x4E, 0x78, 0x2E, 0xE6,
0x24, 0x02, 0xFC, 0x18, 0xE6, 0x34, 0x00, 0xFD, 0x12, 0x6D, 0xA5, 0xEC, 0x78, 0x2F, 0xF6, 0x08, 0xE4, 0xF6, 0x78, 0x2E, 0xE6, 0x24, 0x03, 0xFC, 0x18, 0xE6, 0x34, 0x00, 0xFD, 0x12, 0x6D, 0xA5,
0x7D, 0x00, 0x78, 0x30, 0xE6, 0x2C, 0xF6, 0x18, 0xE6, 0x3D, 0xF6, 0x78, 0x32, 0xE6, 0x16, 0x18, 0x70, 0x01, 0x16, 0x78, 0x2F, 0xE6, 0xFD, 0x08, 0xE6, 0xFC, 0x78, 0x31, 0xE6, 0xFF, 0x08, 0xE6,
0x90, 0x12, 0xEC, 0x12, 0x0B, 0x9D, 0xED, 0xF0, 0xA3, 0xEC, 0xF0, 0x78, 0x2E, 0xE6, 0x24, 0x04, 0xF6, 0x18, 0xE6, 0x34, 0x00, 0xF6, 0x12, 0x7C, 0x95, 0x12, 0x79, 0x14, 0x02, 0x6F, 0x30, 0x22,
0x78, 0x33, 0xED, 0xF6, 0x08, 0xEC, 0xF6, 0x7C, 0x00, 0x12, 0x72, 0xDF, 0x78, 0x2F, 0xE4, 0xF6, 0x08, 0xF6, 0x78, 0x31, 0xE4, 0xF6, 0x08, 0x04, 0xF6, 0x78, 0x34, 0xE6, 0x04, 0xFC, 0x18, 0xE6,
0xBC, 0x00, 0x01, 0x04, 0xFD, 0x78, 0x32, 0xEC, 0xD3, 0x96, 0xED, 0x18, 0x96, 0x40, 0x6F, 0x78, 0x31, 0xE6, 0xFE, 0x78, 0x2F, 0xE6, 0xFD, 0x08, 0xE6, 0xFC, 0x12, 0x6E, 0x6E, 0x78, 0x32, 0xE6,
0xFE, 0x78, 0x30, 0xE6, 0x24, 0x01, 0xFC, 0x18, 0xE6, 0x34, 0x00, 0xFD, 0x12, 0x6E, 0x6E, 0x78, 0x31, 0xE6, 0xFD, 0x08, 0xE6, 0x90, 0x12, 0xEA, 0x12, 0x0B, 0x98, 0xE0, 0xFE, 0x78, 0x30, 0xE6,
0x24, 0x02, 0xFC, 0x18, 0xE6, 0x34, 0x00, 0xFD, 0x12, 0x6E, 0x6E, 0x78, 0x31, 0xE6, 0xFD, 0x08, 0xE6, 0x90, 0x12, 0xEA, 0x12, 0x0B, 0x98, 0xA3, 0xE0, 0xFE, 0x78, 0x30, 0xE6, 0x24, 0x03, 0xFC,
0x18, 0xE6, 0x34, 0x00, 0xFD, 0x12, 0x6E, 0x6E, 0x78, 0x30, 0xE6, 0x24, 0x04, 0xF6, 0x18, 0xE6, 0x34, 0x00, 0xF6, 0x78, 0x32, 0x06, 0xE6, 0x18, 0x70, 0x01, 0x06, 0x02, 0x6F, 0xF9, 0x22, 0xD2,
0xB3, 0xC2, 0xB5, 0xC2, 0xB4, 0x78, 0x2F, 0xEC, 0xF6, 0x78, 0x2C, 0x12, 0x0B, 0x3C, 0xEC, 0xB4, 0x00, 0x02, 0x80, 0x03, 0xD3, 0x40, 0x38, 0x90, 0x1B, 0x5A, 0x74, 0x01, 0xF0, 0xA3, 0xE4, 0xF0,
0x90, 0x1B, 0x5A, 0xE0, 0xFD, 0xA3, 0xE0, 0xFC, 0x12, 0x6D, 0xA5, 0xEC, 0x04, 0x60, 0x10, 0x90, 0x1B, 0x5B, 0xE0, 0x24, 0x10, 0xF0, 0x90, 0x1B, 0x5A, 0xE0, 0x34, 0x00, 0xF0, 0x80, 0xE1, 0x90,
0x1B, 0x5B, 0xE0, 0x24, 0xF0, 0xF0, 0x90, 0x1B, 0x5A, 0xE0, 0x34, 0xFF, 0xF0, 0x80, 0x30, 0xB4, 0x01, 0x02, 0x80, 0x03, 0xD3, 0x40, 0x10, 0x90, 0x1B, 0x5B, 0xE0, 0x24, 0xF0, 0xF0, 0x90, 0x1B,
0x5A, 0xE0, 0x34, 0xFF, 0xF0, 0x80, 0x18, 0xB4, 0x02, 0x02, 0x80, 0x03, 0xD3, 0x40, 0x10, 0x90, 0x1B, 0x5B, 0xE0, 0x24, 0x10, 0xF0, 0x90, 0x1B, 0x5A, 0xE0, 0x34, 0x00, 0xF0, 0x80, 0x00, 0x90,
0x1B, 0x5A, 0xE0, 0xC3, 0x94, 0x01, 0x50, 0x16, 0x78, 0x2C, 0x12, 0x0B, 0x5A, 0x74, 0xFF, 0x12, 0x0A, 0x76, 0x90, 0x1B, 0x5A, 0x74, 0x01, 0xF0, 0xA3, 0xE4, 0xF0, 0x02, 0x72, 0x4F, 0x90, 0x1B,
0x5A, 0xE0, 0xFD, 0xA3, 0xE0, 0xFC, 0x12, 0x6D, 0xA5, 0xEC, 0x04, 0x70, 0x1B, 0x78, 0x2C, 0x12, 0x0B, 0x5A, 0x74, 0xFF, 0x12, 0x0A, 0x76, 0x90, 0x1B, 0x5B, 0xE0, 0x24, 0xF0, 0xF0, 0x90, 0x1B,
0x5A, 0xE0, 0x34, 0xFF, 0xF0, 0x02, 0x72, 0x4F, 0x78, 0x2B, 0x76, 0x00, 0x78, 0x2B, 0xE6, 0x24, 0xF9, 0x40, 0x2A, 0x78, 0x2B, 0xE6, 0x90, 0x1B, 0x5B, 0xFE, 0xE0, 0x2E, 0xFC, 0x90, 0x1B, 0x5A,
0xE0, 0x34, 0x00, 0xFD, 0x12, 0x6D, 0xA5, 0x78, 0x2C, 0x12, 0x0B, 0x5A, 0x78, 0x2B, 0xE6, 0xF5, 0x82, 0x75, 0x83, 0x00, 0xEC, 0x12, 0x0A, 0x7E, 0x78, 0x2B, 0x06, 0x80, 0xCF, 0x78, 0x2C, 0x12,
0x0B, 0x5A, 0x74, 0x20, 0x90, 0x00, 0x07, 0x12, 0x0A, 0x7E, 0x90, 0x1B, 0x5B, 0xE0, 0x24, 0x07, 0xFC, 0x90, 0x1B, 0x5A, 0xE0, 0x34, 0x00, 0xFD, 0x12, 0x6D, 0xA5, 0x78, 0x2C, 0x12, 0x0B, 0x5A,
0xEC, 0x90, 0x00, 0x08, 0x12, 0x0A, 0x7E, 0x90, 0x1B, 0x5B, 0xE0, 0x24, 0x08, 0xFC, 0x90, 0x1B, 0x5A, 0xE0, 0x34, 0x00, 0xFD, 0x12, 0x6D, 0xA5, 0x78, 0x2C, 0x12, 0x0B, 0x5A, 0xEC, 0x90, 0x00,
0x09, 0x12, 0x0A, 0x7E, 0x74, 0x3A, 0x90, 0x00, 0x0A, 0x12, 0x0A, 0x7E, 0x90, 0x1B, 0x5B, 0xE0, 0x24, 0x09, 0xFC, 0x90, 0x1B, 0x5A, 0xE0, 0x34, 0x00, 0xFD, 0x12, 0x6D, 0xA5, 0x78, 0x2C, 0x12,
0x0B, 0x5A, 0xEC, 0x90, 0x00, 0x0B, 0x12, 0x0A, 0x7E, 0x90, 0x1B, 0x5B, 0xE0, 0x24, 0x0A, 0xFC, 0x90, 0x1B, 0x5A, 0xE0, 0x34, 0x00, 0xFD, 0x12, 0x6D, 0xA5, 0x78, 0x2C, 0x12, 0x0B, 0x5A, 0xEC,
0x90, 0x00, 0x0C, 0x12, 0x0A, 0x7E, 0x74, 0x3A, 0x90, 0x00, 0x0D, 0x12, 0x0A, 0x7E, 0x90, 0x1B, 0x5B, 0xE0, 0x24, 0x0B, 0xFC, 0x90, 0x1B, 0x5A, 0xE0, 0x34, 0x00, 0xFD, 0x12, 0x6D, 0xA5, 0x78,
0x2C, 0x12, 0x0B, 0x5A, 0xEC, 0x90, 0x00, 0x0E, 0x12, 0x0A, 0x7E, 0x90, 0x1B, 0x5B, 0xE0, 0x24, 0x0C, 0xFC, 0x90, 0x1B, 0x5A, 0xE0, 0x34, 0x00, 0xFD, 0x12, 0x6D, 0xA5, 0x78, 0x2C, 0x12, 0x0B,
0x5A, 0xEC, 0x90, 0x00, 0x0F, 0x12, 0x0A, 0x7E, 0xE4, 0x90, 0x00, 0x10, 0x12, 0x0A, 0x7E, 0x22, 0x7C, 0x01, 0x02, 0x72, 0xDF, 0xD2, 0xB3, 0xC2, 0xB5, 0xC2, 0xB4, 0x78, 0x2F, 0x76, 0x01, 0x08,
0xE4, 0xF6, 0x78, 0x31, 0x12, 0x0B, 0x3C, 0x78, 0x2F, 0xE6, 0xFD, 0x08, 0xE6, 0xFC, 0x12, 0x6D, 0xA5, 0xEC, 0x04, 0x60, 0x27, 0x78, 0x30, 0xE6, 0x24, 0x10, 0xF6, 0x18, 0xE6, 0x34, 0x00, 0xF6,
0xD3, 0x78, 0x30, 0xE6, 0x94, 0x00, 0x18, 0xE6, 0x94, 0xFF, 0x40, 0x0E, 0x7C, 0x01, 0x12, 0x72, 0xDF, 0xD2, 0xB3, 0x78, 0x2F, 0x76, 0x01, 0x08, 0xE4, 0xF6, 0x80, 0xCB, 0x78, 0x2F, 0xE6, 0xFD,
0x08, 0xE6, 0xFC, 0x78, 0x30, 0x06, 0xE6, 0x18, 0x70, 0x01, 0x06, 0x78, 0x31, 0x12, 0x0A, 0xFA, 0x12, 0x08, 0x71, 0xFE, 0x12, 0x6E, 0x6E, 0x78, 0x31, 0x12, 0x0B, 0x5A, 0x12, 0x08, 0x7D, 0x60,
0x1D, 0x78, 0x2F, 0xE6, 0xFD, 0x08, 0xE6, 0xFC, 0x78, 0x30, 0x06, 0xE6, 0x18, 0x70, 0x01, 0x06, 0x78, 0x31, 0x12, 0x0A, 0xFA, 0x12, 0x08, 0x71, 0xFE, 0x12, 0x6E, 0x6E, 0x80, 0xD9, 0x22, 0xC2,
0xAF, 0xD2, 0xC2, 0xC2, 0xC0, 0xC2, 0xB3, 0xC2, 0xB5, 0xC2, 0xB4, 0x78, 0x25, 0xE4, 0xF6, 0x08, 0xF6, 0x78, 0x27, 0x76, 0x00, 0x78, 0x2B, 0xEC, 0xF6, 0x30, 0xE0, 0x02, 0xD2, 0xB3, 0x78, 0x2B,
0xE6, 0x30, 0xE1, 0x02, 0xD2, 0xB5, 0x78, 0x2B, 0xE6, 0x30, 0xE2, 0x02, 0xD2, 0xB4, 0x78, 0x28, 0x76, 0x01, 0x08, 0x74, 0x55, 0xF6, 0x08, 0xF6, 0x74, 0xAA, 0x90, 0x55, 0x55, 0xF0, 0x78, 0x28,
0x76, 0x01, 0x08, 0x76, 0x2A, 0x08, 0x76, 0xAA, 0x74, 0x55, 0x90, 0x2A, 0xAA, 0xF0, 0x78, 0x28, 0x76, 0x01, 0x08, 0x74, 0x55, 0xF6, 0x08, 0xF6, 0x74, 0x80, 0x90, 0x55, 0x55, 0xF0, 0x78, 0x28,
0x76, 0x01, 0x08, 0x74, 0x55, 0xF6, 0x08, 0xF6, 0x74, 0xAA, 0x90, 0x55, 0x55, 0xF0, 0x78, 0x28, 0x76, 0x01, 0x08, 0x76, 0x2A, 0x08, 0x76, 0xAA, 0x74, 0x55, 0x90, 0x2A, 0xAA, 0xF0, 0x78, 0x25,
0xE6, 0xFD, 0x08, 0xE6, 0xFC, 0xE4, 0xFE, 0xFF, 0xE4, 0xF8, 0xF9, 0xFB, 0x04, 0xFA, 0x12, 0x04, 0xEB, 0xEE, 0xFF, 0xED, 0xFE, 0xEC, 0xFD, 0x74, 0x30, 0x12, 0x0A, 0x76, 0x78, 0x28, 0x12, 0x0B,
0x3C, 0x78, 0x25, 0xE6, 0xFD, 0x08, 0xE6, 0xFC, 0xE4, 0xFE, 0xFF, 0xE4, 0xF8, 0xF9, 0xFB, 0x04, 0xFA, 0x12, 0x04, 0xEB, 0xEE, 0xFF, 0xED, 0xFE, 0xEC, 0xFD, 0x78, 0x28, 0x12, 0x0B, 0x3C, 0x78,
0x27, 0xE6, 0x70, 0x15, 0x78, 0x28, 0x12, 0x0B, 0x5A, 0x12, 0x08, 0x7D, 0x54, 0x80, 0x78, 0x27, 0xF6, 0x12, 0x6D, 0x99, 0x12, 0x6D, 0xA0, 0x80, 0xE6, 0xC2, 0xB3, 0xC2, 0xB5, 0xC2, 0xB4, 0xD2,
0xC0, 0xC2, 0xC2, 0xD2, 0xAF, 0x22, 0x0C, 0xBC, 0x00, 0x01, 0x0D, 0xED, 0x78, 0x33, 0xF6, 0xEC, 0x78, 0x37, 0xCD, 0xF6, 0xCD, 0x08, 0xCC, 0xF6, 0xCC, 0x78, 0x34, 0xF6, 0xC2, 0xB3, 0xC2, 0xB5,
0xC2, 0xB4, 0x78, 0x2F, 0xE4, 0xF6, 0x08, 0xF6, 0x78, 0x31, 0xE4, 0xF6, 0x08, 0xF6, 0x78, 0x39, 0xEF, 0xF6, 0x08, 0xEE, 0xF6, 0x78, 0x2F, 0xE6, 0xFD, 0x08, 0xE6, 0xFC, 0x12, 0x6D, 0xA5, 0xEC,
0x04, 0x70, 0x12, 0x78, 0x30, 0xE6, 0x24, 0x01, 0xFC, 0x18, 0xE6, 0x34, 0x00, 0xFD, 0x12, 0x6D, 0xA5, 0xEC, 0x04, 0x60, 0x6E, 0x78, 0x2F, 0xE6, 0xFD, 0x08, 0xE6, 0xFC, 0x12, 0x6D, 0xA5, 0xEC,
0x78, 0x33, 0x66, 0x70, 0x50, 0x78, 0x30, 0xE6, 0x24, 0x01, 0xFC, 0x18, 0xE6, 0x34, 0x00, 0xFD, 0x12, 0x6D, 0xA5, 0xEC, 0x78, 0x34, 0x66, 0x70, 0x3C, 0x78, 0x2F, 0xE6, 0xFD, 0x08, 0xE6, 0xFC,
0x7E, 0x00, 0x12, 0x6E, 0x6E, 0x78, 0x30, 0xE6, 0x24, 0x01, 0xFC, 0x18, 0xE6, 0x34, 0x00, 0xFD, 0x7E, 0x00, 0x12, 0x6E, 0x6E, 0x78, 0x30, 0xE6, 0x24, 0x02, 0xFC, 0x18, 0xE6, 0x34, 0x00, 0xFD,
0x7E, 0x00, 0x12, 0x6E, 0x6E, 0x78, 0x30, 0xE6, 0x24, 0x03, 0xFC, 0x18, 0xE6, 0x34, 0x00, 0xFD, 0x7E, 0x00, 0x12, 0x6E, 0x6E, 0x78, 0x30, 0xE6, 0x24, 0x04, 0xF6, 0x18, 0xE6, 0x34, 0x00, 0xF6,
0x02, 0x73, 0xF5, 0x78, 0x2F, 0xE6, 0xFD, 0x08, 0xE6, 0xFC, 0x78, 0x33, 0xE6, 0xFE, 0x12, 0x6E, 0x6E, 0x78, 0x30, 0xE6, 0x24, 0x01, 0xFC, 0x18, 0xE6, 0x34, 0x00, 0xFD, 0x78, 0x34, 0xE6, 0xFE,
0x12, 0x6E, 0x6E, 0x78, 0x39, 0xE6, 0xFE, 0x78, 0x30, 0xE6, 0x24, 0x02, 0xFC, 0x18, 0xE6, 0x34, 0x00, 0xFD, 0x12, 0x6E, 0x6E, 0x78, 0x3A, 0xE6, 0xFE, 0x78, 0x30, 0xE6, 0x24, 0x03, 0xFC, 0x18,
0xE6, 0x34, 0x00, 0xFD, 0x12, 0x6E, 0x6E, 0xD3, 0x78, 0x30, 0xE6, 0x94, 0x00, 0x18, 0xE6, 0x94, 0x30, 0x50, 0x03, 0x02, 0x75, 0xEE, 0x7C, 0x03, 0x12, 0x72, 0xDF, 0x78, 0x2F, 0xE4, 0xF6, 0x08,
0xF6, 0x78, 0x31, 0xE4, 0xF6, 0x08, 0xF6, 0x78, 0x2F, 0xE6, 0xFD, 0x08, 0xE6, 0xFC, 0x12, 0x6D, 0xA5, 0xEC, 0x04, 0x70, 0x12, 0x78, 0x30, 0xE6, 0x24, 0x01, 0xFC, 0x18, 0xE6, 0x34, 0x00, 0xFD,
0x12, 0x6D, 0xA5, 0xEC, 0x04, 0x60, 0x76, 0x78, 0x2F, 0xE6, 0xFD, 0x08, 0xE6, 0xFC, 0x12, 0x6D, 0xA5, 0xBC, 0x00, 0x11, 0x78, 0x30, 0xE6, 0x24, 0x01, 0xFC, 0x18, 0xE6, 0x34, 0x00, 0xFD, 0x12,
0x6D, 0xA5, 0xEC, 0x60, 0x4A, 0x78, 0x35, 0x76, 0x00, 0x78, 0x35, 0xE6, 0x24, 0xFC, 0x40, 0x3D, 0x78, 0x2F, 0xE6, 0xFD, 0x08, 0xE6, 0xFC, 0x78, 0x30, 0x06, 0xE6, 0x18, 0x70, 0x01, 0x06, 0x12,
0x6D, 0xA5, 0xD2, 0xB3, 0xD2, 0xB5, 0x78, 0x36, 0xEC, 0xF6, 0x78, 0x31, 0xE6, 0xFF, 0x08, 0xE6, 0xFE, 0x78, 0x32, 0x06, 0xE6, 0x18, 0x70, 0x01, 0x06, 0xEE, 0xFC, 0xEF, 0xFD, 0x78, 0x36, 0xE6,
0xFE, 0x12, 0x6E, 0x6E, 0xC2, 0xB3, 0xC2, 0xB5, 0x78, 0x35, 0x06, 0x80, 0xBC, 0x80, 0x0B, 0x78, 0x30, 0xE6, 0x24, 0x04, 0xF6, 0x18, 0xE6, 0x34, 0x00, 0xF6, 0x02, 0x74, 0xE7, 0x7C, 0x00, 0x12,
0x72, 0xDF, 0xD2, 0xB3, 0xD2, 0xB5, 0x78, 0x2F, 0xE4, 0xF6, 0x08, 0xF6, 0x78, 0x2F, 0xE6, 0xFD, 0x08, 0xE6, 0xFC, 0x12, 0x6D, 0xA5, 0xEC, 0x04, 0x70, 0x12, 0x78, 0x30, 0xE6, 0x24, 0x01, 0xFC,
0x18, 0xE6, 0x34, 0x00, 0xFD, 0x12, 0x6D, 0xA5, 0xEC, 0x04, 0x60, 0x42, 0x78, 0x35, 0x76, 0x00, 0x78, 0x35, 0xE6, 0x24, 0xFC, 0x40, 0x35, 0x78, 0x2F, 0xE6, 0xFD, 0x08, 0xE6, 0xFC, 0x12, 0x6D,
0xA5, 0xC2, 0xB3, 0xC2, 0xB5, 0x78, 0x36, 0xEC, 0xF6, 0x78, 0x2F, 0xE6, 0xFF, 0x08, 0xE6, 0xFE, 0x78, 0x30, 0x06, 0xE6, 0x18, 0x70, 0x01, 0x06, 0xEE, 0xFC, 0xEF, 0xFD, 0x78, 0x36, 0xE6, 0xFE,
0x12, 0x6E, 0x6E, 0xD2, 0xB3, 0xD2, 0xB5, 0x78, 0x35, 0x06, 0x80, 0xC4, 0x80, 0x9E, 0x22, 0xC2, 0xAF, 0xC2, 0xB3, 0xC2, 0xB5, 0xD2, 0xB4, 0x90, 0x0A, 0x2C, 0xE0, 0xFB, 0xA3, 0xE0, 0xFA, 0xEB,
0xC3, 0x13, 0xCA, 0x13, 0xCA, 0xC3, 0x13, 0xFB, 0xEA, 0x13, 0xFA, 0x78, 0x25, 0xF6, 0x78, 0x2C, 0xEC, 0xF6, 0x78, 0x2D, 0xEF, 0xF6, 0x08, 0xEE, 0xF6, 0x90, 0x0A, 0x2D, 0xE0, 0xFF, 0xEF, 0x24,
0xFC, 0x50, 0x06, 0xEF, 0x24, 0xFC, 0xFF, 0x80, 0xF5, 0x78, 0x26, 0xEF, 0xF6, 0x78, 0x25, 0xE6, 0xB4, 0x01, 0x02, 0x80, 0x03, 0xD3, 0x40, 0x04, 0xD2, 0xB3, 0x80, 0x1A, 0xB4, 0x02, 0x02, 0x80,
0x03, 0xD3, 0x40, 0x04, 0xD2, 0xB5, 0x80, 0x0E, 0xB4, 0x03, 0x02, 0x80, 0x03, 0xD3, 0x40, 0x06, 0xD2, 0xB3, 0xD2, 0xB5, 0x80, 0x00, 0x78, 0x26, 0xE6, 0xB4, 0x00, 0x02, 0x80, 0x03, 0xD3, 0x40,
0x2C, 0x78, 0x2D, 0xE6, 0xFD, 0x08, 0xE6, 0xFC, 0xE4, 0xFB, 0x7A, 0x14, 0x12, 0x01, 0x36, 0xE8, 0xFC, 0xE9, 0xFD, 0xE4, 0xFE, 0xFF, 0xE4, 0xF8, 0xF9, 0xFB, 0x04, 0xFA, 0x12, 0x04, 0xEB, 0xEE,
0xFF, 0xED, 0xFE, 0xEC, 0xFD, 0x78, 0x28, 0x12, 0x0B, 0x3C, 0x02, 0x77, 0x29, 0xB4, 0x01, 0x02, 0x80, 0x03, 0xD3, 0x40, 0x2C, 0x78, 0x2D, 0xE6, 0xFD, 0x08, 0xE6, 0xFC, 0xE4, 0xFB, 0x7A, 0x14,
0x12, 0x01, 0x36, 0xE8, 0xFC, 0xE9, 0xFD, 0xE4, 0xFE, 0xFF, 0xE4, 0xF8, 0xFB, 0x04, 0xFA, 0x79, 0x40, 0x12, 0x04, 0xEB, 0xEE, 0xFF, 0xED, 0xFE, 0xEC, 0xFD, 0x78, 0x28, 0x12, 0x0B, 0x3C, 0x80,
0x68, 0xB4, 0x02, 0x02, 0x80, 0x03, 0xD3, 0x40, 0x2C, 0x78, 0x2D, 0xE6, 0xFD, 0x08, 0xE6, 0xFC, 0xE4, 0xFB, 0x7A, 0x14, 0x12, 0x01, 0x36, 0xE8, 0xFC, 0xE9, 0xFD, 0xE4, 0xFE, 0xFF, 0xE4, 0xF8,
0xFB, 0x04, 0xFA, 0x79, 0x80, 0x12, 0x04, 0xEB, 0xEE, 0xFF, 0xED, 0xFE, 0xEC, 0xFD, 0x78, 0x28, 0x12, 0x0B, 0x3C, 0x80, 0x34, 0xB4, 0x03, 0x02, 0x80, 0x03, 0xD3, 0x40, 0x2C, 0x78, 0x2D, 0xE6,
0xFD, 0x08, 0xE6, 0xFC, 0xE4, 0xFB, 0x7A, 0x14, 0x12, 0x01, 0x36, 0xE8, 0xFC, 0xE9, 0xFD, 0xE4, 0xFE, 0xFF, 0xE4, 0xF8, 0xFB, 0x04, 0xFA, 0x79, 0xC0, 0x12, 0x04, 0xEB, 0xEE, 0xFF, 0xED, 0xFE,
0xEC, 0xFD, 0x78, 0x28, 0x12, 0x0B, 0x3C, 0x80, 0x00, 0x78, 0x2B, 0x76, 0x00, 0x78, 0x2B, 0xE6, 0x24, 0xEC, 0x50, 0x03, 0x02, 0x77, 0xE0, 0xD2, 0xC2, 0xC2, 0xC0, 0x78, 0x28, 0x12, 0x0B, 0x09,
0x12, 0x08, 0x7D, 0x78, 0x27, 0xF6, 0xD2, 0xC0, 0xC2, 0xC2, 0x78, 0x2C, 0xE6, 0x12, 0x06, 0x68, 0x01, 0x04, 0x77, 0xDA, 0x77, 0x5E, 0x77, 0x78, 0x77, 0x92, 0x77, 0xAC, 0x77, 0xC6, 0x78, 0x27,
0xE6, 0xFC, 0x78, 0x2B, 0xE6, 0x24, 0x6E, 0xF5, 0x82, 0xE4, 0x34, 0x0A, 0xF5, 0x83, 0xEC, 0xF0, 0x78, 0x76, 0xE6, 0x44, 0x10, 0xF6, 0x80, 0x62, 0x78, 0x27, 0xE6, 0xFC, 0x78, 0x2B, 0xE6, 0x24,
0x83, 0xF5, 0x82, 0xE4, 0x34, 0x0A, 0xF5, 0x83, 0xEC, 0xF0, 0x78, 0x76, 0xE6, 0x44, 0x20, 0xF6, 0x80, 0x48, 0x78, 0x27, 0xE6, 0xFC, 0x78, 0x2B, 0xE6, 0x24, 0x98, 0xF5, 0x82, 0xE4, 0x34, 0x0A,
0xF5, 0x83, 0xEC, 0xF0, 0x78, 0x76, 0xE6, 0x44, 0x40, 0xF6, 0x80, 0x2E, 0x78, 0x27, 0xE6, 0xFC, 0x78, 0x2B, 0xE6, 0x24, 0xAD, 0xF5, 0x82, 0xE4, 0x34, 0x0A, 0xF5, 0x83, 0xEC, 0xF0, 0x78, 0x76,
0xE6, 0x44, 0x80, 0xF6, 0x80, 0x14, 0x78, 0x27, 0xE6, 0xFC, 0x78, 0x2B, 0xE6, 0x24, 0xC2, 0xF5, 0x82, 0xE4, 0x34, 0x0A, 0xF5, 0x83, 0xEC, 0xF0, 0x80, 0x00, 0x78, 0x2B, 0x06, 0x02, 0x77, 0x2D,
0x78, 0x2C, 0xE6, 0x14, 0x75, 0xF0, 0x15, 0xA4, 0x24, 0x82, 0xF5, 0x82, 0xE4, 0x34, 0x0A, 0xF5, 0x83, 0xE4, 0xF0, 0xC2, 0xB3, 0xC2, 0xB5, 0xC2, 0xB4, 0xD2, 0xAF, 0x22, 0x75, 0xC5, 0x08, 0x78,
0x27, 0xE4, 0xF6, 0x08, 0xF6, 0x78, 0x2B, 0xED, 0xF6, 0x08, 0xEC, 0xF6, 0x78, 0x27, 0xE6, 0xFF, 0x08, 0xE6, 0xFE, 0xE5, 0xC5, 0x20, 0xE4, 0x10, 0xC3, 0xEE, 0x94, 0xE8, 0xEF, 0x94, 0x03, 0x50,
0x07, 0x0E, 0xBE, 0x00, 0x01, 0x0F, 0x80, 0xEB, 0x78, 0x27, 0xEF, 0xF6, 0x08, 0xEE, 0xF6, 0xC3, 0x78, 0x28, 0xE6, 0x94, 0xE8, 0x18, 0xE6, 0x94, 0x03, 0x50, 0x5B, 0xE5, 0xC6, 0x78, 0x25, 0x76,
0x00, 0x08, 0xF6, 0x7D, 0x02, 0x78, 0x26, 0xE6, 0x18, 0xFC, 0xE6, 0xCC, 0x25, 0xE0, 0xCC, 0x33, 0xCC, 0xDD, 0xF9, 0xCC, 0xF6, 0xCC, 0x08, 0xF6, 0xE5, 0xC5, 0xC4, 0x03, 0x03, 0x54, 0x03, 0xFC,
0x78, 0x26, 0xE6, 0x2C, 0xF6, 0x18, 0xE6, 0x34, 0x00, 0xF6, 0x78, 0x2B, 0xE6, 0xFD, 0x08, 0xE6, 0xFC, 0xE4, 0xFB, 0x7A, 0x09, 0x12, 0x01, 0x36, 0xE8, 0xFC, 0xE9, 0xFD, 0x78, 0x26, 0xEC, 0x26,
0xFC, 0x18, 0xED, 0x36, 0xFD, 0xE4, 0xFB, 0x7A, 0x0A, 0x12, 0x01, 0xB2, 0xE8, 0x78, 0x29, 0xC9, 0xF6, 0xC9, 0x08, 0xF6, 0x80, 0x0D, 0x78, 0x2B, 0xE6, 0xFD, 0x08, 0xE6, 0x78, 0x29, 0xCD, 0xF6,
0xCD, 0x08, 0xF6, 0x75, 0xC5, 0x00, 0x78, 0x29, 0xE6, 0xFD, 0x08, 0xE6, 0xFC, 0x22, 0x75, 0xC5, 0x08, 0x78, 0x27, 0xE4, 0xF6, 0x08, 0xF6, 0x78, 0x27, 0xE6, 0xFF, 0x08, 0xE6, 0xFE, 0xE5, 0xC5,
0x20, 0xE4, 0x10, 0xC3, 0xEE, 0x94, 0xE8, 0xEF, 0x94, 0x03, 0x50, 0x07, 0x0E, 0xBE, 0x00, 0x01, 0x0F, 0x80, 0xEB, 0x78, 0x27, 0xEF, 0xF6, 0x08, 0xEE, 0xF6, 0xE5, 0xC6, 0x78, 0x25, 0x76, 0x00,
0x08, 0xF6, 0x7D, 0x02, 0x78, 0x26, 0xE6, 0x18, 0xFC, 0xE6, 0xCC, 0x25, 0xE0, 0xCC, 0x33, 0xCC, 0xDD, 0xF9, 0xCC, 0xF6, 0xCC, 0x08, 0xF6, 0xE5, 0xC5, 0xC4, 0x03, 0x03, 0x54, 0x03, 0xFC, 0x78,
0x26, 0xE6, 0x2C, 0xF6, 0x18, 0xE6, 0x34, 0x00, 0xF6, 0x75, 0xC5, 0x00, 0x78, 0x25, 0xE6, 0xFD, 0x08, 0xE6, 0xFC, 0x22, 0xC2, 0xC5, 0xD2, 0xC7, 0xD2, 0xC7, 0xC2, 0xC7, 0xC2, 0xC7, 0xD2, 0xC7,
0xD2, 0xC7, 0xC2, 0xC7, 0xC2, 0xC7, 0xD2, 0xC7, 0xD2, 0xC7, 0xC2, 0xC7, 0xC2, 0xC7, 0xD2, 0xC7, 0xD2, 0xC7, 0xC2, 0xC7, 0xC2, 0xC7, 0xA2, 0x95, 0x7D, 0x00, 0xE4, 0x92, 0xE0, 0x90, 0x09, 0xD8,
0xCD, 0xF0, 0xA3, 0xCD, 0xF0, 0xD2, 0xC7, 0xD2, 0xC7, 0xC2, 0xC7, 0xC2, 0xC7, 0xA2, 0x95, 0x7D, 0x00, 0xE4, 0x92, 0xE0, 0x90, 0x09, 0xD6, 0xCD, 0xF0, 0xA3, 0xCD, 0xF0, 0xD2, 0xC7, 0xD2, 0xC7,
0xC2, 0xC7, 0xC2, 0xC7, 0xA2, 0x95, 0x7D, 0x00, 0xE4, 0x92, 0xE0, 0x90, 0x09, 0xD4, 0xCD, 0xF0, 0xA3, 0xCD, 0xF0, 0xD2, 0xC5, 0x78, 0xA3, 0xE6, 0x12, 0x06, 0x68, 0x00, 0x0F, 0x7C, 0x82, 0x79,
0x9F, 0x79, 0xB9, 0x79, 0xF1, 0x7A, 0x29, 0x7A, 0x61, 0x7A, 0x99, 0x7A, 0xD1, 0x7B, 0x09, 0x7B, 0x28, 0x7B, 0x47, 0x7B, 0x6B, 0x7B, 0xA3, 0x7B, 0xDB, 0x7C, 0x12, 0x7C, 0x49, 0x7C, 0x4B, 0x12,
0x78, 0xAE, 0xC3, 0xEC, 0x94, 0xF4, 0xED, 0x94, 0x01, 0xE4, 0x92, 0xE0, 0x7D, 0x00, 0x90, 0x09, 0xE0, 0xCD, 0xF0, 0xA3, 0xCD, 0xF0, 0x02, 0x7C, 0x86, 0x90, 0x1B, 0x5C, 0xE0, 0xA3, 0xE0, 0x90,
0x1B, 0x5C, 0xE0, 0xFD, 0xA3, 0xE0, 0xFC, 0x12, 0x77, 0xFC, 0x90, 0x1B, 0x5C, 0xE0, 0xFF, 0xA3, 0xE0, 0xFE, 0x90, 0x1B, 0x5C, 0xED, 0xF0, 0xA3, 0xEC, 0xF0, 0x90, 0xF7, 0xC6, 0x12, 0x0B, 0x98,
0xE4, 0x93, 0xFD, 0x74, 0x01, 0x93, 0x90, 0x0A, 0x06, 0xCD, 0xF0, 0xA3, 0xCD, 0xF0, 0x02, 0x7C, 0x86, 0x90, 0x1B, 0x5E, 0xE0, 0xA3, 0xE0, 0x90, 0x1B, 0x5E, 0xE0, 0xFD, 0xA3, 0xE0, 0xFC, 0x12,
0x77, 0xFC, 0x90, 0x1B, 0x5E, 0xE0, 0xFF, 0xA3, 0xE0, 0xFE, 0x90, 0x1B, 0x5E, 0xED, 0xF0, 0xA3, 0xEC, 0xF0, 0x90, 0xF7, 0xC6, 0x12, 0x0B, 0x98, 0xE4, 0x93, 0xFD, 0x74, 0x01, 0x93, 0x90, 0x0A,
0x02, 0xCD, 0xF0, 0xA3, 0xCD, 0xF0, 0x02, 0x7C, 0x86, 0x90, 0x1B, 0x60, 0xE0, 0xA3, 0xE0, 0x90, 0x1B, 0x60, 0xE0, 0xFD, 0xA3, 0xE0, 0xFC, 0x12, 0x77, 0xFC, 0x90, 0x1B, 0x60, 0xE0, 0xFF, 0xA3,
0xE0, 0xFE, 0x90, 0x1B, 0x60, 0xED, 0xF0, 0xA3, 0xEC, 0xF0, 0x90, 0xF7, 0xC6, 0x12, 0x0B, 0x98, 0xE4, 0x93, 0xFD, 0x74, 0x01, 0x93, 0x90, 0x0A, 0x0E, 0xCD, 0xF0, 0xA3, 0xCD, 0xF0, 0x02, 0x7C,
0x86, 0x90, 0x1B, 0x62, 0xE0, 0xA3, 0xE0, 0x90, 0x1B, 0x62, 0xE0, 0xFD, 0xA3, 0xE0, 0xFC, 0x12, 0x77, 0xFC, 0x90, 0x1B, 0x62, 0xE0, 0xFF, 0xA3, 0xE0, 0xFE, 0x90, 0x1B, 0x62, 0xED, 0xF0, 0xA3,
0xEC, 0xF0, 0x90, 0xF7, 0xC6, 0x12, 0x0B, 0x98, 0xE4, 0x93, 0xFD, 0x74, 0x01, 0x93, 0x90, 0x0A, 0x12, 0xCD, 0xF0, 0xA3, 0xCD, 0xF0, 0x02, 0x7C, 0x86, 0x90, 0x1B, 0x64, 0xE0, 0xA3, 0xE0, 0x90,
0x1B, 0x64, 0xE0, 0xFD, 0xA3, 0xE0, 0xFC, 0x12, 0x77, 0xFC, 0x90, 0x1B, 0x64, 0xE0, 0xFF, 0xA3, 0xE0, 0xFE, 0x90, 0x1B, 0x64, 0xED, 0xF0, 0xA3, 0xEC, 0xF0, 0x90, 0xF7, 0xC6, 0x12, 0x0B, 0x98,
0xE4, 0x93, 0xFD, 0x74, 0x01, 0x93, 0x90, 0x0A, 0x00, 0xCD, 0xF0, 0xA3, 0xCD, 0xF0, 0x02, 0x7C, 0x86, 0x90, 0x1B, 0x66, 0xE0, 0xA3, 0xE0, 0x90, 0x1B, 0x66, 0xE0, 0xFD, 0xA3, 0xE0, 0xFC, 0x12,
0x77, 0xFC, 0x90, 0x1B, 0x66, 0xE0, 0xFF, 0xA3, 0xE0, 0xFE, 0x90, 0x1B, 0x66, 0xED, 0xF0, 0xA3, 0xEC, 0xF0, 0x90, 0xF7, 0xC6, 0x12, 0x0B, 0x98, 0xE4, 0x93, 0xFD, 0x74, 0x01, 0x93, 0x90, 0x0A,
0x04, 0xCD, 0xF0, 0xA3, 0xCD, 0xF0, 0x02, 0x7C, 0x86, 0x12, 0x78, 0xAE, 0xC3, 0xEC, 0x94, 0xF4, 0xED, 0x94, 0x01, 0x7D, 0x00, 0x50, 0x04, 0x7C, 0x00, 0x80, 0x02, 0x7C, 0x01, 0x90, 0x09, 0xDC,
0xED, 0xF0, 0xA3, 0xEC, 0xF0, 0x02, 0x7C, 0x86, 0x12, 0x78, 0xAE, 0xC3, 0xEC, 0x94, 0xF4, 0xED, 0x94, 0x01, 0x7D, 0x00, 0x50, 0x04, 0x7C, 0x00, 0x80, 0x02, 0x7C, 0x01, 0x90, 0x09, 0xDA, 0xED,
0xF0, 0xA3, 0xEC, 0xF0, 0x02, 0x7C, 0x86, 0x90, 0x1B, 0x68, 0xE0, 0xA3, 0xE0, 0x90, 0x1B, 0x68, 0xE0, 0xFD, 0xA3, 0xE0, 0xFC, 0x12, 0x77, 0xFC, 0x90, 0x1B, 0x68, 0xE0, 0xFF, 0xA3, 0xE0, 0xFE,
0x90, 0x1B, 0x68, 0xED, 0xF0, 0xA3, 0xEC, 0xF0, 0x02, 0x7C, 0x86, 0x90, 0x1B, 0x6A, 0xE0, 0xA3, 0xE0, 0x90, 0x1B, 0x6A, 0xE0, 0xFD, 0xA3, 0xE0, 0xFC, 0x12, 0x77, 0xFC, 0x90, 0x1B, 0x6A, 0xE0,
0xFF, 0xA3, 0xE0, 0xFE, 0x90, 0x1B, 0x6A, 0xED, 0xF0, 0xA3, 0xEC, 0xF0, 0x90, 0xF7, 0xC6, 0x12, 0x0B, 0x98, 0xE4, 0x93, 0xFD, 0x74, 0x01, 0x93, 0x90, 0x0A, 0x0C, 0xCD, 0xF0, 0xA3, 0xCD, 0xF0,
0x02, 0x7C, 0x86, 0x90, 0x1B, 0x6C, 0xE0, 0xA3, 0xE0, 0x90, 0x1B, 0x6C, 0xE0, 0xFD, 0xA3, 0xE0, 0xFC, 0x12, 0x77, 0xFC, 0x90, 0x1B, 0x6C, 0xE0, 0xFF, 0xA3, 0xE0, 0xFE, 0x90, 0x1B, 0x6C, 0xED,
0xF0, 0xA3, 0xEC, 0xF0, 0x90, 0xF7, 0xC6, 0x12, 0x0B, 0x98, 0xE4, 0x93, 0xFD, 0x74, 0x01, 0x93, 0x90, 0x0A, 0x0A, 0xCD, 0xF0, 0xA3, 0xCD, 0xF0, 0x02, 0x7C, 0x86, 0x90, 0x1B, 0x6E, 0xE0, 0xA3,
0xE0, 0x90, 0x1B, 0x6E, 0xE0, 0xFD, 0xA3, 0xE0, 0xFC, 0x12, 0x77, 0xFC, 0x90, 0x1B, 0x6E, 0xE0, 0xFF, 0xA3, 0xE0, 0xFE, 0x90, 0x1B, 0x6E, 0xED, 0xF0, 0xA3, 0xEC, 0xF0, 0x90, 0xF7, 0xC6, 0x12,
0x0B, 0x98, 0xE4, 0x93, 0xFD, 0x74, 0x01, 0x93, 0x90, 0x0A, 0x10, 0xCD, 0xF0, 0xA3, 0xCD, 0xF0, 0x80, 0x74, 0x90, 0x1B, 0x70, 0xE0, 0xA3, 0xE0, 0x90, 0x1B, 0x70, 0xE0, 0xFD, 0xA3, 0xE0, 0xFC,
0x12, 0x77, 0xFC, 0x90, 0x1B, 0x70, 0xE0, 0xFF, 0xA3, 0xE0, 0xFE, 0x90, 0x1B, 0x70, 0xED, 0xF0, 0xA3, 0xEC, 0xF0, 0x90, 0xF7, 0xC6, 0x12, 0x0B, 0x98, 0xE4, 0x93, 0xFD, 0x74, 0x01, 0x93, 0x90,
0x0A, 0x08, 0xCD, 0xF0, 0xA3, 0xCD, 0xF0, 0x80, 0x3D, 0x80, 0x3B, 0x90, 0x1B, 0xF3, 0xE0, 0xA3, 0xE0, 0x90, 0x1B, 0xF3, 0xE0, 0xFD, 0xA3, 0xE0, 0xFC, 0x12, 0x77, 0xFC, 0x90, 0x1B, 0xF3, 0xE0,
0xFF, 0xA3, 0xE0, 0xFE, 0x90, 0x1B, 0xF3, 0xED, 0xF0, 0xA3, 0xEC, 0xF0, 0x90, 0xF7, 0xC6, 0x12, 0x0B, 0x98, 0xE4, 0x93, 0xFD, 0x74, 0x01, 0x93, 0x90, 0x09, 0xFE, 0xCD, 0xF0, 0xA3, 0xCD, 0xF0,
0x80, 0x04, 0x78, 0xA3, 0x76, 0x00, 0x78, 0xA3, 0x06, 0x78, 0xA3, 0xE6, 0x24, 0xF0, 0x50, 0x04, 0x78, 0xA3, 0x76, 0x00, 0x22, 0xD2, 0x93, 0xC2, 0x93, 0xD2, 0x94, 0xD2, 0x93, 0xC2, 0x93, 0xD3,
0x90, 0x09, 0xD3, 0xE0, 0x94, 0x01, 0x90, 0x09, 0xD2, 0xE0, 0x94, 0x00, 0x40, 0x12, 0x90, 0x0A, 0x20, 0xE0, 0xFD, 0xA3, 0xE0, 0x4D, 0x60, 0x04, 0xD2, 0x94, 0x80, 0x02, 0xC2, 0x94, 0x80, 0x13,
0x90, 0x09, 0xD3, 0xE0, 0x14, 0x70, 0x04, 0x90, 0x09, 0xD2, 0xE0, 0x70, 0x04, 0xC2, 0x94, 0x80, 0x02, 0xD2, 0x94, 0xD2, 0x93, 0xC2, 0x93, 0x90, 0x09, 0xEC, 0xE0, 0xFD, 0xA3, 0xE0, 0x4D, 0x60,
0x04, 0xD2, 0x94, 0x80, 0x02, 0xC2, 0x94, 0xD2, 0x93, 0xC2, 0x93, 0x90, 0x09, 0xF8, 0xE0, 0xFD, 0xA3, 0xE0, 0x4D, 0x60, 0x04, 0xD2, 0x94, 0x80, 0x02, 0xC2, 0x94, 0xD2, 0x93, 0xC2, 0x93, 0x78,
0xA3, 0xE6, 0x30, 0xE3, 0x04, 0xD2, 0x94, 0x80, 0x02, 0xC2, 0x94, 0xD2, 0x93, 0xC2, 0x93, 0x78, 0xA3, 0xE6, 0x30, 0xE2, 0x04, 0xD2, 0x94, 0x80, 0x02, 0xC2, 0x94, 0xD2, 0x93, 0xC2, 0x93, 0x78,
0xA3, 0xE6, 0x30, 0xE1, 0x04, 0xD2, 0x94, 0x80, 0x02, 0xC2, 0x94, 0xD2, 0x93, 0xC2, 0x93, 0x78, 0xA3, 0xE6, 0x30, 0xE0, 0x04, 0xD2, 0x94, 0x80, 0x02, 0xC2, 0x94, 0xD2, 0x93, 0xC2, 0x93, 0x90,
0x09, 0xE6, 0xE0, 0xFD, 0xA3, 0xE0, 0x4D, 0x60, 0x04, 0xD2, 0x94, 0x80, 0x02, 0xC2, 0x94, 0xD2, 0x93, 0xC2, 0x93, 0x90, 0x09, 0xE8, 0xE0, 0xFD, 0xA3, 0xE0, 0x4D, 0x60, 0x04, 0xD2, 0x94, 0x80,
0x02, 0xC2, 0x94, 0xD2, 0x93, 0xC2, 0x93, 0x90, 0x09, 0xF4, 0xE0, 0xFD, 0xA3, 0xE0, 0x4D, 0x60, 0x04, 0xD2, 0x94, 0x80, 0x02, 0xC2, 0x94, 0xD2, 0x93, 0xC2, 0x93, 0x90, 0x09, 0xF6, 0xE0, 0xFD,
0xA3, 0xE0, 0x4D, 0x60, 0x04, 0xD2, 0x94, 0x80, 0x02, 0xC2, 0x94, 0xD2, 0x93, 0xC2, 0x93, 0x90, 0x09, 0xF2, 0xE0, 0xFD, 0xA3, 0xE0, 0x4D, 0x60, 0x04, 0xD2, 0x94, 0x80, 0x02, 0xC2, 0x94, 0xD2,
0x93, 0xC2, 0x93, 0x90, 0x09, 0xEA, 0xE0, 0xFD, 0xA3, 0xE0, 0x4D, 0x60, 0x04, 0xD2, 0x94, 0x80, 0x02, 0xC2, 0x94, 0xD2, 0x93, 0xC2, 0x93, 0x90, 0x09, 0xF0, 0xE0, 0xFD, 0xA3, 0xE0, 0x4D, 0x60,
0x04, 0xD2, 0x94, 0x80, 0x02, 0xC2, 0x94, 0xD2, 0x93, 0xC2, 0x93, 0x90, 0x09, 0xEE, 0xE0, 0xFD, 0xA3, 0xE0, 0x4D, 0x60, 0x04, 0xD2, 0x94, 0x80, 0x02, 0xC2, 0x94, 0xD2, 0x93, 0xC2, 0x93, 0xD2,
0xC4, 0xC2, 0xC4, 0x22, 0x78, 0x26, 0x76, 0x00, 0x78, 0x27, 0x76, 0x00, 0x78, 0x2A, 0xEE, 0xF6, 0x78, 0x29, 0xED, 0xF6, 0x78, 0x28, 0xEC, 0xF6, 0x90, 0x09, 0xCA, 0xE0, 0xFB, 0xA3, 0xE0, 0x4B,
0x60, 0x04, 0x78, 0x26, 0x76, 0x04, 0xD3, 0x90, 0x09, 0xCB, 0xE0, 0x94, 0x01, 0x90, 0x09, 0xCA, 0xE0, 0x94, 0x00, 0x40, 0x04, 0x78, 0x27, 0x76, 0x04, 0x90, 0x09, 0xCC, 0xE0, 0xFD, 0xA3, 0xE0,
0x4D, 0x60, 0x06, 0x78, 0x26, 0xC6, 0x44, 0x02, 0xF6, 0x90, 0x09, 0xCE, 0xE0, 0xFD, 0xA3, 0xE0, 0x4D, 0x60, 0x06, 0x78, 0x26, 0xC6, 0x44, 0x20, 0xF6, 0x90, 0x09, 0xD0, 0xE0, 0xFD, 0xA3, 0xE0,
0x4D, 0x60, 0x06, 0x78, 0x26, 0xC6, 0x44, 0x08, 0xF6, 0xD3, 0x90, 0x09, 0xD1, 0xE0, 0x94, 0x01, 0x90, 0x09, 0xD0, 0xE0, 0x94, 0x00, 0x40, 0x06, 0x78, 0x27, 0xC6, 0x44, 0x08, 0xF6, 0x90, 0x09,
0xD2, 0xE0, 0xFD, 0xA3, 0xE0, 0x4D, 0x60, 0x06, 0x78, 0x26, 0xC6, 0x44, 0x10, 0xF6, 0xD3, 0x90, 0x09, 0xD3, 0xE0, 0x94, 0x01, 0x90, 0x09, 0xD2, 0xE0, 0x94, 0x00, 0x40, 0x04, 0x78, 0x27, 0x76,
0x10, 0x90, 0x0A, 0x1C, 0xE0, 0xFD, 0xA3, 0xE0, 0x4D, 0x70, 0x06, 0x78, 0x26, 0xC6, 0x44, 0x40, 0xF6, 0x90, 0x0A, 0x1A, 0xE0, 0xFD, 0xA3, 0xE0, 0x4D, 0x60, 0x08, 0x78, 0x26, 0xC6, 0x44, 0x80,
0xF6, 0x80, 0x3D, 0x78, 0x2A, 0xE6, 0xB4, 0xE5, 0x02, 0x80, 0x03, 0xD3, 0x40, 0x06, 0x78, 0x2A, 0x76, 0x08, 0x80, 0x2C, 0xB4, 0xC5, 0x02, 0x80, 0x03, 0xD3, 0x40, 0x06, 0x78, 0x2A, 0x76, 0x01,
0x80, 0x1E, 0xB4, 0xC4, 0x02, 0x80, 0x03, 0xD3, 0x40, 0x06, 0x78, 0x2A, 0x76, 0x02, 0x80, 0x10, 0xB4, 0x5E, 0x02, 0x80, 0x03, 0xD3, 0x40, 0x06, 0x78, 0x2A, 0x76, 0x04, 0x80, 0x02, 0x80, 0x00,
0x78, 0x2A, 0xE6, 0x12, 0x06, 0x9E, 0x7F, 0x0E, 0x3C, 0x7F, 0x14, 0x3E, 0x7F, 0x1A, 0xBA, 0x7F, 0x08, 0xD6, 0x7E, 0xFC, 0xE4, 0x7F, 0x02, 0xF6, 0x00, 0x00, 0x7F, 0x20, 0x78, 0x2A, 0x76, 0xE1,
0x80, 0x20, 0x78, 0x2A, 0x76, 0xEF, 0x80, 0x1A, 0x78, 0x2A, 0x76, 0xEF, 0x80, 0x14, 0x78, 0x2A, 0x76, 0x7F, 0x80, 0x0E, 0x78, 0x2A, 0x76, 0x7E, 0x80, 0x08, 0x78, 0x2A, 0x76, 0xDF, 0x80, 0x02,
0x80, 0x00, 0x78, 0x76, 0xE6, 0x30, 0xE1, 0x02, 0x80, 0xF8, 0x78, 0x28, 0xE6, 0x78, 0x6B, 0xF6, 0x78, 0x29, 0xE6, 0x78, 0x6C, 0xF6, 0x78, 0x2A, 0xE6, 0x78, 0x6D, 0xF6, 0x78, 0x26, 0xE6, 0x78,
0x6E, 0xF6, 0x78, 0x27, 0xE6, 0x78, 0x6F, 0xF6, 0x78, 0x73, 0x76, 0x00, 0x78, 0x72, 0x76, 0x05, 0x12, 0x69, 0xF1, 0x78, 0x76, 0xE6, 0x30, 0xE1, 0x02, 0x80, 0xF8, 0x7F, 0x00, 0xEF, 0x04, 0x60,
0x03, 0x0F, 0x80, 0xF9, 0x78, 0x25, 0xEF, 0xF6, 0x22, 0x78, 0x28, 0x76, 0x00, 0x78, 0x29, 0xED, 0xF6, 0x08, 0xEC, 0xF6, 0x78, 0x2E, 0xE6, 0x14, 0x70, 0x06, 0x78, 0x25, 0x76, 0x06, 0x80, 0x04,
0x78, 0x25, 0x76, 0x05, 0x78, 0x29, 0xE6, 0x33, 0x50, 0x0E, 0x78, 0x2A, 0xC3, 0xE4, 0x96, 0xF6, 0xE4, 0x18, 0x96, 0xF6, 0x78, 0x28, 0x76, 0x01, 0x78, 0x27, 0x76, 0x00, 0x78, 0x27, 0xE6, 0xC3,
0x78, 0x25, 0x96, 0x50, 0x17, 0x78, 0x2B, 0x12, 0x0B, 0x5A, 0x78, 0x27, 0xE6, 0xF5, 0x82, 0x75, 0x83, 0x00, 0x74, 0x20, 0x12, 0x0A, 0x7E, 0x78, 0x27, 0x06, 0x80, 0xE0, 0x78, 0x2B, 0x12, 0x0B,
0x5A, 0x78, 0x25, 0xE6, 0xF5, 0x82, 0x75, 0x83, 0x00, 0xA3, 0xE4, 0x12, 0x0A, 0x7E, 0x78, 0x29, 0xE6, 0xFB, 0x08, 0xE6, 0xFA, 0xE4, 0xF9, 0x78, 0x0A, 0x12, 0x01, 0x95, 0xE8, 0x44, 0x30, 0xFC,
0x78, 0x25, 0xE6, 0xFA, 0x24, 0xFF, 0xCA, 0xF5, 0x82, 0x75, 0x83, 0x00, 0xEC, 0x12, 0x0A, 0x7E, 0x78, 0x26, 0xF6, 0x78, 0x27, 0xEA, 0xF6, 0x78, 0x2E, 0xE6, 0x14, 0x70, 0x13, 0x78, 0x2B, 0x12,
0x0B, 0x5A, 0x78, 0x27, 0xE6, 0x16, 0xF5, 0x82, 0x75, 0x83, 0x00, 0x74, 0x2C, 0x12, 0x0A, 0x7E, 0xD3, 0x78, 0x2A, 0xE6, 0x94, 0x09, 0x18, 0xE6, 0x64, 0x80, 0x94, 0x80, 0x50, 0x06, 0x78, 0x2E,
0xE6, 0x14, 0x70, 0x2E, 0x78, 0x29, 0xE6, 0xFD, 0x08, 0xE6, 0xFC, 0xE4, 0xFB, 0x7A, 0x64, 0x12, 0x01, 0x8A, 0xE4, 0xFB, 0x7A, 0x0A, 0x12, 0x01, 0x60, 0xE8, 0x44, 0x30, 0xFC, 0x78, 0x2B, 0x12,
0x0B, 0x5A, 0x78, 0x27, 0xE6, 0x16, 0xF5, 0x82, 0x75, 0x83, 0x00, 0xEC, 0x12, 0x0A, 0x7E, 0x78, 0x26, 0xF6, 0xD3, 0x78, 0x2A, 0xE6, 0x94, 0x63, 0x18, 0xE6, 0x64, 0x80, 0x94, 0x80, 0x40, 0x2E,
0x78, 0x29, 0xE6, 0xFD, 0x08, 0xE6, 0xFC, 0x7B, 0x03, 0x7A, 0xE8, 0x12, 0x01, 0x8A, 0xE4, 0xFB, 0x7A, 0x64, 0x12, 0x01, 0x60, 0xE8, 0x44, 0x30, 0xFC, 0x78, 0x2B, 0x12, 0x0B, 0x5A, 0x78, 0x27,
0xE6, 0x16, 0xF5, 0x82, 0x75, 0x83, 0x00, 0xEC, 0x12, 0x0A, 0x7E, 0x78, 0x26, 0xF6, 0xD3, 0x78, 0x2A, 0xE6, 0x94, 0xE7, 0x18, 0xE6, 0x64, 0x80, 0x94, 0x83, 0x40, 0x2E, 0x78, 0x29, 0xE6, 0xFD,
0x08, 0xE6, 0xFC, 0x7A, 0x10, 0x7B, 0x27, 0x12, 0x01, 0x8A, 0x7B, 0x03, 0x7A, 0xE8, 0x12, 0x01, 0x60, 0xE8, 0x44, 0x30, 0xFC, 0x78, 0x2B, 0x12, 0x0B, 0x5A, 0x78, 0x27, 0xE6, 0x16, 0xF5, 0x82,
0x75, 0x83, 0x00, 0xEC, 0x12, 0x0A, 0x7E, 0x78, 0x26, 0xF6, 0xD3, 0x78, 0x2A, 0xE6, 0x94, 0x0F, 0x18, 0xE6, 0x64, 0x80, 0x94, 0xA7, 0x40, 0x27, 0x78, 0x29, 0xE6, 0xFD, 0x08, 0xE6, 0xFC, 0x7A,
0x10, 0x7B, 0x27, 0x12, 0x01, 0x4F, 0xE8, 0x44, 0x30, 0xFC, 0x78, 0x2B, 0x12, 0x0B, 0x5A, 0x78, 0x27, 0xE6, 0x16, 0xF5, 0x82, 0x75, 0x83, 0x00, 0xEC, 0x12, 0x0A, 0x7E, 0x78, 0x26, 0xF6, 0x78,
0x28, 0xE6, 0x60, 0x12, 0x78, 0x2B, 0x12, 0x0B, 0x5A, 0x78, 0x27, 0xE6, 0xF5, 0x82, 0x75, 0x83, 0x00, 0x74, 0x2D, 0x12, 0x0A, 0x7E, 0x22, 0x78, 0x2A, 0xEE, 0xF6, 0x78, 0x29, 0xED, 0xF6, 0x78,
0x28, 0xEC, 0xF6, 0x02, 0x83, 0x40, 0x78, 0x29, 0xED, 0xF6, 0x78, 0x28, 0xEC, 0xF6, 0x24, 0xFB, 0x40, 0x35, 0xED, 0x24, 0xEB, 0x40, 0x30, 0x78, 0x2A, 0x12, 0x0B, 0x5A, 0x12, 0x08, 0x7D, 0x60,
0x19, 0x78, 0x2A, 0x12, 0x0B, 0x09, 0x12, 0x08, 0x7D, 0xFE, 0x78, 0x29, 0xE6, 0xC6, 0x04, 0xC6, 0xFD, 0x78, 0x28, 0xE6, 0xFC, 0x12, 0x83, 0x40, 0x80, 0xDD, 0x78, 0x29, 0xE6, 0xFD, 0x78, 0x28,
0xE6, 0xFC, 0x7E, 0x00, 0x12, 0x83, 0x40, 0x22, 0x74, 0x20, 0x90, 0x0A, 0xD7, 0xF0, 0x78, 0x2E, 0xED, 0xF6, 0x78, 0x2D, 0xEC, 0xF6, 0x78, 0x2F, 0x12, 0x0B, 0x63, 0x90, 0x00, 0x0C, 0x12, 0x08,
0xB5, 0xFC, 0x7D, 0xD8, 0x7E, 0x0A, 0x7F, 0x01, 0x12, 0x6D, 0x0E, 0x78, 0x2F, 0x12, 0x0B, 0x5A, 0x90, 0x00, 0x08, 0x12, 0x08, 0xD5, 0xFC, 0x7D, 0xDA, 0x7E, 0x0A, 0x7F, 0x01, 0x12, 0x6D, 0x0E,
0x78, 0x2F, 0x12, 0x0B, 0x5A, 0x90, 0x00, 0x06, 0x12, 0x08, 0xD5, 0xFC, 0x7D, 0xDC, 0x7E, 0x0A, 0x7F, 0x01, 0x12, 0x6D, 0x0E, 0x74, 0x20, 0x90, 0x0A, 0xDE, 0xF0, 0x78, 0x2F, 0x12, 0x0B, 0x5A,
0x90, 0x00, 0x04, 0x12, 0x08, 0xD5, 0xFC, 0x7D, 0xDF, 0x7E, 0x0A, 0x7F, 0x01, 0x12, 0x6D, 0x0E, 0x74, 0x3A, 0x90, 0x0A, 0xE1, 0xF0, 0x78, 0x2F, 0x12, 0x0B, 0x5A, 0x90, 0x00, 0x02, 0x12, 0x08,
0xD5, 0xFC, 0x7D, 0xE2, 0x7E, 0x0A, 0x7F, 0x01, 0x12, 0x6D, 0x0E, 0x74, 0x3A, 0x90, 0x0A, 0xE4, 0xF0, 0x78, 0x2F, 0x12, 0x0B, 0x5A, 0x90, 0x00, 0x01, 0x12, 0x08, 0x83, 0xFC, 0x7D, 0xE5, 0x7E,
0x0A, 0x7F, 0x01, 0x12, 0x6D, 0x0E, 0x74, 0x20, 0x90, 0x0A, 0xE7, 0xF0, 0x78, 0x2F, 0x12, 0x0B, 0x5A, 0x90, 0x00, 0x0A, 0x12, 0x08, 0xD5, 0x14, 0x75, 0xF0, 0x03, 0xA4, 0x24, 0x56, 0xF5, 0x82,
0xE4, 0x34, 0x09, 0xF5, 0x83, 0xE0, 0x90, 0x0A, 0xE8, 0xF0, 0x90, 0x00, 0x0A, 0x12, 0x08, 0xD5, 0x14, 0x75, 0xF0, 0x03, 0xA4, 0x24, 0x57, 0xF5, 0x82, 0xE4, 0x34, 0x09, 0xF5, 0x83, 0xE0, 0x90,
0x0A, 0xE9, 0xF0, 0x74, 0x20, 0x90, 0x0A, 0xEA, 0xF0, 0xE4, 0x90, 0x0A, 0xEB, 0xF0, 0x78, 0x2D, 0xE6, 0x24, 0xFB, 0x40, 0x1C, 0x78, 0x2E, 0xE6, 0x24, 0xEB, 0x40, 0x15, 0x78, 0x2A, 0x76, 0x01,
0x08, 0x76, 0x0A, 0x08, 0x76, 0xD7, 0x78, 0x2E, 0xE6, 0xFD, 0x78, 0x2D, 0xE6, 0xFC, 0x12, 0x81, 0x26, 0x22, 0x1D, 0x78, 0x38, 0xED, 0xF6, 0x78, 0x39, 0xEF, 0xF6, 0x08, 0xEE, 0xF6, 0x78, 0x37,
0xEC, 0xF6, 0x78, 0x2E, 0x76, 0x00, 0xE4, 0x78, 0x2B, 0xF6, 0x08, 0xF6, 0x08, 0x76, 0x30, 0xEE, 0xFC, 0xEF, 0xFD, 0x12, 0x7F, 0x69, 0x78, 0x2F, 0x76, 0x00, 0x78, 0x2F, 0xE6, 0x24, 0x30, 0xF8,
0xE6, 0x60, 0x35, 0x78, 0x2F, 0xE6, 0x24, 0x30, 0xF8, 0xE6, 0xB4, 0x20, 0x0B, 0x78, 0x2F, 0xE6, 0x24, 0x31, 0xF8, 0xE6, 0x64, 0x20, 0x60, 0x18, 0x78, 0x2F, 0xE6, 0x24, 0x30, 0xF8, 0xE6, 0xFE,
0x78, 0x38, 0xE6, 0xC6, 0x04, 0xC6, 0xFD, 0x78, 0x37, 0xE6, 0xFC, 0x12, 0x83, 0x40, 0x80, 0x03, 0x78, 0x38, 0x06, 0x78, 0x2F, 0x06, 0x80, 0xC2, 0x22, 0x1D, 0x78, 0x42, 0xED, 0xF6, 0x78, 0x43,
0xEF, 0xF6, 0x08, 0xEE, 0xF6, 0x78, 0x41, 0xEC, 0xF6, 0x78, 0x2E, 0x76, 0x01, 0xE4, 0x78, 0x2B, 0xF6, 0x08, 0xF6, 0x08, 0x76, 0x39, 0xEE, 0xFC, 0xEF, 0xFD, 0x12, 0x7F, 0x69, 0x78, 0x38, 0x76,
0x00, 0x78, 0x38, 0xE6, 0x24, 0x39, 0xF8, 0xE6, 0x60, 0x35, 0x78, 0x38, 0xE6, 0x24, 0x39, 0xF8, 0xE6, 0xB4, 0x20, 0x0B, 0x78, 0x38, 0xE6, 0x24, 0x3A, 0xF8, 0xE6, 0x64, 0x20, 0x60, 0x18, 0x78,
0x38, 0xE6, 0x24, 0x39, 0xF8, 0xE6, 0xFE, 0x78, 0x42, 0xE6, 0xC6, 0x04, 0xC6, 0xFD, 0x78, 0x41, 0xE6, 0xFC, 0x12, 0x83, 0x40, 0x80, 0x03, 0x78, 0x42, 0x06, 0x78, 0x38, 0x06, 0x80, 0xC2, 0x22,
0x78, 0x27, 0xEE, 0xF6, 0x78, 0x26, 0xED, 0xF6, 0x78, 0x25, 0xEC, 0xF6, 0xEE, 0x70, 0x03, 0x02, 0x83, 0xDE, 0x78, 0x25, 0xE6, 0xB4, 0x01, 0x02, 0x80, 0x03, 0xD3, 0x40, 0x1B, 0x78, 0x27, 0xE6,
0xFC, 0x78, 0x26, 0xE6, 0x14, 0x24, 0x6E, 0xF5, 0x82, 0xE4, 0x34, 0x0A, 0xF5, 0x83, 0xEC, 0xF0, 0x78, 0x76, 0xE6, 0x44, 0x10, 0xF6, 0x80, 0x66, 0xB4, 0x02, 0x02, 0x80, 0x03, 0xD3, 0x40, 0x1A,
0x78, 0x27, 0xE6, 0xFC, 0x78, 0x26, 0xE6, 0x24, 0x82, 0xF5, 0x82, 0xE4, 0x34, 0x0A, 0xF5, 0x83, 0xEC, 0xF0, 0x78, 0x76, 0xE6, 0x44, 0x20, 0xF6, 0x80, 0x44, 0xB4, 0x03, 0x02, 0x80, 0x03, 0xD3,
0x40, 0x1A, 0x78, 0x27, 0xE6, 0xFC, 0x78, 0x26, 0xE6, 0x24, 0x97, 0xF5, 0x82, 0xE4, 0x34, 0x0A, 0xF5, 0x83, 0xEC, 0xF0, 0x78, 0x76, 0xE6, 0x44, 0x40, 0xF6, 0x80, 0x22, 0xB4, 0x04, 0x02, 0x80,
0x03, 0xD3, 0x40, 0x1A, 0x78, 0x27, 0xE6, 0xFC, 0x78, 0x26, 0xE6, 0x24, 0xAC, 0xF5, 0x82, 0xE4, 0x34, 0x0A, 0xF5, 0x83, 0xEC, 0xF0, 0x78, 0x76, 0xE6, 0x44, 0x80, 0xF6, 0x80, 0x00, 0x22, 0x78,
0x76, 0xE6, 0x30, 0xE4, 0x2E, 0x78, 0x76, 0xE6, 0x54, 0xEF, 0xF6, 0x78, 0x2B, 0x76, 0x01, 0x78, 0x2B, 0xE6, 0x24, 0xEB, 0x40, 0x1D, 0x78, 0x2B, 0xE6, 0x14, 0x24, 0x6E, 0xF5, 0x82, 0xE4, 0x34,
0x0A, 0xF5, 0x83, 0xE0, 0xFE, 0x78, 0x2B, 0xE6, 0xFD, 0x7C, 0x01, 0x12, 0x7D, 0xE4, 0x78, 0x2B, 0x06, 0x80, 0xDC, 0x78, 0x76, 0xE6, 0x30, 0xE5, 0x2D, 0x78, 0x76, 0xE6, 0x54, 0xDF, 0xF6, 0x78,
0x2B, 0x76, 0x01, 0x78, 0x2B, 0xE6, 0x24, 0xEB, 0x40, 0x1C, 0x78, 0x2B, 0xE6, 0x24, 0x82, 0xF5, 0x82, 0xE4, 0x34, 0x0A, 0xF5, 0x83, 0xE0, 0xFE, 0x78, 0x2B, 0xE6, 0xFD, 0x7C, 0x02, 0x12, 0x7D,
0xE4, 0x78, 0x2B, 0x06, 0x80, 0xDD, 0x78, 0x76, 0xE6, 0x30, 0xE6, 0x2D, 0x78, 0x76, 0xE6, 0x54, 0xBF, 0xF6, 0x78, 0x2B, 0x76, 0x01, 0x78, 0x2B, 0xE6, 0x24, 0xEB, 0x40, 0x1C, 0x78, 0x2B, 0xE6,
0x24, 0x97, 0xF5, 0x82, 0xE4, 0x34, 0x0A, 0xF5, 0x83, 0xE0, 0xFE, 0x78, 0x2B, 0xE6, 0xFD, 0x7C, 0x03, 0x12, 0x7D, 0xE4, 0x78, 0x2B, 0x06, 0x80, 0xDD, 0x78, 0x76, 0xE6, 0x30, 0xE7, 0x2D, 0x78,
0x76, 0xE6, 0x54, 0x7F, 0xF6, 0x78, 0x2B, 0x76, 0x01, 0x78, 0x2B, 0xE6, 0x24, 0xEB, 0x40, 0x1C, 0x78, 0x2B, 0xE6, 0x24, 0xAC, 0xF5, 0x82, 0xE4, 0x34, 0x0A, 0xF5, 0x83, 0xE0, 0xFE, 0x78, 0x2B,
0xE6, 0xFD, 0x7C, 0x04, 0x12, 0x7D, 0xE4, 0x78, 0x2B, 0x06, 0x80, 0xDD, 0x22, 0x78, 0x70, 0xE6, 0x70, 0x08, 0x78, 0x71, 0xE6, 0x70, 0x03, 0x02, 0x85, 0xD0, 0x90, 0x1B, 0x58, 0x74, 0x07, 0xF0,
0xA3, 0x04, 0xF0, 0x90, 0x0A, 0x1C, 0xE4, 0xF0, 0xA3, 0x04, 0xF0, 0x78, 0x70, 0xE6, 0x30, 0xE0, 0x31, 0x78, 0x71, 0xE6, 0x30, 0xE7, 0x17, 0x78, 0x71, 0xE6, 0x54, 0x03, 0x7D, 0x00, 0xFC, 0x90,
0x0A, 0x2F, 0xC3, 0xE0, 0x9C, 0xF0, 0x90, 0x0A, 0x2E, 0xE0, 0x9D, 0xF0, 0x80, 0x14, 0x78, 0x71, 0xE6, 0x54, 0x03, 0x7D, 0x00, 0xFC, 0x90, 0x0A, 0x2F, 0xE0, 0x2C, 0xF0, 0x90, 0x0A, 0x2E, 0xE0,
0x3D, 0xF0, 0x78, 0x71, 0xC6, 0x54, 0x7C, 0xF6, 0x78, 0x71, 0xE6, 0x60, 0x53, 0x78, 0x97, 0xE6, 0xB4, 0x05, 0x15, 0x78, 0x71, 0xE6, 0x30, 0xE4, 0x0F, 0x90, 0x0A, 0x16, 0xE4, 0xF0, 0xA3, 0x74,
0x02, 0xF0, 0x74, 0x01, 0x90, 0x1B, 0xF5, 0xF0, 0x78, 0x97, 0xE6, 0xB4, 0x0A, 0x15, 0x78, 0x71, 0xE6, 0x30, 0xE2, 0x0F, 0x90, 0x0A, 0x16, 0xE4, 0xF0, 0xA3, 0x74, 0x04, 0xF0, 0x74, 0x01, 0x90,
0x1B, 0xF5, 0xF0, 0x78, 0x97, 0xE6, 0xB4, 0x05, 0x15, 0x78, 0x71, 0xE6, 0x30, 0xE3, 0x0F, 0x90, 0x0A, 0x16, 0xE4, 0xF0, 0xA3, 0x74, 0x08, 0xF0, 0x74, 0x01, 0x90, 0x1B, 0xF5, 0xF0, 0x80, 0x6E,
0x78, 0x70, 0xE6, 0x30, 0xE5, 0x0E, 0x78, 0x71, 0xE6, 0x20, 0xE5, 0x08, 0x90, 0x09, 0xB6, 0xE4, 0xF0, 0xA3, 0x04, 0xF0, 0x78, 0x70, 0xE6, 0x30, 0xE2, 0x18, 0x78, 0x71, 0xE6, 0x20, 0xE2, 0x12,
0x90, 0x1B, 0xF5, 0xE0, 0x70, 0x07, 0x90, 0x09, 0xBD, 0xE0, 0x44, 0x01, 0xF0, 0xE4, 0x90, 0x1B, 0xF5, 0xF0, 0x78, 0x70, 0xE6, 0x30, 0xE3, 0x18, 0x78, 0x71, 0xE6, 0x20, 0xE3, 0x12, 0x90, 0x1B,
0xF5, 0xE0, 0x70, 0x07, 0x90, 0x09, 0xBB, 0xE0, 0x44, 0x01, 0xF0, 0xE4, 0x90, 0x1B, 0xF5, 0xF0, 0x78, 0x70, 0xE6, 0x30, 0xE4, 0x18, 0x78, 0x71, 0xE6, 0x20, 0xE4, 0x12, 0x90, 0x1B, 0xF5, 0xE0,
0x70, 0x07, 0x90, 0x09, 0xB9, 0xE0, 0x44, 0x01, 0xF0, 0xE4, 0x90, 0x1B, 0xF5, 0xF0, 0x80, 0x04, 0x78, 0x97, 0x76, 0x00, 0x78, 0x76, 0xE6, 0x54, 0xFB, 0xF6, 0x22, 0x78, 0x2A, 0x90, 0xFF, 0xC6,
0x79, 0x06, 0x12, 0x0A, 0xF4, 0xEF, 0xFB, 0xEE, 0xFA, 0x78, 0x34, 0xC3, 0xE6, 0x9A, 0xF6, 0x18, 0xE6, 0x9B, 0xF6, 0x78, 0x31, 0xEF, 0xF6, 0x08, 0xEE, 0xF6, 0x78, 0x36, 0xC3, 0xE6, 0x9E, 0xF6,
0x18, 0xE6, 0x9F, 0xF6, 0x78, 0x35, 0xE6, 0xFF, 0x08, 0xE6, 0xFE, 0x78, 0x30, 0xEC, 0xF6, 0xEE, 0xFC, 0xEF, 0xFD, 0x33, 0x95, 0xE0, 0xFE, 0xFF, 0xE4, 0xF9, 0xFA, 0xFB, 0x78, 0x64, 0x12, 0x02,
0x92, 0x78, 0x33, 0xE6, 0xFB, 0x08, 0xE6, 0xF8, 0xEB, 0xF9, 0x33, 0x95, 0xE0, 0xFB, 0xFA, 0x12, 0x03, 0x1F, 0x78, 0x29, 0xEC, 0xF6, 0x78, 0x28, 0x76, 0x00, 0x78, 0x28, 0xE6, 0x24, 0xEC, 0x40,
0x5B, 0x78, 0x29, 0xE6, 0x64, 0x80, 0x24, 0x7B, 0x50, 0x12, 0x78, 0x2F, 0xE6, 0xFE, 0x78, 0x28, 0xE6, 0x04, 0xFD, 0x78, 0x30, 0xE6, 0xFC, 0x12, 0x83, 0x40, 0x80, 0x35, 0x78, 0x29, 0xE6, 0x33,
0x40, 0x1F, 0x78, 0x29, 0xE6, 0x64, 0x80, 0x24, 0x7B, 0x40, 0x16, 0x78, 0x29, 0xE6, 0x24, 0x2A, 0xF8, 0xE6, 0xFE, 0x78, 0x28, 0xE6, 0x04, 0xFD, 0x78, 0x30, 0xE6, 0xFC, 0x12, 0x83, 0x40, 0x80,
0x10, 0x78, 0x2A, 0xE6, 0xFE, 0x78, 0x28, 0xE6, 0x04, 0xFD, 0x78, 0x30, 0xE6, 0xFC, 0x12, 0x83, 0x40, 0x78, 0x29, 0xC6, 0x24, 0xFB, 0xF6, 0x78, 0x28, 0x06, 0x80, 0x9E, 0x22, 0x78, 0x2A, 0x90,
0xFF, 0xCC, 0x79, 0x0A, 0x12, 0x0A, 0xF4, 0xEF, 0xFB, 0xEE, 0xFA, 0x78, 0x38, 0xC3, 0xE6, 0x9A, 0xF6, 0x18, 0xE6, 0x9B, 0xF6, 0x78, 0x35, 0xEF, 0xF6, 0x08, 0xEE, 0xF6, 0x78, 0x3A, 0xC3, 0xE6,
0x9E, 0xF6, 0x18, 0xE6, 0x9F, 0xF6, 0x78, 0x39, 0xE6, 0xFF, 0x08, 0xE6, 0xFE, 0x78, 0x34, 0xEC, 0xF6, 0xEE, 0xFC, 0xEF, 0xFD, 0x33, 0x95, 0xE0, 0xFE, 0xFF, 0xE4, 0xF9, 0xFA, 0xFB, 0x78, 0x64,
0x12, 0x02, 0x92, 0x78, 0x37, 0xE6, 0xFB, 0x08, 0xE6, 0xF8, 0xEB, 0xF9, 0x33, 0x95, 0xE0, 0xFB, 0xFA, 0x12, 0x03, 0x1F, 0x0C, 0x0C, 0x78, 0x29, 0xEC, 0xF6, 0x78, 0x28, 0x76, 0x00, 0x78, 0x28,
0xE6, 0x24, 0xEC, 0x40, 0x68, 0x78, 0x29, 0xE6, 0x64, 0x80, 0x24, 0x7B, 0x50, 0x1F, 0x78, 0x29, 0xE6, 0x64, 0x80, 0x24, 0x76, 0x40, 0x16, 0x78, 0x29, 0xE6, 0x24, 0x2A, 0xF8, 0xE6, 0xFE, 0x78,
0x28, 0xE6, 0x04, 0xFD, 0x78, 0x34, 0xE6, 0xFC, 0x12, 0x83, 0x40, 0x80, 0x35, 0x78, 0x29, 0xE6, 0x33, 0x40, 0x1F, 0x78, 0x29, 0xE6, 0x64, 0x80, 0x24, 0x7B, 0x40, 0x16, 0x78, 0x29, 0xE6, 0x24,
0x2A, 0xF8, 0xE6, 0xFE, 0x78, 0x28, 0xE6, 0x04, 0xFD, 0x78, 0x34, 0xE6, 0xFC, 0x12, 0x83, 0x40, 0x80, 0x10, 0x78, 0x2A, 0xE6, 0xFE, 0x78, 0x28, 0xE6, 0x04, 0xFD, 0x78, 0x34, 0xE6, 0xFC, 0x12,
0x83, 0x40, 0x78, 0x29, 0xC6, 0x24, 0xFB, 0xF6, 0x78, 0x28, 0x06, 0x80, 0x91, 0x22, 0x12, 0x6D, 0x99, 0x12, 0x6D, 0xA0, 0xC2, 0xC5, 0xD2, 0xC7, 0xD2, 0xC7, 0xC2, 0xC7, 0xC2, 0xC7, 0xE4, 0xA2,
0x95, 0x92, 0xE0, 0x7D, 0x00, 0x90, 0x0A, 0x26, 0xCD, 0xF0, 0xA3, 0xCD, 0xF0, 0xD2, 0xC7, 0xD2, 0xC7, 0xC2, 0xC7, 0xC2, 0xC7, 0xE4, 0xA2, 0x95, 0x92, 0xE0, 0x7D, 0x00, 0x90, 0x0A, 0x24, 0xCD,
0xF0, 0xA3, 0xCD, 0xF0, 0xD2, 0xC7, 0xD2, 0xC7, 0xC2, 0xC7, 0xC2, 0xC7, 0xE4, 0xA2, 0x95, 0x92, 0xE0, 0x7D, 0x00, 0x90, 0x0A, 0x22, 0xCD, 0xF0, 0xA3, 0xCD, 0xF0, 0xD2, 0xC5, 0x22, 0xC2, 0xAF,
0x12, 0x87, 0x6E, 0x78, 0x25, 0x76, 0x00, 0x78, 0x25, 0xE6, 0x24, 0x06, 0x40, 0x12, 0x90, 0x0A, 0x22, 0xE0, 0xFD, 0xA3, 0xE0, 0x4D, 0x70, 0x08, 0x12, 0x87, 0x6E, 0x78, 0x25, 0x06, 0x80, 0xE7,
0x78, 0x25, 0xE6, 0x24, 0x06, 0x50, 0x08, 0x90, 0x09, 0xE2, 0xE4, 0xF0, 0xA3, 0x04, 0xF0, 0x78, 0x25, 0x76, 0x00, 0x78, 0x25, 0xE6, 0x24, 0x06, 0x40, 0x15, 0x90, 0x0A, 0x23, 0xE0, 0x14, 0x70,
0x04, 0x90, 0x0A, 0x22, 0xE0, 0x70, 0x08, 0x12, 0x87, 0x6E, 0x78, 0x25, 0x06, 0x80, 0xE4, 0x78, 0x25, 0xE6, 0x24, 0x06, 0x50, 0x08, 0x90, 0x09, 0xE2, 0xE4, 0xF0, 0xA3, 0x04, 0xF0, 0x78, 0x25,
0x76, 0x00, 0x78, 0x25, 0xE6, 0x24, 0x06, 0x40, 0x12, 0x90, 0x0A, 0x22, 0xE0, 0xFD, 0xA3, 0xE0, 0x4D, 0x70, 0x08, 0x12, 0x87, 0x6E, 0x78, 0x25, 0x06, 0x80, 0xE7, 0x78, 0x25, 0xE6, 0x24, 0x06,
0x50, 0x08, 0x90, 0x09, 0xE2, 0xE4, 0xF0, 0xA3, 0x04, 0xF0, 0x90, 0x0A, 0x26, 0xE0, 0xFD, 0xA3, 0xE0, 0x4D, 0x60, 0x0D, 0x90, 0x0A, 0x25, 0xE0, 0x14, 0x70, 0x04, 0x90, 0x0A, 0x24, 0xE0, 0x70,
0x08, 0x90, 0x09, 0xE2, 0xE4, 0xF0, 0xA3, 0x04, 0xF0, 0x78, 0x25, 0x76, 0x00, 0x78, 0x25, 0xE6, 0x24, 0x06, 0x40, 0x12, 0x90, 0x0A, 0x24, 0xE0, 0xFD, 0xA3, 0xE0, 0x4D, 0x70, 0x08, 0x12, 0x87,
0x6E, 0x78, 0x25, 0x06, 0x80, 0xE7, 0x78, 0x25, 0xE6, 0xB4, 0xFA, 0x08, 0x90, 0x09, 0xE2, 0xE4, 0xF0, 0xA3, 0x04, 0xF0, 0x90, 0x0A, 0x27, 0xE0, 0x14, 0x70, 0x06, 0x90, 0x0A, 0x26, 0xE0, 0x60,
0x0A, 0x90, 0x0A, 0x22, 0xE0, 0xFD, 0xA3, 0xE0, 0x4D, 0x70, 0x08, 0x90, 0x09, 0xE2, 0xE4, 0xF0, 0xA3, 0x04, 0xF0, 0xD2, 0xAF, 0x22, 0x78, 0x28, 0x76, 0x00, 0x78, 0x26, 0x76, 0x00, 0x78, 0x29,
0x12, 0x0B, 0x3C, 0x78, 0x26, 0xE6, 0x24, 0xEC, 0x40, 0x48, 0x78, 0x29, 0x12, 0x0B, 0x5A, 0x78, 0x26, 0xE6, 0xF5, 0x82, 0x75, 0x83, 0x00, 0x12, 0x08, 0x83, 0xC4, 0x54, 0x0F, 0x78, 0x27, 0xF6,
0xFC, 0x78, 0x28, 0xFA, 0xE6, 0x6A, 0x79, 0x28, 0xF7, 0x12, 0x6B, 0x2C, 0x78, 0x29, 0x12, 0x0B, 0x5A, 0x78, 0x26, 0xE6, 0xF5, 0x82, 0x75, 0x83, 0x00, 0x12, 0x08, 0x83, 0x54, 0x0F, 0x78, 0x27,
0xF6, 0xFC, 0x78, 0x28, 0xFD, 0xE6, 0x6D, 0x79, 0x28, 0xF7, 0x12, 0x6B, 0x2C, 0x78, 0x26, 0x06, 0x80, 0xB1, 0x78, 0x28, 0xE6, 0xFC, 0x02, 0x6B, 0x2C, 0x78, 0x28, 0xED, 0xF6, 0x08, 0xEC, 0xF6,
0x7C, 0x0E, 0xCD, 0xC3, 0x13, 0xCD, 0x13, 0xDC, 0xF9, 0x54, 0x7F, 0x78, 0x27, 0xF6, 0x78, 0x26, 0xF6, 0xFC, 0x12, 0x6B, 0x2C, 0x78, 0x28, 0xE6, 0xFD, 0x08, 0xE6, 0x7C, 0x07, 0xCD, 0xC3, 0x13,
0xCD, 0x13, 0xDC, 0xF9, 0x54, 0x7F, 0x78, 0x26, 0xF6, 0xFC, 0x78, 0x27, 0xFD, 0xE6, 0x6D, 0x79, 0x27, 0xF7, 0x12, 0x6B, 0x2C, 0x78, 0x29, 0xE6, 0x54, 0x7F, 0x78, 0x26, 0xF6, 0xFC, 0x78, 0x27,
0xFD, 0xE6, 0x6D, 0x79, 0x27, 0xF7, 0x12, 0x6B, 0x2C, 0x78, 0x27, 0xE6, 0xFC, 0x02, 0x6B, 0x2C, 0x78, 0x80, 0xE6, 0x70, 0x03, 0x02, 0x8B, 0x94, 0x78, 0x80, 0x76, 0x00, 0x78, 0x3C, 0x76, 0x00,
0x78, 0x3B, 0x76, 0x00, 0x78, 0x3C, 0xE6, 0xFE, 0x78, 0x3B, 0xE6, 0xFF, 0xEF, 0x24, 0xFA, 0x40, 0x0E, 0xE4, 0xEF, 0x24, 0x81, 0xFC, 0xEE, 0xCC, 0xF8, 0xCC, 0x66, 0xFE, 0x0F, 0x80, 0xED, 0x78,
0x3C, 0xEE, 0xF6, 0x78, 0x3B, 0xEF, 0xF6, 0x78, 0x82, 0xE6, 0x13, 0x13, 0x54, 0x80, 0x78, 0x83, 0xFC, 0xE6, 0x4C, 0x79, 0x83, 0xF7, 0x79, 0x82, 0xC7, 0xC3, 0x13, 0xF7, 0x79, 0x81, 0xE7, 0xC4,
0x23, 0x23, 0x54, 0xC0, 0x79, 0x82, 0xFC, 0xE7, 0x4C, 0x78, 0x82, 0xF6, 0x78, 0x82, 0xE6, 0xFC, 0x78, 0x83, 0xE6, 0xCC, 0xFF, 0xCC, 0x78, 0x3E, 0xF6, 0xEF, 0x18, 0xF6, 0x78, 0x85, 0xE6, 0x13,
0x13, 0x54, 0x80, 0x78, 0x86, 0xFC, 0xE6, 0x4C, 0x79, 0x86, 0xF7, 0x79, 0x85, 0xC7, 0xC3, 0x13, 0xF7, 0x79, 0x84, 0xE7, 0xC4, 0x23, 0x23, 0x54, 0xC0, 0x79, 0x85, 0xFC, 0xE7, 0x4C, 0x78, 0x85,
0xF6, 0x78, 0x85, 0xE6, 0xFC, 0x78, 0x86, 0xE6, 0xCC, 0xFF, 0xCC, 0x78, 0x40, 0xF6, 0xEF, 0x18, 0xF6, 0x78, 0x3C, 0xE6, 0x78, 0x7D, 0x66, 0x60, 0x1C, 0x7C, 0x40, 0x12, 0x6B, 0x2C, 0x7C, 0x00,
0x12, 0x6B, 0x2C, 0x7C, 0x00, 0x12, 0x6B, 0x2C, 0x7C, 0x00, 0x12, 0x6B, 0x2C, 0x7C, 0x00, 0x12, 0x6B, 0x2C, 0x02, 0x8B, 0x90, 0x7C, 0x01, 0x12, 0x6B, 0x2C, 0x78, 0x7C, 0xE6, 0x12, 0x06, 0x9E,
0x8A, 0x68, 0x00, 0x8A, 0x81, 0x01, 0x8A, 0x9E, 0x02, 0x8A, 0xB5, 0x03, 0x8A, 0xE1, 0x04, 0x8A, 0xFA, 0x05, 0x8B, 0x16, 0x06, 0x8B, 0x2E, 0x07, 0x8B, 0x4A, 0x20, 0x8B, 0x5F, 0x40, 0x8B, 0x73,
0x42, 0x8B, 0x87, 0x7F, 0x00, 0x00, 0x8B, 0x90, 0x78, 0x3E, 0xE6, 0x25, 0xE0, 0x24, 0xA6, 0xF5, 0x82, 0xE4, 0x34, 0x09, 0xF5, 0x83, 0xE0, 0xFD, 0xA3, 0xE0, 0xFC, 0x12, 0x89, 0x19, 0x02, 0x8B,
0x90, 0x78, 0x3F, 0xE6, 0xFD, 0x08, 0xE6, 0xFC, 0x78, 0x3E, 0xE6, 0x25, 0xE0, 0x24, 0xA6, 0xF5, 0x82, 0xE4, 0x34, 0x09, 0xF5, 0x83, 0xED, 0xF0, 0xA3, 0xEC, 0xF0, 0x02, 0x8B, 0x90, 0x78, 0x3D,
0xE6, 0xFD, 0x08, 0xE6, 0x90, 0x12, 0xEC, 0x12, 0x0B, 0x98, 0xE0, 0xFD, 0xA3, 0xE0, 0xFC, 0x12, 0x89, 0x19, 0x02, 0x8B, 0x90, 0x78, 0x3F, 0xE6, 0xFD, 0x08, 0xE6, 0xFC, 0x79, 0x3D, 0xE7, 0xFF,
0x09, 0xE7, 0x90, 0x12, 0xEC, 0x12, 0x0B, 0x9D, 0xED, 0xF0, 0xA3, 0xEC, 0xF0, 0x78, 0x3F, 0xE6, 0xFF, 0x08, 0xE6, 0xFE, 0x78, 0x3D, 0xE6, 0xFD, 0x08, 0xE6, 0xFC, 0x12, 0x73, 0xC6, 0x02, 0x8B,
0x90, 0x78, 0x3E, 0xE6, 0x25, 0xE0, 0x24, 0xEC, 0xF5, 0x82, 0xE4, 0x34, 0x1A, 0xF5, 0x83, 0xE0, 0xFD, 0xA3, 0xE0, 0xFC, 0x12, 0x89, 0x19, 0x02, 0x8B, 0x90, 0x78, 0x3F, 0xE6, 0xFD, 0x08, 0xE6,
0xFC, 0x78, 0x3E, 0xE6, 0x25, 0xE0, 0x24, 0xEC, 0xF5, 0x82, 0xE4, 0x34, 0x1A, 0xF5, 0x83, 0xED, 0xF0, 0xA3, 0xEC, 0xF0, 0x80, 0x7A, 0x78, 0x3E, 0xE6, 0x25, 0xE0, 0x24, 0x08, 0xF5, 0x82, 0xE4,
0x34, 0x1B, 0xF5, 0x83, 0xE0, 0xFD, 0xA3, 0xE0, 0xFC, 0x12, 0x89, 0x19, 0x80, 0x62, 0x78, 0x3F, 0xE6, 0xFD, 0x08, 0xE6, 0xFC, 0x78, 0x3E, 0xE6, 0x25, 0xE0, 0x24, 0x08, 0xF5, 0x82, 0xE4, 0x34,
0x1B, 0xF5, 0x83, 0xED, 0xF0, 0xA3, 0xEC, 0xF0, 0x80, 0x46, 0x78, 0x3E, 0xE6, 0x75, 0xF0, 0x15, 0xA4, 0x24, 0x6E, 0xFD, 0xE4, 0x34, 0x0A, 0xFE, 0x7F, 0x01, 0x12, 0x88, 0xB6, 0x80, 0x31, 0x7C,
0x00, 0x7D, 0x41, 0xE4, 0xFE, 0xFF, 0x12, 0x70, 0x7F, 0x7D, 0x41, 0xE4, 0xFE, 0xFF, 0x12, 0x88, 0xB6, 0x80, 0x1D, 0x7C, 0x01, 0x7D, 0x41, 0xE4, 0xFE, 0xFF, 0x12, 0x70, 0x7F, 0x7D, 0x41, 0xE4,
0xFE, 0xFF, 0x12, 0x88, 0xB6, 0x80, 0x09, 0x7D, 0x02, 0x7C, 0x58, 0x12, 0x89, 0x19, 0x80, 0x00, 0x78, 0x7F, 0x76, 0x00, 0x22, 0x12, 0x6D, 0x99, 0x12, 0x6D, 0xA0, 0x12, 0x83, 0xDF, 0x78, 0x96,
0xE6, 0x24, 0xEB, 0x40, 0x03, 0x02, 0x8D, 0x01, 0x78, 0x96, 0xC6, 0x24, 0xEC, 0xF6, 0x78, 0x97, 0x06, 0x90, 0x1B, 0x72, 0xE0, 0x90, 0x1B, 0x72, 0xE0, 0xFF, 0x24, 0xC5, 0x40, 0x04, 0x0F, 0xEF,
0x80, 0x01, 0xE4, 0xFC, 0x90, 0x1B, 0x72, 0xE0, 0xEC, 0x90, 0x1B, 0x72, 0xF0, 0x90, 0x1B, 0x56, 0xE0, 0xFF, 0xA3, 0xE0, 0x4F, 0x60, 0x0E, 0x90, 0x1B, 0x57, 0xE0, 0x24, 0xFF, 0xF0, 0x90, 0x1B,
0x56, 0xE0, 0x34, 0xFF, 0xF0, 0x90, 0x1B, 0x58, 0xE0, 0xFD, 0xA3, 0xE0, 0x4D, 0x60, 0x0E, 0x90, 0x1B, 0x59, 0xE0, 0x24, 0xFF, 0xF0, 0x90, 0x1B, 0x58, 0xE0, 0x34, 0xFF, 0xF0, 0x7F, 0x00, 0xEF,
0x24, 0xF2, 0x40, 0x30, 0xE4, 0xEF, 0x25, 0xE0, 0x24, 0xEC, 0xF5, 0x82, 0xE4, 0x34, 0x1A, 0xF5, 0x83, 0xE0, 0xFD, 0xA3, 0xE0, 0x4D, 0x60, 0x19, 0xE4, 0xEF, 0x25, 0xE0, 0x24, 0xEC, 0xF5, 0x82,
0xE4, 0x34, 0x1A, 0xF5, 0x83, 0xA3, 0xE0, 0x24, 0xFF, 0xF0, 0x12, 0x0B, 0x84, 0xE0, 0x34, 0xFF, 0xF0, 0x0F, 0x80, 0xCB, 0x78, 0x51, 0xEF, 0xF6, 0x90, 0x1B, 0x72, 0xE0, 0x70, 0x64, 0x90, 0x0A,
0x31, 0xE0, 0x14, 0x70, 0x04, 0x90, 0x0A, 0x30, 0xE0, 0x70, 0x15, 0x90, 0x0A, 0x1E, 0xE0, 0xFD, 0xA3, 0xE0, 0x4D, 0x70, 0x0B, 0x90, 0x1B, 0x76, 0xE0, 0x70, 0x05, 0x12, 0x87, 0xBE, 0x80, 0x07,
0x90, 0x09, 0xE2, 0xE4, 0xF0, 0xA3, 0xF0, 0x7F, 0x00, 0xEF, 0x24, 0xFA, 0x40, 0x30, 0xE4, 0xEF, 0x25, 0xE0, 0x24, 0x08, 0xF5, 0x82, 0xE4, 0x34, 0x1B, 0xF5, 0x83, 0xE0, 0xFD, 0xA3, 0xE0, 0x4D,
0x60, 0x19, 0xE4, 0xEF, 0x25, 0xE0, 0x24, 0x08, 0xF5, 0x82, 0xE4, 0x34, 0x1B, 0xF5, 0x83, 0xA3, 0xE0, 0x24, 0xFF, 0xF0, 0x12, 0x0B, 0x84, 0xE0, 0x34, 0xFF, 0xF0, 0x0F, 0x80, 0xCB, 0x78, 0x51,
0xEF, 0xF6, 0x7F, 0x00, 0xEF, 0x24, 0xE0, 0x40, 0x30, 0xE4, 0xEF, 0x25, 0xE0, 0x24, 0x14, 0xF5, 0x82, 0xE4, 0x34, 0x1B, 0xF5, 0x83, 0xE0, 0xFD, 0xA3, 0xE0, 0x4D, 0x60, 0x19, 0xE4, 0xEF, 0x25,
0xE0, 0x24, 0x14, 0xF5, 0x82, 0xE4, 0x34, 0x1B, 0xF5, 0x83, 0xA3, 0xE0, 0x24, 0xFF, 0xF0, 0x12, 0x0B, 0x84, 0xE0, 0x34, 0xFF, 0xF0, 0x0F, 0x80, 0xCB, 0x78, 0x51, 0xEF, 0xF6, 0x12, 0x6B, 0x72,
0x78, 0x76, 0xE6, 0x44, 0x10, 0xF6, 0x90, 0x0A, 0x20, 0xE0, 0xFD, 0xA3, 0xE0, 0x4D, 0x60, 0x09, 0x90, 0x0A, 0x20, 0xE4, 0xF0, 0xA3, 0xF0, 0x80, 0x08, 0x90, 0x0A, 0x20, 0xE4, 0xF0, 0xA3, 0x04,
0xF0, 0x78, 0x76, 0xE6, 0x30, 0xE2, 0x05, 0x12, 0x84, 0xAD, 0x80, 0x03, 0x12, 0x69, 0xFF, 0x90, 0x1B, 0x58, 0xE0, 0xFD, 0xA3, 0xE0, 0x4D, 0x70, 0x0F, 0x90, 0x0A, 0x16, 0xE4, 0xF0, 0xA3, 0x04,
0xF0, 0x90, 0x0A, 0x1C, 0xE4, 0xF0, 0xA3, 0xF0, 0x78, 0x66, 0xE6, 0x70, 0x07, 0x90, 0x09, 0xF0, 0xE4, 0xF0, 0xA3, 0xF0, 0x78, 0x67, 0xE6, 0x70, 0x07, 0x90, 0x09, 0xEE, 0xE4, 0xF0, 0xA3, 0xF0,
0xE4, 0x90, 0x1B, 0x75, 0xF0, 0xE4, 0x90, 0x1B, 0x74, 0xF0, 0xE4, 0x90, 0x1B, 0x73, 0xF0, 0x78, 0x51, 0x76, 0x00, 0x78, 0x51, 0xE6, 0x24, 0x6A, 0x40, 0x51, 0x12, 0x6D, 0x99, 0x12, 0x6D, 0xA0,
0xC2, 0xC5, 0xD2, 0xC7, 0xD2, 0xC7, 0xC2, 0xC7, 0xC2, 0xC7, 0x90, 0x1B, 0x75, 0xE0, 0xA2, 0x95, 0x72, 0xE0, 0x92, 0xE0, 0x90, 0x1B, 0x75, 0xF0, 0xD2, 0xC7, 0xD2, 0xC7, 0xC2, 0xC7, 0xC2, 0xC7,
0x90, 0x1B, 0x74, 0xE0, 0xA2, 0x95, 0x72, 0xE0, 0x92, 0xE0, 0x90, 0x1B, 0x74, 0xF0, 0xD2, 0xC7, 0xD2, 0xC7, 0xC2, 0xC7, 0xC2, 0xC7, 0x90, 0x1B, 0x73, 0xE0, 0xA2, 0x95, 0x72, 0xE0, 0x92, 0xE0,
0x90, 0x1B, 0x73, 0xF0, 0xD2, 0xC5, 0x78, 0x51, 0x06, 0x80, 0xA8, 0x90, 0x1B, 0x73, 0xE0, 0x60, 0x22, 0x90, 0x1B, 0x74, 0xE0, 0x60, 0x1C, 0x90, 0x1B, 0x75, 0xE0, 0x60, 0x16, 0xE4, 0x90, 0x1B,
0x76, 0xF0, 0x90, 0x0A, 0x1E, 0xE4, 0xF0, 0xA3, 0xF0, 0x90, 0x0A, 0x30, 0xE4, 0xF0, 0xA3, 0x04, 0xF0, 0x80, 0x06, 0x90, 0x1B, 0x76, 0xE0, 0x04, 0xF0, 0x90, 0x1B, 0x76, 0xE0, 0x24, 0xCD, 0x50,
0x44, 0x90, 0x0A, 0x30, 0xE0, 0xFD, 0xA3, 0xE0, 0x4D, 0x70, 0x1B, 0x90, 0x1B, 0x73, 0xE0, 0x70, 0x15, 0x90, 0x1B, 0x74, 0xE0, 0x70, 0x0F, 0x90, 0x1B, 0x75, 0xE0, 0x60, 0x09, 0x90, 0x0A, 0x30,
0xE4, 0xF0, 0xA3, 0x74, 0x02, 0xF0, 0x90, 0x0A, 0x31, 0xE0, 0x64, 0x02, 0x70, 0x04, 0x90, 0x0A, 0x30, 0xE0, 0x70, 0x09, 0x90, 0x0A, 0x1E, 0xE4, 0xF0, 0xA3, 0xF0, 0x80, 0x08, 0x90, 0x0A, 0x1E,
0xE4, 0xF0, 0xA3, 0x04, 0xF0, 0x12, 0x79, 0x14, 0x12, 0x7C, 0x95, 0x02, 0x89, 0x70, 0x12, 0x67, 0xA2, 0x12, 0x6D, 0x99, 0x12, 0x6D, 0xA0, 0x02, 0x67, 0x99, 0x90, 0x1A, 0xFE, 0xE0, 0xFD, 0xA3,
0xE0, 0x4D, 0x60, 0x03, 0x02, 0x94, 0x79, 0x78, 0x64, 0x76, 0x00, 0x90, 0x1B, 0xBA, 0xE0, 0x60, 0x50, 0x90, 0x1B, 0xBF, 0xE0, 0x60, 0x4A, 0x90, 0x0A, 0x1A, 0xE4, 0xF0, 0xA3, 0xF0, 0xE4, 0x90,
0x1B, 0xBF, 0xF0, 0x90, 0x1B, 0x78, 0xE0, 0x54, 0xFE, 0xF0, 0x90, 0x1B, 0x78, 0xE0, 0x44, 0x40, 0xF0, 0x90, 0x1B, 0xC1, 0xE0, 0x04, 0x70, 0x0E, 0x90, 0x1B, 0x79, 0x12, 0x0B, 0xC3, 0x90, 0x1D,
0x59, 0x12, 0x0B, 0xB1, 0x80, 0x0C, 0x7D, 0xFC, 0x7E, 0x1E, 0x7F, 0x01, 0x90, 0x1D, 0x59, 0x12, 0x0B, 0xB1, 0x7D, 0x3C, 0x7E, 0x1D, 0x7F, 0x01, 0x90, 0x1B, 0x79, 0x12, 0x0B, 0xB1, 0x12, 0x94,
0x96, 0x90, 0x0A, 0x1C, 0xE0, 0xFD, 0xA3, 0xE0, 0x4D, 0x70, 0x56, 0x90, 0x1B, 0x78, 0xE0, 0x30, 0xE3, 0x4D, 0x90, 0x1B, 0x78, 0xE0, 0x54, 0xF7, 0xF0, 0x90, 0x1B, 0x79, 0x12, 0x0B, 0xC3, 0x12,
0x08, 0x7D, 0x20, 0xE4, 0x0C, 0x7D, 0xFC, 0x7E, 0x1E, 0x7F, 0x01, 0x90, 0x1B, 0x79, 0x12, 0x0B, 0xB1, 0x90, 0x1B, 0x7C, 0xE4, 0xF0, 0xA3, 0x04, 0xF0, 0x90, 0x0A, 0x1A, 0xE4, 0xF0, 0xA3, 0xF0,
0x90, 0x13, 0x5E, 0xE4, 0xF0, 0xA3, 0xF0, 0x90, 0x1B, 0x78, 0xE0, 0x54, 0xEF, 0xF0, 0x90, 0x1B, 0x78, 0xE0, 0x54, 0xFE, 0xF0, 0x90, 0x1B, 0x78, 0xE0, 0x44, 0x04, 0xF0, 0x12, 0x94, 0x96, 0x80,
0x07, 0x90, 0x1B, 0x78, 0xE0, 0x44, 0x08, 0xF0, 0x90, 0x1B, 0x78, 0xE0, 0x30, 0xE0, 0x03, 0x02, 0x94, 0x74, 0x90, 0x09, 0xB9, 0xE0, 0x30, 0xE0, 0x0F, 0x90, 0x09, 0xB8, 0xE4, 0xF0, 0xA3, 0xF0,
0x78, 0x63, 0x76, 0x02, 0x78, 0x64, 0x76, 0x01, 0x90, 0x09, 0xBB, 0xE0, 0x30, 0xE0, 0x0F, 0x90, 0x09, 0xBA, 0xE4, 0xF0, 0xA3, 0xF0, 0x78, 0x63, 0x76, 0x04, 0x78, 0x64, 0x76, 0x01, 0x90, 0x09,
0xBD, 0xE0, 0x30, 0xE0, 0x0F, 0x90, 0x09, 0xBC, 0xE4, 0xF0, 0xA3, 0xF0, 0x78, 0x63, 0x76, 0x03, 0x78, 0x64, 0x76, 0x01, 0x90, 0x0A, 0x2E, 0xE0, 0xFD, 0xA3, 0xE0, 0x4D, 0x60, 0x40, 0x90, 0x0A,
0x2E, 0xE0, 0x33, 0x50, 0x12, 0x90, 0x0A, 0x2F, 0xE0, 0x04, 0xF0, 0x90, 0x0A, 0x2E, 0x70, 0x03, 0xE0, 0x04, 0xF0, 0x78, 0x63, 0x76, 0x00, 0xD3, 0x90, 0x0A, 0x2F, 0xE0, 0x94, 0x00, 0x90, 0x0A,
0x2E, 0xE0, 0x64, 0x80, 0x94, 0x80, 0x40, 0x12, 0x90, 0x0A, 0x2F, 0xE0, 0x24, 0xFF, 0xF0, 0x90, 0x0A, 0x2E, 0xE0, 0x34, 0xFF, 0xF0, 0x78, 0x63, 0x76, 0x01, 0x78, 0x64, 0x76, 0x01, 0x90, 0x1B,
0x77, 0xE0, 0x30, 0xE0, 0x11, 0x90, 0x1B, 0x78, 0xE0, 0x44, 0x04, 0xF0, 0x90, 0x1B, 0x77, 0xE0, 0x54, 0xFE, 0xF0, 0x12, 0x94, 0x96, 0x90, 0x1B, 0x78, 0xE0, 0x30, 0xE1, 0x0A, 0x90, 0x1B, 0x78,
0xE0, 0x54, 0xFD, 0xF0, 0x12, 0x94, 0x96, 0x90, 0x1B, 0x7C, 0xE0, 0xFD, 0xA3, 0xE0, 0xFC, 0x90, 0x0A, 0x17, 0xE0, 0x6C, 0x70, 0x0A, 0x90, 0x0A, 0x16, 0xE0, 0x6D, 0x70, 0x03, 0x02, 0x90, 0xC4,
0x90, 0x0A, 0x17, 0xE0, 0x64, 0x08, 0x70, 0x04, 0x90, 0x0A, 0x16, 0xE0, 0x70, 0x47, 0x7D, 0x9C, 0x7E, 0x2C, 0x7F, 0x01, 0x90, 0x1B, 0x7B, 0xE0, 0x6D, 0x70, 0x0E, 0x90, 0x1B, 0x7A, 0xE0, 0x6E,
0x70, 0x07, 0x90, 0x1B, 0x79, 0xE0, 0x6F, 0x60, 0x2C, 0x90, 0x1B, 0x7C, 0xE0, 0xFD, 0xA3, 0xE0, 0x90, 0x0A, 0x16, 0xCD, 0xF0, 0xA3, 0xCD, 0xF0, 0x12, 0xDD, 0x18, 0x90, 0x1A, 0xFE, 0xE4, 0xF0,
0xA3, 0x74, 0x02, 0xF0, 0x90, 0x1B, 0x78, 0xE0, 0x44, 0x02, 0xF0, 0x90, 0x1B, 0x78, 0xE0, 0x44, 0x04, 0xF0, 0x02, 0x90, 0xC4, 0x90, 0x0A, 0x16, 0xE0, 0xFD, 0xA3, 0xE0, 0xFC, 0x90, 0x1B, 0x7D,
0xE0, 0x6C, 0x70, 0x07, 0x90, 0x1B, 0x7C, 0xE0, 0x6D, 0x60, 0x79, 0x90, 0x0A, 0x16, 0xE0, 0xFD, 0xA3, 0xE0, 0x90, 0x1B, 0x7C, 0xCD, 0xF0, 0xA3, 0xCD, 0xF0, 0x14, 0x4D, 0x70, 0x09, 0x7D, 0x02,
0x7C, 0x59, 0x12, 0xE2, 0x35, 0x80, 0x43, 0x90, 0x1B, 0x7D, 0xE0, 0x64, 0x02, 0x70, 0x04, 0x90, 0x1B, 0x7C, 0xE0, 0x70, 0x09, 0x7D, 0x02, 0x7C, 0x5A, 0x12, 0xE2, 0x35, 0x80, 0x2C, 0x90, 0x1B,
0x7D, 0xE0, 0x64, 0x04, 0x70, 0x04, 0x90, 0x1B, 0x7C, 0xE0, 0x70, 0x09, 0x7D, 0x02, 0x7C, 0x5B, 0x12, 0xE2, 0x35, 0x80, 0x15, 0x90, 0x1B, 0x7D, 0xE0, 0x64, 0x08, 0x70, 0x04, 0x90, 0x1B, 0x7C,
0xE0, 0x70, 0x07, 0x7D, 0x02, 0x7C, 0x5C, 0x12, 0xE2, 0x35, 0x90, 0x1B, 0x78, 0xE0, 0x44, 0x02, 0xF0, 0x90, 0x1B, 0x78, 0xE0, 0x44, 0x04, 0xF0, 0x7D, 0xFC, 0x7E, 0x1E, 0x7F, 0x01, 0x90, 0x1B,
0x79, 0x12, 0x0B, 0xB1, 0x78, 0x64, 0xE6, 0x70, 0x03, 0x02, 0x94, 0x72, 0x90, 0x1B, 0x78, 0xE0, 0x44, 0x04, 0xF0, 0x90, 0x1B, 0x79, 0x12, 0x0B, 0xC3, 0x78, 0x60, 0x12, 0x0B, 0x3C, 0x90, 0x1B,
0x77, 0xE0, 0x30, 0xE1, 0x35, 0x90, 0x1B, 0x77, 0xE0, 0x54, 0xFD, 0xF0, 0x90, 0x1B, 0x79, 0x12, 0x0B, 0xC3, 0x90, 0x00, 0x08, 0x12, 0x08, 0x83, 0xFF, 0x90, 0x1B, 0x79, 0x12, 0x0B, 0xCC, 0x90,
0x00, 0x07, 0x12, 0x08, 0x77, 0xFE, 0x90, 0x00, 0x06, 0x12, 0x08, 0x77, 0xFD, 0x90, 0x00, 0x05, 0x12, 0x08, 0x77, 0xFC, 0x12, 0xD3, 0xBD, 0x02, 0x93, 0xFE, 0x78, 0x63, 0xE6, 0x12, 0x06, 0x68,
0x00, 0x04, 0x93, 0xFC, 0x91, 0x2E, 0x91, 0xC9, 0x93, 0x72, 0x92, 0x64, 0x93, 0x9D, 0x78, 0x60, 0x12, 0x0B, 0x5A, 0x90, 0x00, 0x14, 0x12, 0x09, 0x22, 0xE9, 0x4A, 0x70, 0x03, 0x02, 0x91, 0xC6,
0x78, 0x60, 0x12, 0x0B, 0x5A, 0x90, 0x00, 0x14, 0x12, 0x09, 0x22, 0x12, 0x08, 0x71, 0xFC, 0x90, 0x0A, 0x17, 0xE0, 0x5C, 0x60, 0x5D, 0x78, 0x60, 0x12, 0x0B, 0x5A, 0x90, 0x00, 0x14, 0x12, 0x09,
0x22, 0x90, 0x00, 0x01, 0x12, 0x08, 0x77, 0xFC, 0x90, 0x13, 0x5B, 0xE0, 0x54, 0x07, 0x5C, 0x60, 0x42, 0x78, 0x60, 0x12, 0x0B, 0x5A, 0x90, 0x00, 0x14, 0x12, 0x09, 0x22, 0x90, 0x00, 0x01, 0x12,
0x08, 0x77, 0xFC, 0x90, 0x13, 0x5B, 0xE0, 0x54, 0x78, 0x5C, 0x70, 0x14, 0x78, 0x60, 0x12, 0x0B, 0x5A, 0x90, 0x00, 0x14, 0x12, 0x09, 0x22, 0x90, 0x00, 0x01, 0x12, 0x08, 0x77, 0x30, 0xE7, 0x13,
0x78, 0x60, 0x12, 0x0B, 0x5A, 0x90, 0x00, 0x14, 0x12, 0x09, 0x22, 0x90, 0x1B, 0x79, 0x12, 0x0B, 0xBA, 0x80, 0x13, 0x78, 0x60, 0x12, 0x0B, 0x5A, 0x90, 0x00, 0x14, 0x12, 0x09, 0x22, 0x78, 0x60,
0x12, 0x0B, 0x45, 0x02, 0x91, 0x2E, 0x02, 0x93, 0xFE, 0x78, 0x60, 0x12, 0x0B, 0x5A, 0x90, 0x00, 0x17, 0x12, 0x09, 0x22, 0xE9, 0x4A, 0x70, 0x03, 0x02, 0x92, 0x61, 0x78, 0x60, 0x12, 0x0B, 0x5A,
0x90, 0x00, 0x17, 0x12, 0x09, 0x22, 0x12, 0x08, 0x71, 0xFC, 0x90, 0x0A, 0x17, 0xE0, 0x5C, 0x60, 0x5D, 0x78, 0x60, 0x12, 0x0B, 0x5A, 0x90, 0x00, 0x17, 0x12, 0x09, 0x22, 0x90, 0x00, 0x01, 0x12,
0x08, 0x77, 0xFC, 0x90, 0x13, 0x5B, 0xE0, 0x54, 0x07, 0x5C, 0x60, 0x42, 0x78, 0x60, 0x12, 0x0B, 0x5A, 0x90, 0x00, 0x17, 0x12, 0x09, 0x22, 0x90, 0x00, 0x01, 0x12, 0x08, 0x77, 0xFC, 0x90, 0x13,
0x5B, 0xE0, 0x54, 0x78, 0x5C, 0x70, 0x14, 0x78, 0x60, 0x12, 0x0B, 0x5A, 0x90, 0x00, 0x17, 0x12, 0x09, 0x22, 0x90, 0x00, 0x01, 0x12, 0x08, 0x77, 0x30, 0xE7, 0x13, 0x78, 0x60, 0x12, 0x0B, 0x5A,
0x90, 0x00, 0x17, 0x12, 0x09, 0x22, 0x90, 0x1B, 0x79, 0x12, 0x0B, 0xBA, 0x80, 0x13, 0x78, 0x60, 0x12, 0x0B, 0x5A, 0x90, 0x00, 0x17, 0x12, 0x09, 0x22, 0x78, 0x60, 0x12, 0x0B, 0x45, 0x02, 0x91,
0xC9, 0x02, 0x93, 0xFE, 0x78, 0x60, 0x12, 0x0B, 0x5A, 0x90, 0x00, 0x1A, 0x12, 0x09, 0x22, 0xE9, 0x4A, 0x70, 0x03, 0x02, 0x93, 0x6F, 0x78, 0x60, 0x12, 0x0B, 0x5A, 0x90, 0x00, 0x1A, 0x12, 0x09,
0x22, 0x78, 0x60, 0x12, 0x0B, 0x45, 0x12, 0x08, 0x71, 0xFC, 0x90, 0x0A, 0x17, 0xE0, 0x5C, 0x60, 0x46, 0x78, 0x60, 0x12, 0x0B, 0x5A, 0x90, 0x00, 0x01, 0x12, 0x08, 0x83, 0xFC, 0x90, 0x13, 0x5B,
0xE0, 0x54, 0x07, 0x5C, 0x60, 0x31, 0x78, 0x60, 0x12, 0x0B, 0x5A, 0x90, 0x00, 0x01, 0x12, 0x08, 0x83, 0xFC, 0x90, 0x13, 0x5B, 0xE0, 0x54, 0x78, 0x5C, 0x70, 0x0E, 0x78, 0x60, 0x12, 0x0B, 0x5A,
0x90, 0x00, 0x01, 0x12, 0x08, 0x83, 0x30, 0xE7, 0x0E, 0x78, 0x60, 0x12, 0x0B, 0x5A, 0x90, 0x1B, 0x79, 0x12, 0x0B, 0xB1, 0x02, 0x93, 0x6F, 0x78, 0x60, 0x12, 0x0B, 0x5A, 0x90, 0x00, 0x17, 0x12,
0x09, 0x22, 0xE9, 0x4A, 0x70, 0x03, 0x02, 0x93, 0x6F, 0x78, 0x60, 0x12, 0x0B, 0x5A, 0x90, 0x00, 0x17, 0x12, 0x09, 0x22, 0x12, 0x08, 0x71, 0xFC, 0x90, 0x0A, 0x17, 0xE0, 0x5C, 0x60, 0x5D, 0x78,
0x60, 0x12, 0x0B, 0x5A, 0x90, 0x00, 0x17, 0x12, 0x09, 0x22, 0x90, 0x00, 0x01, 0x12, 0x08, 0x77, 0xFC, 0x90, 0x13, 0x5B, 0xE0, 0x54, 0x07, 0x5C, 0x60, 0x42, 0x78, 0x60, 0x12, 0x0B, 0x5A, 0x90,
0x00, 0x17, 0x12, 0x09, 0x22, 0x90, 0x00, 0x01, 0x12, 0x08, 0x77, 0xFC, 0x90, 0x13, 0x5B, 0xE0, 0x54, 0x78, 0x5C, 0x70, 0x14, 0x78, 0x60, 0x12, 0x0B, 0x5A, 0x90, 0x00, 0x17, 0x12, 0x09, 0x22,
0x90, 0x00, 0x01, 0x12, 0x08, 0x77, 0x30, 0xE7, 0x13, 0x78, 0x60, 0x12, 0x0B, 0x5A, 0x90, 0x00, 0x17, 0x12, 0x09, 0x22, 0x90, 0x1B, 0x79, 0x12, 0x0B, 0xBA, 0x80, 0x13, 0x78, 0x60, 0x12, 0x0B,
0x5A, 0x90, 0x00, 0x17, 0x12, 0x09, 0x22, 0x78, 0x60, 0x12, 0x0B, 0x45, 0x02, 0x92, 0xD7, 0x02, 0x93, 0xFE, 0x90, 0x0A, 0x1A, 0xE4, 0xF0, 0xA3, 0xF0, 0x90, 0x1B, 0x79, 0x12, 0x0B, 0xC3, 0x90,
0x00, 0x1D, 0x12, 0x09, 0x22, 0xE9, 0x4A, 0x60, 0x12, 0x90, 0x1B, 0x79, 0x12, 0x0B, 0xC3, 0x90, 0x00, 0x1D, 0x12, 0x09, 0x22, 0x90, 0x1B, 0x79, 0x12, 0x0B, 0xBA, 0x80, 0x61, 0x7D, 0xFC, 0x7E,
0x1E, 0x7F, 0x01, 0x90, 0x1B, 0x7B, 0xE0, 0x6D, 0x70, 0x0C, 0x90, 0x1B, 0x7A, 0xE0, 0x6E, 0x70, 0x05, 0x90, 0x1B, 0x79, 0xE0, 0x6F, 0x70, 0x42, 0x90, 0x1B, 0x77, 0xE0, 0x30, 0xE1, 0x34, 0x90,
0x1B, 0x79, 0x12, 0x0B, 0xC3, 0x90, 0x00, 0x08, 0x12, 0x08, 0x83, 0xFF, 0x90, 0x1B, 0x79, 0x12, 0x0B, 0xCC, 0x90, 0x00, 0x07, 0x12, 0x08, 0x77, 0xFE, 0x90, 0x00, 0x06, 0x12, 0x08, 0x77, 0xFD,
0x90, 0x00, 0x05, 0x12, 0x08, 0x77, 0xFC, 0x12, 0xD3, 0xBD, 0x90, 0x1B, 0x77, 0xE0, 0x54, 0xFD, 0xF0, 0x80, 0x07, 0x90, 0x1B, 0x77, 0xE0, 0x44, 0x02, 0xF0, 0x80, 0x02, 0x80, 0x00, 0x7D, 0xFC,
0x7E, 0x28, 0x7F, 0x01, 0x90, 0x1B, 0x7B, 0xE0, 0x6D, 0x70, 0x0C, 0x90, 0x1B, 0x7A, 0xE0, 0x6E, 0x70, 0x05, 0x90, 0x1B, 0x79, 0xE0, 0x6F, 0x70, 0x19, 0x90, 0x13, 0x5E, 0xE4, 0xF0, 0xA3, 0x04,
0xF0, 0x90, 0x1B, 0x77, 0xE0, 0x30, 0xE2, 0x0A, 0x90, 0x1B, 0x77, 0xE0, 0x54, 0xFB, 0xF0, 0x12, 0x64, 0x58, 0x7D, 0xDC, 0x7E, 0x28, 0x7F, 0x01, 0x90, 0x1B, 0x7B, 0xE0, 0x6D, 0x70, 0x0C, 0x90,
0x1B, 0x7A, 0xE0, 0x6E, 0x70, 0x05, 0x90, 0x1B, 0x79, 0xE0, 0x6F, 0x70, 0x18, 0x90, 0x13, 0x5E, 0xE4, 0xF0, 0xA3, 0xF0, 0x90, 0x1B, 0x77, 0xE0, 0x20, 0xE2, 0x0A, 0x90, 0x1B, 0x77, 0xE0, 0x44,
0x04, 0xF0, 0x12, 0x64, 0x58, 0x90, 0x0A, 0x2E, 0xE0, 0xFD, 0xA3, 0xE0, 0x4D, 0x70, 0x03, 0x12, 0x94, 0x96, 0x80, 0x03, 0x12, 0x94, 0x96, 0x80, 0x1C, 0x90, 0x09, 0xB8, 0xE4, 0xF0, 0xA3, 0xF0,
0x90, 0x09, 0xBA, 0xE4, 0xF0, 0xA3, 0xF0, 0x90, 0x09, 0xBC, 0xE4, 0xF0, 0xA3, 0xF0, 0x90, 0x0A, 0x2E, 0xE4, 0xF0, 0xA3, 0xF0, 0x22, 0x90, 0x1B, 0x79, 0x12, 0x0B, 0xC3, 0x90, 0x00, 0x02, 0x12,
0x08, 0x83, 0x64, 0x1A, 0x60, 0x17, 0x90, 0x1B, 0x79, 0x12, 0x0B, 0xC3, 0x90, 0x00, 0x02, 0x12, 0x08, 0x83, 0x64, 0x09, 0x60, 0x07, 0x90, 0x1B, 0x78, 0xE0, 0x44, 0x80, 0xF0, 0x90, 0x1B, 0x79,
0x12, 0x0B, 0xC3, 0x90, 0x00, 0x02, 0x12, 0x08, 0x83, 0x12, 0x06, 0x9E, 0x95, 0x2A, 0x00, 0x95, 0x30, 0x01, 0x95, 0x3C, 0x05, 0x95, 0x42, 0x06, 0x95, 0x47, 0x07, 0x95, 0x4C, 0x08, 0x95, 0x51,
0x09, 0x95, 0x56, 0x0A, 0x95, 0x5B, 0x0B, 0x95, 0x60, 0x0E, 0x95, 0x65, 0x0F, 0x95, 0x6A, 0x10, 0x95, 0x6F, 0x11, 0x95, 0x74, 0x12, 0x95, 0x79, 0x13, 0x95, 0x7E, 0x14, 0x95, 0x83, 0x15, 0x95,
0x88, 0x16, 0x95, 0x8D, 0x17, 0x95, 0x92, 0x18, 0x95, 0x9C, 0x19, 0x95, 0xA1, 0x1A, 0x95, 0xAB, 0x1B, 0x95, 0xB0, 0x1C, 0x95, 0xB5, 0x1D, 0x95, 0xBA, 0x1E, 0x95, 0xBF, 0x1F, 0x95, 0x97, 0x20,
0x95, 0xA6, 0x21, 0x95, 0x36, 0x2D, 0x00, 0x00, 0x95, 0xC4, 0x12, 0x95, 0xC7, 0x02, 0x95, 0xC6, 0x12, 0x95, 0xF2, 0x02, 0x95, 0xC6, 0x12, 0x98, 0x22, 0x02, 0x95, 0xC6, 0x12, 0x9A, 0xD6, 0x02,
0x95, 0xC6, 0x12, 0x9A, 0xD6, 0x80, 0x7F, 0x12, 0xA5, 0x10, 0x80, 0x7A, 0x12, 0xA5, 0xB8, 0x80, 0x75, 0x12, 0xA8, 0x94, 0x80, 0x70, 0x12, 0xA9, 0x02, 0x80, 0x6B, 0x12, 0xAE, 0x58, 0x80, 0x66,
0x12, 0xB5, 0xBE, 0x80, 0x61, 0x12, 0x9A, 0xD6, 0x80, 0x5C, 0x12, 0x9A, 0xD6, 0x80, 0x57, 0x12, 0xB9, 0x2F, 0x80, 0x52, 0x12, 0xBB, 0xF3, 0x80, 0x4D, 0x12, 0xBE, 0xAC, 0x80, 0x48, 0x12, 0xC3,
0xFD, 0x80, 0x43, 0x12, 0xC4, 0x76, 0x80, 0x3E, 0x12, 0xC6, 0xCC, 0x80, 0x39, 0x12, 0xC9, 0xDC, 0x80, 0x34, 0x12, 0xCA, 0xA2, 0x80, 0x2F, 0x12, 0xCB, 0x13, 0x80, 0x2A, 0x12, 0xCB, 0x87, 0x80,
0x25, 0x12, 0xCD, 0x87, 0x80, 0x20, 0x12, 0xD4, 0x6C, 0x80, 0x1B, 0x12, 0xD8, 0x36, 0x80, 0x16, 0x12, 0xD2, 0x2D, 0x80, 0x11, 0x12, 0xDA, 0x49, 0x80, 0x0C, 0x12, 0xDD, 0x18, 0x80, 0x07, 0x12,
0xDE, 0x23, 0x80, 0x02, 0x80, 0x00, 0x22, 0x90, 0x1B, 0x79, 0x12, 0x0B, 0xC3, 0x90, 0x00, 0x08, 0x12, 0x08, 0x83, 0xFF, 0x90, 0x1B, 0x79, 0x12, 0x0B, 0xCC, 0x90, 0x00, 0x07, 0x12, 0x08, 0x77,
0xFE, 0x90, 0x00, 0x06, 0x12, 0x08, 0x77, 0xFD, 0x90, 0x00, 0x05, 0x12, 0x08, 0x77, 0xFC, 0x02, 0xD3, 0xBD, 0x90, 0x1B, 0x78, 0xE0, 0x30, 0xE0, 0x03, 0x02, 0x96, 0xA0, 0x90, 0x1B, 0x79, 0x12,
0x0B, 0xC3, 0x90, 0x00, 0x0F, 0x12, 0x08, 0x83, 0x14, 0x60, 0x20, 0x90, 0x1B, 0x79, 0x12, 0x0B, 0xC3, 0x90, 0x00, 0x0D, 0x12, 0x08, 0xD5, 0x90, 0x12, 0xEC, 0x12, 0x0B, 0x93, 0xE0, 0xFD, 0xA3,
0xE0, 0x90, 0x1B, 0x82, 0xCD, 0xF0, 0xA3, 0xCD, 0xF0, 0x80, 0x23, 0x90, 0x1B, 0x79, 0x12, 0x0B, 0xC3, 0x90, 0x00, 0x0D, 0x12, 0x08, 0xD5, 0x25, 0xE0, 0x24, 0xA6, 0xF5, 0x82, 0xE4, 0x34, 0x09,
0xF5, 0x83, 0xE0, 0xFD, 0xA3, 0xE0, 0x90, 0x1B, 0x82, 0xCD, 0xF0, 0xA3, 0xCD, 0xF0, 0x90, 0x1B, 0x79, 0x12, 0x0B, 0xC3, 0x90, 0x00, 0x08, 0x12, 0x08, 0x83, 0xFF, 0x90, 0x1B, 0x79, 0x12, 0x0B,
0xCC, 0x90, 0x00, 0x07, 0x12, 0x08, 0x77, 0xFE, 0x90, 0x00, 0x06, 0x12, 0x08, 0x77, 0xFD, 0x90, 0x00, 0x05, 0x12, 0x08, 0x77, 0xFC, 0x12, 0xD3, 0xBD, 0x78, 0x2A, 0x76, 0x02, 0x08, 0x76, 0x2D,
0x08, 0x76, 0x37, 0x90, 0x1B, 0x83, 0xE0, 0x24, 0x02, 0xFC, 0x7D, 0x12, 0x12, 0x81, 0x26, 0xE4, 0x90, 0x1B, 0x80, 0xF0, 0xE4, 0x90, 0x1B, 0x81, 0xF0, 0x90, 0x1B, 0x78, 0xE0, 0x44, 0x01, 0xF0,
0x90, 0x09, 0xB8, 0xE0, 0xFD, 0xA3, 0xE0, 0x4D, 0x60, 0x03, 0x12, 0xD3, 0x8E, 0x90, 0x09, 0xBA, 0xE0, 0xFD, 0xA3, 0xE0, 0x4D, 0x60, 0x07, 0x90, 0x09, 0xBA, 0xE4, 0xF0, 0xA3, 0xF0, 0x90, 0x09,
0xBC, 0xE0, 0xFD, 0xA3, 0xE0, 0x4D, 0x70, 0x03, 0x02, 0x97, 0x76, 0x90, 0x1B, 0x80, 0xE0, 0x70, 0x1A, 0x74, 0x01, 0x90, 0x1B, 0x80, 0xF0, 0x78, 0x2A, 0x76, 0x02, 0x08, 0x76, 0x2D, 0x08, 0x76,
0x3A, 0x7D, 0x0D, 0x7C, 0x04, 0x12, 0x81, 0x26, 0x02, 0x97, 0x6F, 0x90, 0x1B, 0x79, 0x12, 0x0B, 0xC3, 0x90, 0x00, 0x0F, 0x12, 0x08, 0x83, 0x14, 0x60, 0x3C, 0x90, 0x1B, 0x82, 0xE0, 0xFD, 0xA3,
0xE0, 0xFC, 0x90, 0x1B, 0x79, 0x12, 0x0B, 0xCC, 0x90, 0x00, 0x0D, 0x12, 0x08, 0xB5, 0x90, 0x12, 0xEC, 0x12, 0x0B, 0x9D, 0xED, 0xF0, 0xA3, 0xEC, 0xF0, 0x90, 0x00, 0x0D, 0x12, 0x08, 0xA5, 0x90,
0x12, 0xEC, 0x12, 0x0B, 0x98, 0xE0, 0xFF, 0xA3, 0xE0, 0xFE, 0x90, 0x00, 0x0D, 0x12, 0x08, 0xA5, 0xFC, 0x12, 0x73, 0xC6, 0x80, 0x24, 0x90, 0x1B, 0x82, 0xE0, 0xFD, 0xA3, 0xE0, 0xFC, 0x90, 0x1B,
0x79, 0x12, 0x0B, 0xCC, 0x90, 0x00, 0x0D, 0x12, 0x08, 0xB5, 0x25, 0xE0, 0x24, 0xA6, 0xF5, 0x82, 0xE4, 0x34, 0x09, 0xF5, 0x83, 0xED, 0xF0, 0xA3, 0xEC, 0xF0, 0x7D, 0x02, 0x7C, 0x39, 0x12, 0xE2,
0x35, 0x90, 0x1B, 0x78, 0xE0, 0x44, 0x02, 0xF0, 0x90, 0x1B, 0x78, 0xE0, 0x54, 0xFE, 0xF0, 0x90, 0x09, 0xBC, 0xE4, 0xF0, 0xA3, 0xF0, 0x90, 0x0A, 0x2E, 0xE0, 0xFD, 0xA3, 0xE0, 0x4D, 0x70, 0x03,
0x02, 0x98, 0x21, 0x90, 0x1B, 0x80, 0xE0, 0x60, 0x24, 0x90, 0x1B, 0x81, 0xE0, 0x70, 0x1E, 0x74, 0x01, 0x90, 0x1B, 0x81, 0xF0, 0x90, 0x1B, 0x79, 0x12, 0x0B, 0xC3, 0x90, 0x00, 0x0C, 0x12, 0x08,
0x83, 0x24, 0xD2, 0xFE, 0xE4, 0x34, 0x01, 0xFF, 0x7C, 0x04, 0x12, 0x75, 0xEF, 0x90, 0x1B, 0x81, 0xE0, 0x60, 0x67, 0x78, 0x2A, 0x76, 0x02, 0x08, 0x76, 0x2D, 0x08, 0x76, 0x43, 0x90, 0x1B, 0x83,
0xE0, 0x24, 0x02, 0xFC, 0x7D, 0x12, 0x12, 0x81, 0x26, 0x90, 0x0A, 0x2E, 0xE0, 0xFB, 0xA3, 0xE0, 0xFA, 0x90, 0x1B, 0x83, 0xE0, 0x2A, 0xF0, 0x90, 0x1B, 0x82, 0xE0, 0x3B, 0xF0, 0xD3, 0x90, 0x1B,
0x83, 0xE0, 0x94, 0x01, 0x90, 0x1B, 0x82, 0xE0, 0x64, 0x80, 0x94, 0x80, 0x40, 0x08, 0x90, 0x1B, 0x82, 0xE4, 0xF0, 0xA3, 0x04, 0xF0, 0x90, 0x1B, 0x82, 0xE0, 0x33, 0x50, 0x07, 0x90, 0x1B, 0x82,
0xE4, 0xF0, 0xA3, 0xF0, 0x78, 0x2A, 0x76, 0x02, 0x08, 0x76, 0x2D, 0x08, 0x76, 0x37, 0x90, 0x1B, 0x83, 0xE0, 0x24, 0x02, 0xFC, 0x7D, 0x12, 0x12, 0x81, 0x26, 0x90, 0x0A, 0x2E, 0xE4, 0xF0, 0xA3,
0xF0, 0x22, 0x90, 0x1B, 0x78, 0xE0, 0x30, 0xE2, 0x32, 0x90, 0x1B, 0x78, 0xE0, 0x54, 0xFB, 0xF0, 0x90, 0x1B, 0x79, 0x12, 0x0B, 0xC3, 0x90, 0x00, 0x08, 0x12, 0x08, 0x83, 0xFF, 0x90, 0x1B, 0x79,
0x12, 0x0B, 0xCC, 0x90, 0x00, 0x07, 0x12, 0x08, 0x77, 0xFE, 0x90, 0x00, 0x06, 0x12, 0x08, 0x77, 0xFD, 0x90, 0x00, 0x05, 0x12, 0x08, 0x77, 0xFC, 0x12, 0xD3, 0xBD, 0x90, 0x1B, 0x78, 0xE0, 0x44,
0x02, 0xF0, 0x90, 0x1B, 0x79, 0x12, 0x0B, 0xC3, 0x90, 0x00, 0x0F, 0x12, 0x08, 0x83, 0x70, 0x03, 0x02, 0x99, 0x99, 0x90, 0x1B, 0x79, 0x12, 0x0B, 0xC3, 0x90, 0x00, 0x10, 0x12, 0x08, 0xD5, 0x4B,
0x70, 0x03, 0x02, 0x99, 0x99, 0x90, 0x1B, 0x79, 0x12, 0x0B, 0xC3, 0x90, 0x00, 0x12, 0x12, 0x08, 0xD5, 0x4B, 0x70, 0x03, 0x02, 0x99, 0x99, 0x90, 0x1B, 0x79, 0x12, 0x0B, 0xC3, 0x90, 0x00, 0x0F,
0x12, 0x08, 0x83, 0x7D, 0x00, 0x90, 0x12, 0xEC, 0x12, 0x0B, 0x98, 0xE0, 0xFD, 0xA3, 0xE0, 0x4D, 0x60, 0x31, 0x90, 0x1B, 0x79, 0x12, 0x0B, 0xC3, 0x90, 0x00, 0x12, 0x12, 0x08, 0xD5, 0x90, 0x12,
0xEC, 0x12, 0x0B, 0x93, 0xE0, 0xFF, 0xA3, 0xE0, 0xFE, 0x7D, 0x04, 0x7C, 0x03, 0x12, 0x82, 0xD9, 0x78, 0x2A, 0x76, 0x01, 0x08, 0x76, 0x09, 0x08, 0x76, 0x79, 0x7D, 0x01, 0x7C, 0x03, 0x12, 0x81,
0x26, 0x80, 0x2F, 0x90, 0x1B, 0x79, 0x12, 0x0B, 0xC3, 0x90, 0x00, 0x10, 0x12, 0x08, 0xD5, 0x90, 0x12, 0xEC, 0x12, 0x0B, 0x93, 0xE0, 0xFF, 0xA3, 0xE0, 0xFE, 0x7D, 0x04, 0x7C, 0x03, 0x12, 0x82,
0xD9, 0x78, 0x2A, 0x76, 0x01, 0x08, 0x76, 0x09, 0x08, 0x76, 0x83, 0x7D, 0x01, 0x7C, 0x03, 0x12, 0x81, 0x26, 0x90, 0x1B, 0x79, 0x12, 0x0B, 0xC3, 0x90, 0x00, 0x0D, 0x12, 0x08, 0xD5, 0x90, 0x12,
0xEC, 0x12, 0x0B, 0x93, 0xE0, 0xFD, 0xA3, 0xE0, 0xC3, 0x94, 0x70, 0xED, 0x64, 0x80, 0x94, 0x7E, 0x50, 0x13, 0x78, 0x2A, 0x76, 0x02, 0x08, 0x76, 0x2D, 0x08, 0x76, 0x46, 0x7D, 0x0F, 0x7C, 0x03,
0x12, 0x81, 0x26, 0x80, 0x51, 0x90, 0x1B, 0x79, 0x12, 0x0B, 0xC3, 0x90, 0x00, 0x0D, 0x12, 0x08, 0xD5, 0x90, 0x12, 0xEC, 0x12, 0x0B, 0x93, 0xE0, 0xFD, 0xA3, 0xE0, 0xD3, 0x94, 0x78, 0xED, 0x64,
0x80, 0x94, 0x85, 0x40, 0x13, 0x78, 0x2A, 0x76, 0x02, 0x08, 0x76, 0x2D, 0x08, 0x76, 0x4D, 0x7D, 0x0F, 0x7C, 0x03, 0x12, 0x81, 0x26, 0x80, 0x1E, 0x90, 0x1B, 0x79, 0x12, 0x0B, 0xC3, 0x90, 0x00,
0x0D, 0x12, 0x08, 0xD5, 0x90, 0x12, 0xEC, 0x12, 0x0B, 0x93, 0xE0, 0xFF, 0xA3, 0xE0, 0xFE, 0x7D, 0x0E, 0x7C, 0x03, 0x12, 0x82, 0xD9, 0x02, 0x9A, 0xD5, 0x90, 0x1B, 0x79, 0x12, 0x0B, 0xC3, 0x90,
0x00, 0x0F, 0x12, 0x08, 0x83, 0x70, 0x03, 0x02, 0x9A, 0x51, 0x90, 0x1B, 0x79, 0x12, 0x0B, 0xC3, 0x90, 0x00, 0x0F, 0x12, 0x08, 0x83, 0x7B, 0x00, 0x90, 0x12, 0xEC, 0x12, 0x0B, 0x93, 0xE0, 0xFF,
0xA3, 0xE0, 0xFE, 0x7D, 0x04, 0x7C, 0x03, 0x12, 0x82, 0xD9, 0x90, 0x1B, 0x79, 0x12, 0x0B, 0xC3, 0x90, 0x00, 0x0D, 0x12, 0x08, 0xD5, 0x90, 0x12, 0xEC, 0x12, 0x0B, 0x93, 0xE0, 0xFD, 0xA3, 0xE0,
0xC3, 0x94, 0x70, 0xED, 0x64, 0x80, 0x94, 0x7E, 0x50, 0x13, 0x78, 0x2A, 0x76, 0x02, 0x08, 0x76, 0x2D, 0x08, 0x76, 0x46, 0x7D, 0x0F, 0x7C, 0x03, 0x12, 0x81, 0x26, 0x80, 0x51, 0x90, 0x1B, 0x79,
0x12, 0x0B, 0xC3, 0x90, 0x00, 0x0D, 0x12, 0x08, 0xD5, 0x90, 0x12, 0xEC, 0x12, 0x0B, 0x93, 0xE0, 0xFD, 0xA3, 0xE0, 0xD3, 0x94, 0x78, 0xED, 0x64, 0x80, 0x94, 0x85, 0x40, 0x13, 0x78, 0x2A, 0x76,
0x02, 0x08, 0x76, 0x2D, 0x08, 0x76, 0x4D, 0x7D, 0x0F, 0x7C, 0x03, 0x12, 0x81, 0x26, 0x80, 0x1E, 0x90, 0x1B, 0x79, 0x12, 0x0B, 0xC3, 0x90, 0x00, 0x0D, 0x12, 0x08, 0xD5, 0x90, 0x12, 0xEC, 0x12,
0x0B, 0x93, 0xE0, 0xFF, 0xA3, 0xE0, 0xFE, 0x7D, 0x0E, 0x7C, 0x03, 0x12, 0x82, 0xD9, 0x02, 0x9A, 0xD5, 0x90, 0x1B, 0x79, 0x12, 0x0B, 0xC3, 0x90, 0x00, 0x0D, 0x12, 0x08, 0xD5, 0x90, 0x12, 0xEC,
0x12, 0x0B, 0x93, 0xE0, 0xFD, 0xA3, 0xE0, 0xC3, 0x94, 0x70, 0xED, 0x64, 0x80, 0x94, 0x7E, 0x50, 0x13, 0x78, 0x2A, 0x76, 0x02, 0x08, 0x76, 0x2D, 0x08, 0x76, 0x46, 0x7D, 0x08, 0x7C, 0x03, 0x12,
0x81, 0x26, 0x80, 0x51, 0x90, 0x1B, 0x79, 0x12, 0x0B, 0xC3, 0x90, 0x00, 0x0D, 0x12, 0x08, 0xD5, 0x90, 0x12, 0xEC, 0x12, 0x0B, 0x93, 0xE0, 0xFD, 0xA3, 0xE0, 0xD3, 0x94, 0x78, 0xED, 0x64, 0x80,
0x94, 0x85, 0x40, 0x13, 0x78, 0x2A, 0x76, 0x02, 0x08, 0x76, 0x2D, 0x08, 0x76, 0x4D, 0x7D, 0x08, 0x7C, 0x03, 0x12, 0x81, 0x26, 0x80, 0x1E, 0x90, 0x1B, 0x79, 0x12, 0x0B, 0xC3, 0x90, 0x00, 0x0D,
0x12, 0x08, 0xD5, 0x90, 0x12, 0xEC, 0x12, 0x0B, 0x93, 0xE0, 0xFF, 0xA3, 0xE0, 0xFE, 0x7D, 0x07, 0x7C, 0x03, 0x12, 0x82, 0xD9, 0x22, 0x90, 0x1B, 0x78, 0xE0, 0x30, 0xE0, 0x03, 0x02, 0x9E, 0xC8,
0xE4, 0x90, 0x1B, 0x87, 0xF0, 0x90, 0x0A, 0x1A, 0xE4, 0xF0, 0xA3, 0x04, 0xF0, 0x90, 0x1B, 0x79, 0x12, 0x0B, 0xC3, 0x90, 0x00, 0x03, 0x12, 0x08, 0x83, 0xB4, 0x05, 0x02, 0x80, 0x03, 0xD3, 0x40,
0x29, 0x90, 0x1B, 0x79, 0x12, 0x0B, 0xC3, 0x90, 0x00, 0x0D, 0x12, 0x08, 0xD5, 0x90, 0x12, 0xEC, 0x12, 0x0B, 0x93, 0xE0, 0xFD, 0xA3, 0xE0, 0xFC, 0x7B, 0x05, 0x7A, 0xA0, 0x12, 0x01, 0xB2, 0x90,
0x1B, 0x84, 0xE9, 0xF0, 0xA3, 0xE8, 0xF0, 0x02, 0x9B, 0xD2, 0xB4, 0x06, 0x02, 0x80, 0x03, 0xD3, 0x40, 0x28, 0x90, 0x1B, 0x79, 0x12, 0x0B, 0xC3, 0x90, 0x00, 0x0D, 0x12, 0x08, 0xD5, 0x90, 0x12,
0xEC, 0x12, 0x0B, 0x93, 0xE0, 0xFD, 0xA3, 0xE0, 0xFC, 0xE4, 0xFB, 0x7A, 0x3C, 0x12, 0x01, 0xB2, 0x90, 0x1B, 0x84, 0xE9, 0xF0, 0xA3, 0xE8, 0xF0, 0x80, 0x78, 0xB4, 0x07, 0x02, 0x80, 0x03, 0xD3,
0x40, 0x28, 0x90, 0x1B, 0x79, 0x12, 0x0B, 0xC3, 0x90, 0x00, 0x0D, 0x12, 0x08, 0xD5, 0x90, 0x12, 0xEC, 0x12, 0x0B, 0x93, 0xE0, 0xFD, 0xA3, 0xE0, 0xFC, 0xE4, 0xFB, 0x7A, 0x3C, 0x12, 0x01, 0xB2,
0x90, 0x1B, 0x84, 0xE9, 0xF0, 0xA3, 0xE8, 0xF0, 0x80, 0x48, 0xB4, 0x08, 0x02, 0x80, 0x03, 0xD3, 0x40, 0x20, 0x90, 0x1B, 0x79, 0x12, 0x0B, 0xC3, 0x90, 0x00, 0x0D, 0x12, 0x08, 0xD5, 0x90, 0x12,
0xEC, 0x12, 0x0B, 0x93, 0xE0, 0xFD, 0xA3, 0xE0, 0x90, 0x1B, 0x84, 0xCD, 0xF0, 0xA3, 0xCD, 0xF0, 0x80, 0x20, 0x90, 0x1B, 0x79, 0x12, 0x0B, 0xC3, 0x90, 0x00, 0x0D, 0x12, 0x08, 0xD5, 0x90, 0x12,
0xEC, 0x12, 0x0B, 0x93, 0xE0, 0xFD, 0xA3, 0xE0, 0x90, 0x1B, 0x84, 0xCD, 0xF0, 0xA3, 0xCD, 0xF0, 0x80, 0x00, 0x90, 0x1B, 0x79, 0x12, 0x0B, 0xC3, 0x90, 0x00, 0x08, 0x12, 0x08, 0x83, 0xFF, 0x90,
0x1B, 0x79, 0x12, 0x0B, 0xCC, 0x90, 0x00, 0x07, 0x12, 0x08, 0x77, 0xFE, 0x90, 0x00, 0x06, 0x12, 0x08, 0x77, 0xFD, 0x90, 0x00, 0x05, 0x12, 0x08, 0x77, 0xFC, 0x12, 0xD3, 0xBD, 0x90, 0x1B, 0x79,
0x12, 0x0B, 0xC3, 0x90, 0x00, 0x04, 0x12, 0x08, 0x83, 0xFC, 0x7D, 0x4C, 0xE4, 0xFE, 0xFF, 0x12, 0xE1, 0x6E, 0xEC, 0x90, 0x1B, 0x86, 0xF0, 0x90, 0x1B, 0x79, 0x12, 0x0B, 0xC3, 0x90, 0x00, 0x0D,
0x12, 0x08, 0xD5, 0x64, 0x59, 0x4B, 0x70, 0x25, 0x90, 0x1B, 0x79, 0x12, 0x0B, 0xC3, 0x90, 0x00, 0x10, 0x12, 0x08, 0xD5, 0xFA, 0x24, 0x01, 0x78, 0x36, 0xF6, 0xEB, 0x34, 0x00, 0x18, 0xF6, 0x7D,
0x45, 0xE4, 0xFE, 0xFF, 0x12, 0xE0, 0x04, 0x78, 0x50, 0xEC, 0xF6, 0x80, 0x1E, 0x90, 0x1B, 0x79, 0x12, 0x0B, 0xC3, 0x90, 0x00, 0x10, 0x12, 0x08, 0xD5, 0x78, 0x36, 0xF6, 0xEB, 0x18, 0xF6, 0x7D,
0x45, 0xE4, 0xFE, 0xFF, 0x12, 0xE0, 0x04, 0x78, 0x50, 0xEC, 0xF6, 0xE4, 0x78, 0x2A, 0xF6, 0x08, 0xF6, 0x08, 0x76, 0x45, 0x7D, 0x01, 0x7C, 0x03, 0x12, 0x81, 0x26, 0xE4, 0x78, 0x2A, 0xF6, 0x08,
0xF6, 0x08, 0x76, 0x4C, 0x78, 0x50, 0xE6, 0x04, 0xFD, 0x7C, 0x03, 0x12, 0x81, 0x26, 0x90, 0x1B, 0x79, 0x12, 0x0B, 0xC3, 0x90, 0x00, 0x0D, 0x12, 0x08, 0xD5, 0x64, 0x59, 0x4B, 0x70, 0x1B, 0x90,
0x1B, 0x79, 0x12, 0x0B, 0xC3, 0x90, 0x00, 0x10, 0x12, 0x08, 0xD5, 0xFA, 0x90, 0x1B, 0x85, 0xE0, 0x6A, 0x70, 0x07, 0x90, 0x1B, 0x84, 0xE0, 0x6B, 0x60, 0x58, 0x90, 0x1B, 0x79, 0x12, 0x0B, 0xC3,
0x90, 0x00, 0x0D, 0x12, 0x08, 0xD5, 0x64, 0x53, 0x4B, 0x70, 0x1B, 0x90, 0x1B, 0x79, 0x12, 0x0B, 0xC3, 0x90, 0x00, 0x12, 0x12, 0x08, 0xD5, 0xFA, 0x90, 0x1B, 0x85, 0xE0, 0x6A, 0x70, 0x07, 0x90,
0x1B, 0x84, 0xE0, 0x6B, 0x60, 0x2C, 0x90, 0x1B, 0x79, 0x12, 0x0B, 0xC3, 0x90, 0x00, 0x0D, 0x12, 0x08, 0xD5, 0x64, 0x77, 0x4B, 0x70, 0x34, 0x90, 0x1B, 0x79, 0x12, 0x0B, 0xC3, 0x90, 0x00, 0x12,
0x12, 0x08, 0xD5, 0xFA, 0x90, 0x1B, 0x85, 0xE0, 0x6A, 0x70, 0x05, 0x90, 0x1B, 0x84, 0xE0, 0x6B, 0x70, 0x19, 0x78, 0x2A, 0x76, 0x01, 0x08, 0x76, 0x09, 0x08, 0x76, 0x8D, 0x7D, 0x07, 0x7C, 0x03,
0x12, 0x81, 0x26, 0x74, 0x01, 0x90, 0x1B, 0x87, 0xF0, 0x80, 0x77, 0x90, 0x1B, 0x86, 0xE0, 0xB4, 0x03, 0x21, 0x90, 0x1B, 0x84, 0xE0, 0xFF, 0xA3, 0xE0, 0xFE, 0x7D, 0x06, 0x7C, 0x03, 0x12, 0x82,
0x72, 0xE4, 0x78, 0x2A, 0xF6, 0x08, 0xF6, 0x08, 0x76, 0x4C, 0x7D, 0x0B, 0x7C, 0x03, 0x12, 0x81, 0x26, 0x80, 0x4F, 0x90, 0x1B, 0x79, 0x12, 0x0B, 0xC3, 0x90, 0x00, 0x03, 0x12, 0x08, 0x83, 0x14,
0x70, 0x21, 0x90, 0x1B, 0x84, 0xE0, 0xFF, 0xA3, 0xE0, 0xFE, 0x7D, 0x07, 0x7C, 0x03, 0x12, 0x82, 0xD9, 0xE4, 0x78, 0x2A, 0xF6, 0x08, 0xF6, 0x08, 0x76, 0x4C, 0x7D, 0x0D, 0x7C, 0x03, 0x12, 0x81,
0x26, 0x80, 0x1F, 0x90, 0x1B, 0x84, 0xE0, 0xFF, 0xA3, 0xE0, 0xFE, 0x7D, 0x07, 0x7C, 0x03, 0x12, 0x82, 0x72, 0xE4, 0x78, 0x2A, 0xF6, 0x08, 0xF6, 0x08, 0x76, 0x4C, 0x7D, 0x0C, 0x7C, 0x03, 0x12,
0x81, 0x26, 0x90, 0x1B, 0x79, 0x12, 0x0B, 0xC3, 0x90, 0x00, 0x0D, 0x12, 0x08, 0xD5, 0x64, 0x53, 0x4B, 0x60, 0x11, 0x90, 0x1B, 0x79, 0x12, 0x0B, 0xC3, 0x90, 0x00, 0x0D, 0x12, 0x08, 0xD5, 0x64,
0x77, 0x4B, 0x70, 0x25, 0x90, 0x1B, 0x79, 0x12, 0x0B, 0xC3, 0x90, 0x00, 0x12, 0x12, 0x08, 0xD5, 0xFA, 0x24, 0xFF, 0x78, 0x36, 0xF6, 0xEB, 0x34, 0xFF, 0x18, 0xF6, 0x7D, 0x45, 0xE4, 0xFE, 0xFF,
0x12, 0xE0, 0x04, 0x78, 0x50, 0xEC, 0xF6, 0x80, 0x1E, 0x90, 0x1B, 0x79, 0x12, 0x0B, 0xC3, 0x90, 0x00, 0x12, 0x12, 0x08, 0xD5, 0x78, 0x36, 0xF6, 0xEB, 0x18, 0xF6, 0x7D, 0x45, 0xE4, 0xFE, 0xFF,
0x12, 0xE0, 0x04, 0x78, 0x50, 0xEC, 0xF6, 0xE4, 0x78, 0x2A, 0xF6, 0x08, 0xF6, 0x08, 0x76, 0x45, 0x78, 0x50, 0xE6, 0xF4, 0x24, 0x16, 0xFC, 0x90, 0x1B, 0x86, 0xE0, 0xF4, 0x04, 0x2C, 0xFD, 0x7C,
0x03, 0x12, 0x81, 0x26, 0xE4, 0x78, 0x2A, 0xF6, 0x08, 0xF6, 0x08, 0x76, 0x4C, 0x90, 0x1B, 0x86, 0xE0, 0xF4, 0x24, 0x16, 0xFD, 0x7C, 0x03, 0x12, 0x81, 0x26, 0x90, 0x1B, 0x79, 0x12, 0x0B, 0xC3,
0x90, 0x00, 0x02, 0x12, 0x08, 0x83, 0x64, 0x06, 0x60, 0x0F, 0x90, 0x1B, 0x79, 0x12, 0x0B, 0xC3, 0x90, 0x00, 0x02, 0x12, 0x08, 0x83, 0xB4, 0x0F, 0x30, 0x90, 0x1B, 0x84, 0xE0, 0xFD, 0xA3, 0xE0,
0x78, 0x39, 0xCD, 0xF6, 0xCD, 0x08, 0xF6, 0x90, 0x1B, 0x79, 0x12, 0x0B, 0xC3, 0x90, 0x00, 0x12, 0x12, 0x08, 0xD5, 0x78, 0x38, 0xF6, 0xEB, 0x18, 0xF6, 0x90, 0x00, 0x10, 0x12, 0x08, 0xD5, 0xFE,
0xEB, 0xFF, 0x7C, 0x02, 0x12, 0x86, 0x9D, 0x80, 0x2E, 0x90, 0x1B, 0x84, 0xE0, 0xFD, 0xA3, 0xE0, 0x78, 0x35, 0xCD, 0xF6, 0xCD, 0x08, 0xF6, 0x90, 0x1B, 0x79, 0x12, 0x0B, 0xC3, 0x90, 0x00, 0x12,
0x12, 0x08, 0xD5, 0x78, 0x34, 0xF6, 0xEB, 0x18, 0xF6, 0x90, 0x00, 0x10, 0x12, 0x08, 0xD5, 0xFE, 0xEB, 0xFF, 0x7C, 0x02, 0x12, 0x85, 0xDB, 0xE4, 0x90, 0x1B, 0x88, 0xF0, 0xE4, 0x90, 0x1B, 0x89,
0xF0, 0x90, 0x1B, 0x78, 0xE0, 0x44, 0x01, 0xF0, 0x90, 0x09, 0xB8, 0xE0, 0xFD, 0xA3, 0xE0, 0x4D, 0x60, 0x54, 0x90, 0x1B, 0x88, 0xE0, 0x70, 0x06, 0x90, 0x1B, 0x89, 0xE0, 0x60, 0x1A, 0x90, 0x1B,
0x79, 0x12, 0x0B, 0xC3, 0x90, 0x00, 0x08, 0x12, 0x08, 0x83, 0x24, 0xD2, 0xFE, 0xE4, 0x34, 0x01, 0xFF, 0x7C, 0x04, 0x12, 0x75, 0xEF, 0x80, 0x12, 0x90, 0x1B, 0x79, 0x12, 0x0B, 0xC3, 0x90, 0x00,
0x1D, 0x12, 0x09, 0x22, 0x90, 0x1B, 0x79, 0x12, 0x0B, 0xBA, 0x90, 0x1B, 0x78, 0xE0, 0x54, 0xFE, 0xF0, 0x90, 0x1B, 0x78, 0xE0, 0x44, 0x02, 0xF0, 0x90, 0x0A, 0x1A, 0xE4, 0xF0, 0xA3, 0xF0, 0x90,
0x09, 0xB8, 0xE4, 0xF0, 0xA3, 0xF0, 0x90, 0x09, 0xBC, 0xE0, 0xFD, 0xA3, 0xE0, 0x4D, 0x70, 0x03, 0x02, 0xA2, 0xFF, 0x90, 0x1B, 0x88, 0xE0, 0x70, 0x2F, 0x74, 0x01, 0x90, 0x1B, 0x88, 0xF0, 0x90,
0x1B, 0x79, 0x12, 0x0B, 0xC3, 0x90, 0x00, 0x0C, 0x12, 0x08, 0x83, 0x24, 0xD2, 0xFE, 0xE4, 0x34, 0x01, 0xFF, 0x7C, 0x04, 0x12, 0x75, 0xEF, 0x78, 0x2A, 0x76, 0x02, 0x08, 0x76, 0x2D, 0x08, 0x76,
0x54, 0x7D, 0x0A, 0x7C, 0x04, 0x12, 0x81, 0x26, 0x90, 0x1B, 0x89, 0xE0, 0x70, 0x03, 0x02, 0xA2, 0xE1, 0x90, 0x1B, 0x79, 0x12, 0x0B, 0xC3, 0x90, 0x00, 0x03, 0x12, 0x08, 0x83, 0xB4, 0x05, 0x02,
0x80, 0x03, 0xD3, 0x40, 0x2D, 0x90, 0x1B, 0x84, 0xE0, 0xFD, 0xA3, 0xE0, 0xFC, 0x7B, 0x05, 0x7A, 0xA0, 0x12, 0x01, 0x36, 0x90, 0x1B, 0x79, 0x12, 0x0B, 0xC3, 0xE8, 0xFA, 0xE9, 0xFB, 0x90, 0x00,
0x0D, 0x12, 0x08, 0xC5, 0x90, 0x12, 0xEC, 0x12, 0x0B, 0x8E, 0xEB, 0xF0, 0xA3, 0xEA, 0xF0, 0x02, 0xA0, 0x3B, 0xB4, 0x06, 0x02, 0x80, 0x03, 0xD3, 0x40, 0x2C, 0x90, 0x1B, 0x84, 0xE0, 0xFD, 0xA3,
0xE0, 0xFC, 0xE4, 0xFB, 0x7A, 0x3C, 0x12, 0x01, 0x36, 0x90, 0x1B, 0x79, 0x12, 0x0B, 0xC3, 0xE8, 0xFA, 0xE9, 0xFB, 0x90, 0x00, 0x0D, 0x12, 0x08, 0xC5, 0x90, 0x12, 0xEC, 0x12, 0x0B, 0x8E, 0xEB,
0xF0, 0xA3, 0xEA, 0xF0, 0x80, 0x55, 0xB4, 0x07, 0x02, 0x80, 0x03, 0xD3, 0x40, 0x2C, 0x90, 0x1B, 0x84, 0xE0, 0xFD, 0xA3, 0xE0, 0xFC, 0xE4, 0xFB, 0x7A, 0x3C, 0x12, 0x01, 0x36, 0x90, 0x1B, 0x79,
0x12, 0x0B, 0xC3, 0xE8, 0xFA, 0xE9, 0xFB, 0x90, 0x00, 0x0D, 0x12, 0x08, 0xC5, 0x90, 0x12, 0xEC, 0x12, 0x0B, 0x8E, 0xEB, 0xF0, 0xA3, 0xEA, 0xF0, 0x80, 0x21, 0x90, 0x1B, 0x84, 0xE0, 0xFD, 0xA3,
0xE0, 0xFC, 0x90, 0x1B, 0x79, 0x12, 0x0B, 0xCC, 0x90, 0x00, 0x0D, 0x12, 0x08, 0xB5, 0x90, 0x12, 0xEC, 0x12, 0x0B, 0x9D, 0xED, 0xF0, 0xA3, 0xEC, 0xF0, 0x80, 0x00, 0x7D, 0x02, 0x7C, 0x39, 0x12,
0xE2, 0x35, 0x90, 0x1B, 0x79, 0x12, 0x0B, 0xC3, 0x90, 0x00, 0x0D, 0x12, 0x08, 0xD5, 0x90, 0x12, 0xEC, 0x12, 0x0B, 0x93, 0xE0, 0xFF, 0xA3, 0xE0, 0xFE, 0x90, 0x1B, 0x79, 0x12, 0x0B, 0xCC, 0x90,
0x00, 0x0D, 0x12, 0x08, 0xA5, 0xFC, 0x12, 0x73, 0xC6, 0x90, 0x1B, 0x79, 0x12, 0x0B, 0xC3, 0x90, 0x00, 0x0D, 0x12, 0x08, 0xD5, 0x64, 0x44, 0x4B, 0x60, 0x03, 0x02, 0xA1, 0x7C, 0x90, 0x13, 0x74,
0xE0, 0xFD, 0xA3, 0xE0, 0xFC, 0xE4, 0xFB, 0x7A, 0x3C, 0x12, 0x02, 0x10, 0xE8, 0x49, 0x70, 0x30, 0x90, 0x13, 0x74, 0xE0, 0xFD, 0xA3, 0xE0, 0xFC, 0xE4, 0xFB, 0x7A, 0x3C, 0x12, 0x01, 0xB2, 0x90,
0x31, 0xEC, 0xE9, 0xF0, 0xA3, 0xE8, 0xF0, 0x90, 0x13, 0x74, 0xE0, 0xFD, 0xA3, 0xE0, 0xFC, 0xE4, 0xFB, 0x7A, 0x3C, 0x12, 0x01, 0xB2, 0x90, 0x32, 0x2C, 0xE9, 0xF0, 0xA3, 0xE8, 0xF0, 0x80, 0x38,
0x90, 0x13, 0x74, 0xE0, 0xFD, 0xA3, 0xE0, 0xFC, 0xE4, 0xFB, 0x7A, 0x3C, 0x12, 0x01, 0xB2, 0x08, 0xB8, 0x00, 0x01, 0x09, 0x90, 0x31, 0xEC, 0xE9, 0xF0, 0xA3, 0xE8, 0xF0, 0x90, 0x13, 0x74, 0xE0,
0xFD, 0xA3, 0xE0, 0xFC, 0xE4, 0xFB, 0x7A, 0x3C, 0x12, 0x01, 0xB2, 0x08, 0xB8, 0x00, 0x01, 0x09, 0x90, 0x32, 0x2C, 0xE9, 0xF0, 0xA3, 0xE8, 0xF0, 0x90, 0x31, 0xEC, 0xE0, 0xFD, 0xA3, 0xE0, 0xFC,
0xE4, 0xFB, 0x7A, 0x3C, 0x12, 0x01, 0x36, 0x90, 0x13, 0x71, 0xE0, 0xC3, 0x98, 0x90, 0x13, 0x70, 0xE0, 0x99, 0x50, 0x26, 0x90, 0x31, 0xEC, 0xE0, 0xFD, 0xA3, 0xE0, 0xFC, 0xE4, 0xFB, 0x7A, 0x3C,
0x12, 0x01, 0x36, 0x90, 0x13, 0x70, 0xE9, 0xF0, 0xA3, 0xE8, 0xF0, 0x90, 0x13, 0x70, 0xE0, 0xFF, 0xA3, 0xE0, 0xFE, 0xE4, 0xFD, 0x7C, 0x42, 0x12, 0x73, 0xC6, 0x90, 0x32, 0x2C, 0xE0, 0xFD, 0xA3,
0xE0, 0xFC, 0xE4, 0xFB, 0x7A, 0x3C, 0x12, 0x01, 0x36, 0x90, 0x13, 0x73, 0xE0, 0xC3, 0x98, 0x90, 0x13, 0x72, 0xE0, 0x99, 0x50, 0x26, 0x90, 0x32, 0x2C, 0xE0, 0xFD, 0xA3, 0xE0, 0xFC, 0xE4, 0xFB,
0x7A, 0x3C, 0x12, 0x01, 0x36, 0x90, 0x13, 0x72, 0xE9, 0xF0, 0xA3, 0xE8, 0xF0, 0x90, 0x13, 0x72, 0xE0, 0xFF, 0xA3, 0xE0, 0xFE, 0xE4, 0xFD, 0x7C, 0x43, 0x12, 0x73, 0xC6, 0x90, 0x1B, 0x79, 0x12,
0x0B, 0xC3, 0x90, 0x00, 0x0D, 0x12, 0x08, 0xD5, 0x64, 0x42, 0x4B, 0x60, 0x22, 0x90, 0x1B, 0x79, 0x12, 0x0B, 0xC3, 0x90, 0x00, 0x0D, 0x12, 0x08, 0xD5, 0x64, 0x43, 0x4B, 0x60, 0x11, 0x90, 0x1B,
0x79, 0x12, 0x0B, 0xC3, 0x90, 0x00, 0x0D, 0x12, 0x08, 0xD5, 0x64, 0x44, 0x4B, 0x70, 0x03, 0x12, 0x3B, 0xA0, 0x90, 0x1B, 0x79, 0x12, 0x0B, 0xC3, 0x90, 0x00, 0x0D, 0x12, 0x08, 0xD5, 0x64, 0x29,
0x4B, 0x70, 0x1E, 0x90, 0x1B, 0x79, 0x12, 0x0B, 0xC3, 0x90, 0x00, 0x0D, 0x12, 0x08, 0xD5, 0x90, 0x12, 0xEC, 0x12, 0x0B, 0x93, 0xE0, 0xFD, 0xA3, 0xE0, 0x90, 0x1B, 0x0A, 0xCD, 0xF0, 0xA3, 0xCD,
0xF0, 0x90, 0x1B, 0x79, 0x12, 0x0B, 0xC3, 0x90, 0x00, 0x0D, 0x12, 0x08, 0xD5, 0x64, 0x2A, 0x4B, 0x70, 0x1E, 0x90, 0x1B, 0x79, 0x12, 0x0B, 0xC3, 0x90, 0x00, 0x0D, 0x12, 0x08, 0xD5, 0x90, 0x12,
0xEC, 0x12, 0x0B, 0x93, 0xE0, 0xFD, 0xA3, 0xE0, 0x90, 0x1B, 0x08, 0xCD, 0xF0, 0xA3, 0xCD, 0xF0, 0x90, 0x1B, 0x79, 0x12, 0x0B, 0xC3, 0x90, 0x00, 0x0D, 0x12, 0x08, 0xD5, 0x64, 0x23, 0x4B, 0x70,
0x1E, 0x90, 0x1B, 0x79, 0x12, 0x0B, 0xC3, 0x90, 0x00, 0x0D, 0x12, 0x08, 0xD5, 0x90, 0x12, 0xEC, 0x12, 0x0B, 0x93, 0xE0, 0xFD, 0xA3, 0xE0, 0x90, 0x1B, 0x0C, 0xCD, 0xF0, 0xA3, 0xCD, 0xF0, 0x90,
0x1B, 0x79, 0x12, 0x0B, 0xC3, 0x90, 0x00, 0x0D, 0x12, 0x08, 0xD5, 0x64, 0x02, 0x4B, 0x70, 0x7A, 0x90, 0x13, 0x2D, 0xE0, 0x24, 0x0A, 0xFC, 0x90, 0x13, 0x2C, 0xE0, 0x34, 0x00, 0xFD, 0x90, 0x12,
0xF1, 0xE0, 0xC3, 0x9C, 0x90, 0x12, 0xF0, 0xE0, 0x9D, 0x50, 0x23, 0x90, 0x12, 0xF1, 0xE0, 0x24, 0xF6, 0xFC, 0x90, 0x12, 0xF0, 0xE0, 0x34, 0xFF, 0x90, 0x13, 0x2C, 0xF0, 0xA3, 0xEC, 0xF0, 0x90,
0x13, 0x2C, 0xE0, 0xFF, 0xA3, 0xE0, 0xFE, 0xE4, 0xFD, 0x7C, 0x20, 0x12, 0x73, 0xC6, 0xC3, 0x90, 0x12, 0xF1, 0xE0, 0x94, 0x64, 0x90, 0x12, 0xF0, 0xE0, 0x94, 0x00, 0x50, 0x15, 0x90, 0x12, 0xF1,
0xE0, 0x24, 0xF6, 0xFC, 0x90, 0x12, 0xF0, 0xE0, 0x34, 0xFF, 0x90, 0x31, 0xAE, 0xF0, 0xA3, 0xCC, 0xF0, 0xCC, 0xC3, 0x90, 0x12, 0xF1, 0xE0, 0x94, 0x64, 0x90, 0x12, 0xF0, 0xE0, 0x94, 0x00, 0x40,
0x09, 0x90, 0x31, 0xAE, 0xE4, 0xF0, 0xA3, 0x74, 0x5A, 0xF0, 0x90, 0x1B, 0x78, 0xE0, 0x44, 0x02, 0xF0, 0x90, 0x1B, 0x78, 0xE0, 0x54, 0xFE, 0xF0, 0x90, 0x0A, 0x1A, 0xE4, 0xF0, 0xA3, 0xF0, 0x80,
0x17, 0x74, 0x01, 0x90, 0x1B, 0x88, 0xF0, 0x78, 0x2A, 0x76, 0x02, 0x08, 0x76, 0x2D, 0x08, 0x76, 0x54, 0x7D, 0x0A, 0x7C, 0x04, 0x12, 0x81, 0x26, 0x90, 0x09, 0xBC, 0xE4, 0xF0, 0xA3, 0xF0, 0x90,
0x0A, 0x2E, 0xE0, 0xFD, 0xA3, 0xE0, 0x4D, 0x70, 0x03, 0x02, 0xA5, 0x08, 0x90, 0x1B, 0x88, 0xE0, 0x70, 0x03, 0x02, 0xA5, 0x08, 0x90, 0x1B, 0x89, 0xE0, 0x70, 0x1E, 0x74, 0x01, 0x90, 0x1B, 0x89,
0xF0, 0x90, 0x1B, 0x79, 0x12, 0x0B, 0xC3, 0x90, 0x00, 0x0C, 0x12, 0x08, 0x83, 0x24, 0xD2, 0xFE, 0xE4, 0x34, 0x01, 0xFF, 0x7C, 0x04, 0x12, 0x75, 0xEF, 0x7D, 0x84, 0x7E, 0x1B, 0x7F, 0x01, 0x12,
0xDF, 0x82, 0x90, 0x1B, 0x79, 0x12, 0x0B, 0xC3, 0x90, 0x00, 0x0D, 0x12, 0x08, 0xD5, 0x64, 0x59, 0x4B, 0x70, 0x1B, 0x90, 0x1B, 0x79, 0x12, 0x0B, 0xC3, 0x90, 0x00, 0x10, 0x12, 0x08, 0xD5, 0xFA,
0x90, 0x1B, 0x85, 0xE0, 0x6A, 0x70, 0x07, 0x90, 0x1B, 0x84, 0xE0, 0x6B, 0x60, 0x58, 0x90, 0x1B, 0x79, 0x12, 0x0B, 0xC3, 0x90, 0x00, 0x0D, 0x12, 0x08, 0xD5, 0x64, 0x53, 0x4B, 0x70, 0x1B, 0x90,
0x1B, 0x79, 0x12, 0x0B, 0xC3, 0x90, 0x00, 0x12, 0x12, 0x08, 0xD5, 0xFA, 0x90, 0x1B, 0x85, 0xE0, 0x6A, 0x70, 0x07, 0x90, 0x1B, 0x84, 0xE0, 0x6B, 0x60, 0x2C, 0x90, 0x1B, 0x79, 0x12, 0x0B, 0xC3,
0x90, 0x00, 0x0D, 0x12, 0x08, 0xD5, 0x64, 0x77, 0x4B, 0x70, 0x35, 0x90, 0x1B, 0x79, 0x12, 0x0B, 0xC3, 0x90, 0x00, 0x12, 0x12, 0x08, 0xD5, 0xFA, 0x90, 0x1B, 0x85, 0xE0, 0x6A, 0x70, 0x05, 0x90,
0x1B, 0x84, 0xE0, 0x6B, 0x70, 0x1A, 0x78, 0x2A, 0x76, 0x01, 0x08, 0x76, 0x09, 0x08, 0x76, 0x8D, 0x7D, 0x07, 0x7C, 0x03, 0x12, 0x81, 0x26, 0x74, 0x01, 0x90, 0x1B, 0x87, 0xF0, 0x02, 0xA4, 0x89,
0x90, 0x1B, 0x79, 0x12, 0x0B, 0xC3, 0x90, 0x00, 0x04, 0x12, 0x08, 0x83, 0xFC, 0x7D, 0x4C, 0xE4, 0xFE, 0xFF, 0x12, 0xE1, 0x6E, 0x90, 0x1B, 0x87, 0xE0, 0x60, 0x47, 0x78, 0x2A, 0x76, 0x02, 0x08,
0x76, 0x2D, 0x08, 0x76, 0x3A, 0x7D, 0x07, 0x7C, 0x03, 0x12, 0x81, 0x26, 0x90, 0x1B, 0x79, 0x12, 0x0B, 0xC3, 0x90, 0x00, 0x03, 0x12, 0x08, 0x83, 0x14, 0x70, 0x12, 0xE4, 0x78, 0x2A, 0xF6, 0x08,
0xF6, 0x08, 0x76, 0x4C, 0x7D, 0x0D, 0x7C, 0x03, 0x12, 0x81, 0x26, 0x80, 0x10, 0xE4, 0x78, 0x2A, 0xF6, 0x08, 0xF6, 0x08, 0x76, 0x4C, 0x7D, 0x0B, 0x7C, 0x03, 0x12, 0x81, 0x26, 0xE4, 0x90, 0x1B,
0x87, 0xF0, 0x90, 0x1B, 0x86, 0xE0, 0xB4, 0x03, 0x11, 0x90, 0x1B, 0x84, 0xE0, 0xFF, 0xA3, 0xE0, 0xFE, 0x7D, 0x06, 0x7C, 0x03, 0x12, 0x82, 0x72, 0x80, 0x2F, 0x90, 0x1B, 0x79, 0x12, 0x0B, 0xC3,
0x90, 0x00, 0x03, 0x12, 0x08, 0x83, 0x14, 0x70, 0x11, 0x90, 0x1B, 0x84, 0xE0, 0xFF, 0xA3, 0xE0, 0xFE, 0x7D, 0x07, 0x7C, 0x03, 0x12, 0x82, 0xD9, 0x80, 0x0F, 0x90, 0x1B, 0x84, 0xE0, 0xFF, 0xA3,
0xE0, 0xFE, 0x7D, 0x07, 0x7C, 0x03, 0x12, 0x82, 0x72, 0x90, 0x1B, 0x79, 0x12, 0x0B, 0xC3, 0x90, 0x00, 0x02, 0x12, 0x08, 0x83, 0x64, 0x06, 0x60, 0x0F, 0x90, 0x1B, 0x79, 0x12, 0x0B, 0xC3, 0x90,
0x00, 0x02, 0x12, 0x08, 0x83, 0xB4, 0x0F, 0x30, 0x90, 0x1B, 0x84, 0xE0, 0xFD, 0xA3, 0xE0, 0x78, 0x39, 0xCD, 0xF6, 0xCD, 0x08, 0xF6, 0x90, 0x1B, 0x79, 0x12, 0x0B, 0xC3, 0x90, 0x00, 0x12, 0x12,
0x08, 0xD5, 0x78, 0x38, 0xF6, 0xEB, 0x18, 0xF6, 0x90, 0x00, 0x10, 0x12, 0x08, 0xD5, 0xFE, 0xEB, 0xFF, 0x7C, 0x02, 0x12, 0x86, 0x9D, 0x80, 0x2E, 0x90, 0x1B, 0x84, 0xE0, 0xFD, 0xA3, 0xE0, 0x78,
0x35, 0xCD, 0xF6, 0xCD, 0x08, 0xF6, 0x90, 0x1B, 0x79, 0x12, 0x0B, 0xC3, 0x90, 0x00, 0x12, 0x12, 0x08, 0xD5, 0x78, 0x34, 0xF6, 0xEB, 0x18, 0xF6, 0x90, 0x00, 0x10, 0x12, 0x08, 0xD5, 0xFE, 0xEB,
0xFF, 0x7C, 0x02, 0x12, 0x85, 0xDB, 0x80, 0x07, 0x90, 0x0A, 0x2E, 0xE4, 0xF0, 0xA3, 0xF0, 0x22, 0x90, 0x1B, 0x79, 0x12, 0x0B, 0xC3, 0x90, 0x00, 0x08, 0x12, 0x08, 0x83, 0xFF, 0x90, 0x1B, 0x79,
0x12, 0x0B, 0xCC, 0x90, 0x00, 0x07, 0x12, 0x08, 0x77, 0xFE, 0x90, 0x00, 0x06, 0x12, 0x08, 0x77, 0xFD, 0x90, 0x00, 0x05, 0x12, 0x08, 0x77, 0xFC, 0x12, 0xD3, 0xBD, 0x90, 0x1B, 0x79, 0x12, 0x0B,
0xC3, 0x90, 0x00, 0x0F, 0x12, 0x08, 0x83, 0x7F, 0x00, 0xFE, 0x90, 0x1B, 0x79, 0x12, 0x0B, 0xCC, 0x90, 0x00, 0x0D, 0x12, 0x08, 0xA5, 0xFC, 0x12, 0xEB, 0xE7, 0xEC, 0xFE, 0xED, 0xFF, 0x7D, 0x0E,
0x7C, 0x02, 0x12, 0x82, 0xD9, 0x90, 0x1B, 0x79, 0x12, 0x0B, 0xC3, 0x90, 0x00, 0x17, 0x12, 0x09, 0x22, 0xE9, 0x4A, 0x60, 0x42, 0x90, 0x1B, 0x79, 0x12, 0x0B, 0xC3, 0x90, 0x00, 0x17, 0x12, 0x09,
0x22, 0x90, 0x00, 0x0F, 0x12, 0x08, 0x77, 0x7F, 0x00, 0xFE, 0x90, 0x1B, 0x79, 0x12, 0x0B, 0xCC, 0xEF, 0xC0, 0xE0, 0xEE, 0xC0, 0xE0, 0x90, 0x00, 0x17, 0x12, 0x09, 0x70, 0x90, 0x00, 0x0D, 0x12,
0x08, 0xD5, 0xFC, 0xD0, 0xE0, 0xFE, 0xD0, 0xE0, 0xFF, 0x12, 0xEB, 0xE7, 0xEC, 0xFE, 0xED, 0xFF, 0x7D, 0x0E, 0x7C, 0x03, 0x12, 0x82, 0xD9, 0x22, 0x90, 0x1B, 0x78, 0xE0, 0x30, 0xE0, 0x03, 0x02,
0xA6, 0xFC, 0x90, 0x0A, 0x1A, 0xE4, 0xF0, 0xA3, 0x04, 0xF0, 0x90, 0x1B, 0x79, 0x12, 0x0B, 0xC3, 0x90, 0x00, 0x0F, 0x12, 0x08, 0x83, 0x7F, 0x00, 0xFE, 0x90, 0x1B, 0x79, 0x12, 0x0B, 0xCC, 0x90,
0x00, 0x0D, 0x12, 0x08, 0xA5, 0xFC, 0x12, 0xEB, 0xE7, 0x90, 0x1B, 0x8A, 0xED, 0xF0, 0xA3, 0xEC, 0xF0, 0x90, 0x1B, 0x79, 0x12, 0x0B, 0xC3, 0x90, 0x00, 0x08, 0x12, 0x08, 0x83, 0xFF, 0x90, 0x1B,
0x79, 0x12, 0x0B, 0xCC, 0x90, 0x00, 0x07, 0x12, 0x08, 0x77, 0xFE, 0x90, 0x00, 0x06, 0x12, 0x08, 0x77, 0xFD, 0x90, 0x00, 0x05, 0x12, 0x08, 0x77, 0xFC, 0x12, 0xD3, 0xBD, 0x90, 0x1B, 0x79, 0x12,
0x0B, 0xC3, 0x90, 0x00, 0x10, 0x12, 0x08, 0xD5, 0x78, 0x36, 0xF6, 0xEB, 0x18, 0xF6, 0x7D, 0x45, 0xE4, 0xFE, 0xFF, 0x12, 0xE0, 0x04, 0x78, 0x4C, 0xEC, 0xF6, 0xE4, 0x78, 0x2A, 0xF6, 0x08, 0xF6,
0x08, 0x76, 0x45, 0x7D, 0x01, 0x7C, 0x03, 0x12, 0x81, 0x26, 0x78, 0x2A, 0x76, 0x02, 0x08, 0x76, 0x2D, 0x08, 0x76, 0x60, 0x78, 0x4C, 0xE6, 0x04, 0xFD, 0x7C, 0x03, 0x12, 0x81, 0x26, 0x90, 0x1B,
0x8A, 0xE0, 0xFF, 0xA3, 0xE0, 0xFE, 0x7D, 0x07, 0x7C, 0x03, 0x12, 0x82, 0xD9, 0x90, 0x1B, 0x79, 0x12, 0x0B, 0xC3, 0x90, 0x00, 0x12, 0x12, 0x08, 0xD5, 0x78, 0x36, 0xF6, 0xEB, 0x18, 0xF6, 0x7D,
0x45, 0xE4, 0xFE, 0xFF, 0x12, 0xE0, 0x04, 0x78, 0x4C, 0xEC, 0xF6, 0x78, 0x2A, 0x76, 0x02, 0x08, 0x76, 0x2D, 0x08, 0x76, 0x60, 0x7D, 0x0D, 0x7C, 0x03, 0x12, 0x81, 0x26, 0xE4, 0x78, 0x2A, 0xF6,
0x08, 0xF6, 0x08, 0x76, 0x45, 0x78, 0x4C, 0xE6, 0xF4, 0x24, 0x15, 0xFD, 0x7C, 0x03, 0x12, 0x81, 0x26, 0x78, 0x2A, 0x76, 0x02, 0x08, 0x76, 0x2D, 0x08, 0x76, 0x60, 0x7D, 0x14, 0x7C, 0x03, 0x12,
0x81, 0x26, 0x90, 0x1B, 0x8A, 0xE0, 0xFD, 0xA3, 0xE0, 0x78, 0x35, 0xCD, 0xF6, 0xCD, 0x08, 0xF6, 0x90, 0x1B, 0x79, 0x12, 0x0B, 0xC3, 0x90, 0x00, 0x12, 0x12, 0x08, 0xD5, 0x78, 0x34, 0xF6, 0xEB,
0x18, 0xF6, 0x90, 0x00, 0x10, 0x12, 0x08, 0xD5, 0xFE, 0xEB, 0xFF, 0x7C, 0x02, 0x12, 0x85, 0xDB, 0x90, 0x1B, 0x78, 0xE0, 0x44, 0x01, 0xF0, 0xE4, 0x90, 0x1B, 0x8C, 0xF0, 0x90, 0x09, 0xB8, 0xE0,
0xFD, 0xA3, 0xE0, 0x4D, 0x60, 0x2E, 0x90, 0x1B, 0x79, 0x12, 0x0B, 0xC3, 0x90, 0x00, 0x1D, 0x12, 0x09, 0x22, 0x90, 0x1B, 0x79, 0x12, 0x0B, 0xBA, 0x90, 0x1B, 0x78, 0xE0, 0x54, 0xFE, 0xF0, 0x90,
0x1B, 0x78, 0xE0, 0x44, 0x02, 0xF0, 0x90, 0x0A, 0x1A, 0xE4, 0xF0, 0xA3, 0xF0, 0x90, 0x09, 0xB8, 0xE4, 0xF0, 0xA3, 0xF0, 0x90, 0x09, 0xBC, 0xE0, 0xFD, 0xA3, 0xE0, 0x4D, 0x70, 0x03, 0x02, 0xA8,
0x1F, 0x90, 0x1B, 0x8C, 0xE0, 0x70, 0x03, 0x02, 0xA8, 0x18, 0x7D, 0x02, 0x7C, 0x39, 0x12, 0xE2, 0x35, 0x90, 0x1B, 0x79, 0x12, 0x0B, 0xC3, 0x90, 0x00, 0x0F, 0x12, 0x08, 0x83, 0x25, 0xE0, 0xFA,
0xE4, 0x33, 0xFB, 0x90, 0x00, 0x0D, 0x12, 0x08, 0xC5, 0xF8, 0xEA, 0x28, 0xFA, 0xEB, 0x39, 0xFB, 0xEA, 0x24, 0x08, 0x78, 0x4E, 0xF6, 0xE4, 0x3B, 0x18, 0xF6, 0x90, 0x00, 0x0F, 0x12, 0x08, 0x83,
0x7F, 0x00, 0xFE, 0x90, 0x1B, 0x79, 0x12, 0x0B, 0xCC, 0x90, 0x00, 0x0D, 0x12, 0x08, 0xA5, 0xFC, 0x12, 0xEB, 0xE7, 0xC3, 0xE4, 0x9C, 0xFC, 0xE4, 0x9D, 0xFD, 0x90, 0x1B, 0x8B, 0xE0, 0x2C, 0xFC,
0x90, 0x1B, 0x8A, 0xE0, 0x3D, 0xFD, 0x78, 0x4D, 0xE6, 0xFF, 0x08, 0xE6, 0x90, 0x12, 0xEC, 0x12, 0x0B, 0x9D, 0xA3, 0xE0, 0x2C, 0xF0, 0x12, 0x0B, 0x84, 0xE0, 0x3D, 0xF0, 0x90, 0x1B, 0x79, 0x12,
0x0B, 0xC3, 0x90, 0x00, 0x0F, 0x12, 0x08, 0x83, 0x25, 0xE0, 0xFA, 0xE4, 0x33, 0xFB, 0x90, 0x00, 0x0D, 0x12, 0x08, 0xC5, 0xF8, 0xEA, 0x28, 0xFA, 0xEB, 0x39, 0xFB, 0xEA, 0x90, 0x12, 0xFC, 0x12,
0x0B, 0x93, 0xE0, 0xFF, 0xA3, 0xE0, 0xFE, 0x78, 0x4D, 0xE6, 0xFD, 0x08, 0xE6, 0xFC, 0x12, 0x73, 0xC6, 0x90, 0x1B, 0x79, 0x12, 0x0B, 0xC3, 0x90, 0x00, 0x1D, 0x12, 0x09, 0x22, 0x90, 0x1B, 0x79,
0x12, 0x0B, 0xBA, 0x90, 0x1B, 0x78, 0xE0, 0x44, 0x02, 0xF0, 0x90, 0x1B, 0x78, 0xE0, 0x54, 0xFE, 0xF0, 0x90, 0x0A, 0x1A, 0xE4, 0xF0, 0xA3, 0xF0, 0x90, 0x09, 0xBC, 0xE4, 0xF0, 0xA3, 0xF0, 0x90,
0x0A, 0x2E, 0xE0, 0xFD, 0xA3, 0xE0, 0x4D, 0x60, 0x6A, 0x90, 0x1B, 0x8C, 0xE0, 0x70, 0x1E, 0x74, 0x01, 0x90, 0x1B, 0x8C, 0xF0, 0x90, 0x1B, 0x79, 0x12, 0x0B, 0xC3, 0x90, 0x00, 0x0C, 0x12, 0x08,
0x83, 0x24, 0xD2, 0xFE, 0xE4, 0x34, 0x01, 0xFF, 0x7C, 0x04, 0x12, 0x75, 0xEF, 0x7D, 0x8A, 0x7E, 0x1B, 0x7F, 0x01, 0x12, 0xDF, 0x82, 0x90, 0x1B, 0x8A, 0xE0, 0xFF, 0xA3, 0xE0, 0xFE, 0x7D, 0x07,
0x7C, 0x03, 0x12, 0x82, 0xD9, 0x90, 0x1B, 0x8A, 0xE0, 0xFD, 0xA3, 0xE0, 0x78, 0x35, 0xCD, 0xF6, 0xCD, 0x08, 0xF6, 0x90, 0x1B, 0x79, 0x12, 0x0B, 0xC3, 0x90, 0x00, 0x12, 0x12, 0x08, 0xD5, 0x78,
0x34, 0xF6, 0xEB, 0x18, 0xF6, 0x90, 0x00, 0x10, 0x12, 0x08, 0xD5, 0xFE, 0xEB, 0xFF, 0x7C, 0x02, 0x12, 0x85, 0xDB, 0x22, 0x90, 0x1B, 0x78, 0xE0, 0x30, 0xE2, 0x44, 0x90, 0x1B, 0x79, 0x12, 0x0B,
0xC3, 0x90, 0x00, 0x08, 0x12, 0x08, 0x83, 0xFF, 0x90, 0x1B, 0x79, 0x12, 0x0B, 0xCC, 0x90, 0x00, 0x07, 0x12, 0x08, 0x77, 0xFE, 0x90, 0x00, 0x06, 0x12, 0x08, 0x77, 0xFD, 0x90, 0x00, 0x05, 0x12,
0x08, 0x77, 0xFC, 0x12, 0xD3, 0xBD, 0x90, 0x1B, 0x78, 0xE0, 0x54, 0xFB, 0xF0, 0x90, 0x1B, 0x79, 0x12, 0x0B, 0xC3, 0x90, 0x00, 0x02, 0x12, 0x08, 0x83, 0xB4, 0x1A, 0x03, 0x12, 0xD4, 0x02, 0x90,
0x1B, 0x78, 0xE0, 0x44, 0x02, 0xF0, 0x78, 0x2F, 0x76, 0x01, 0x08, 0x76, 0x09, 0x08, 0x76, 0xA8, 0x90, 0x1B, 0x79, 0x12, 0x0B, 0xC3, 0x90, 0x00, 0x0D, 0x12, 0x08, 0xD5, 0xFC, 0x7D, 0x01, 0x02,
0x81, 0x68, 0x90, 0x1B, 0x78, 0xE0, 0x30, 0xE0, 0x03, 0x02, 0xA9, 0xAF, 0x90, 0x1B, 0x79, 0x12, 0x0B, 0xC3, 0x90, 0x00, 0x08, 0x12, 0x08, 0x83, 0xFF, 0x90, 0x1B, 0x79, 0x12, 0x0B, 0xCC, 0x90,
0x00, 0x07, 0x12, 0x08, 0x77, 0xFE, 0x90, 0x00, 0x06, 0x12, 0x08, 0x77, 0xFD, 0x90, 0x00, 0x05, 0x12, 0x08, 0x77, 0xFC, 0x12, 0xD3, 0xBD, 0x78, 0x2A, 0x76, 0x02, 0x08, 0x76, 0x2D, 0x08, 0x76,
0x62, 0x7D, 0x02, 0x7C, 0x03, 0x12, 0x81, 0x26, 0xE4, 0x90, 0x1B, 0x8F, 0xF0, 0x90, 0x1B, 0x8F, 0xE0, 0x24, 0xF9, 0x40, 0x2F, 0x90, 0x1B, 0x8F, 0xE0, 0xFF, 0x04, 0x25, 0xE0, 0x24, 0xA6, 0xF5,
0x82, 0xE4, 0x34, 0x09, 0xF5, 0x83, 0xE0, 0xFD, 0xA3, 0xE0, 0xFC, 0xEF, 0x25, 0xE0, 0x24, 0x91, 0xF5, 0x82, 0xE4, 0x34, 0x1B, 0xF5, 0x83, 0xED, 0xF0, 0xA3, 0xEC, 0xF0, 0x0F, 0xEF, 0x90, 0x1B,
0x8F, 0xF0, 0x80, 0xC9, 0x90, 0x09, 0xB5, 0xE0, 0x90, 0x1B, 0x8D, 0xF0, 0xE4, 0x90, 0x1B, 0x90, 0xF0, 0x74, 0x02, 0x90, 0x1B, 0x8E, 0xF0, 0x78, 0x2F, 0x76, 0x01, 0x08, 0x76, 0x1B, 0x08, 0x76,
0x91, 0x7D, 0x01, 0x7C, 0x02, 0x12, 0x81, 0x68, 0x90, 0x1B, 0x78, 0xE0, 0x44, 0x01, 0xF0, 0x90, 0x09, 0xB8, 0xE0, 0xFD, 0xA3, 0xE0, 0x4D, 0x60, 0x27, 0x90, 0x1B, 0x79, 0x12, 0x0B, 0xC3, 0x90,
0x00, 0x1D, 0x12, 0x09, 0x22, 0x90, 0x1B, 0x79, 0x12, 0x0B, 0xBA, 0x90, 0x1B, 0x78, 0xE0, 0x54, 0xFE, 0xF0, 0x90, 0x1B, 0x78, 0xE0, 0x44, 0x02, 0xF0, 0x90, 0x09, 0xB8, 0xE4, 0xF0, 0xA3, 0xF0,
0x90, 0x09, 0xBB, 0xE0, 0x30, 0xE0, 0x0C, 0x90, 0x1B, 0x90, 0xE0, 0x60, 0x06, 0x90, 0x1B, 0x90, 0xE0, 0x14, 0xF0, 0x90, 0x09, 0xBC, 0xE0, 0xFD, 0xA3, 0xE0, 0x4D, 0x60, 0x73, 0x90, 0x1B, 0x90,
0xE0, 0xB4, 0x06, 0x66, 0x7D, 0x02, 0x7C, 0x39, 0x12, 0xE2, 0x35, 0xE4, 0x90, 0x1B, 0x8F, 0xF0, 0x90, 0x1B, 0x8F, 0xE0, 0x24, 0xF9, 0x40, 0x2F, 0x90, 0x1B, 0x8F, 0xE0, 0xFF, 0x25, 0xE0, 0x24,
0x91, 0xF5, 0x82, 0xE4, 0x34, 0x1B, 0xF5, 0x83, 0xE0, 0xFD, 0xA3, 0xE0, 0xFC, 0xEF, 0x04, 0x25, 0xE0, 0x24, 0xA6, 0xF5, 0x82, 0xE4, 0x34, 0x09, 0xF5, 0x83, 0xED, 0xF0, 0xA3, 0xEC, 0xF0, 0x0F,
0xEF, 0x90, 0x1B, 0x8F, 0xF0, 0x80, 0xC9, 0x12, 0x6C, 0xB4, 0x90, 0x1B, 0x79, 0x12, 0x0B, 0xC3, 0x90, 0x00, 0x1D, 0x12, 0x09, 0x22, 0x90, 0x1B, 0x79, 0x12, 0x0B, 0xBA, 0x90, 0x1B, 0x78, 0xE0,
0x44, 0x02, 0xF0, 0x90, 0x1B, 0x78, 0xE0, 0x54, 0xFE, 0xF0, 0x90, 0x1B, 0x90, 0xE0, 0x04, 0xF0, 0x90, 0x09, 0xBA, 0xE0, 0xFD, 0xA3, 0xE0, 0x4D, 0x70, 0x0D, 0x90, 0x09, 0xBC, 0xE0, 0xFD, 0xA3,
0xE0, 0x4D, 0x70, 0x03, 0x02, 0xAB, 0x77, 0x78, 0x2A, 0x76, 0x02, 0x08, 0x76, 0x2D, 0x08, 0x76, 0x65, 0x7D, 0x02, 0x7C, 0x03, 0x12, 0x81, 0x26, 0x90, 0x1B, 0x90, 0xE0, 0x12, 0x06, 0x68, 0x00,
0x06, 0xAB, 0x4D, 0xAA, 0xB1, 0xAA, 0xCB, 0xAA, 0xE4, 0xAA, 0xF4, 0xAB, 0x04, 0xAB, 0x14, 0xAB, 0x2D, 0x7F, 0x01, 0x7E, 0xD8, 0x7C, 0x04, 0x12, 0x75, 0xEF, 0x90, 0x1B, 0x9E, 0xE0, 0x90, 0x1B,
0x8D, 0xF0, 0x74, 0x02, 0x90, 0x1B, 0x8E, 0xF0, 0x02, 0xAB, 0x55, 0x7F, 0x01, 0x7E, 0xD9, 0x7C, 0x04, 0x12, 0x75, 0xEF, 0x90, 0x1B, 0x9A, 0xE0, 0x90, 0x1B, 0x8D, 0xF0, 0x74, 0x04, 0x90, 0x1B,
0x8E, 0xF0, 0x80, 0x71, 0x90, 0x1B, 0x98, 0xE0, 0x90, 0x1B, 0x8D, 0xF0, 0x74, 0x06, 0x90, 0x1B, 0x8E, 0xF0, 0x80, 0x61, 0x90, 0x1B, 0x96, 0xE0, 0x90, 0x1B, 0x8D, 0xF0, 0x74, 0x09, 0x90, 0x1B,
0x8E, 0xF0, 0x80, 0x51, 0x90, 0x1B, 0x94, 0xE0, 0x90, 0x1B, 0x8D, 0xF0, 0x74, 0x0C, 0x90, 0x1B, 0x8E, 0xF0, 0x80, 0x41, 0x7F, 0x01, 0x7E, 0xD9, 0x7C, 0x04, 0x12, 0x75, 0xEF, 0x90, 0x1B, 0x92,
0xE0, 0x90, 0x1B, 0x8D, 0xF0, 0x74, 0x0F, 0x90, 0x1B, 0x8E, 0xF0, 0x80, 0x28, 0x90, 0x1B, 0x78, 0xE0, 0x30, 0xE0, 0x17, 0x7F, 0x01, 0x7E, 0xDA, 0x7C, 0x04, 0x12, 0x75, 0xEF, 0x90, 0x1B, 0x9C,
0xE0, 0x90, 0x1B, 0x8D, 0xF0, 0x74, 0x12, 0x90, 0x1B, 0x8E, 0xF0, 0x80, 0x08, 0x74, 0x15, 0x90, 0x1B, 0x8E, 0xF0, 0x80, 0x00, 0x78, 0x2A, 0x76, 0x02, 0x08, 0x76, 0x2D, 0x08, 0x76, 0x62, 0x90,
0x1B, 0x8E, 0xE0, 0xFD, 0x7C, 0x03, 0x12, 0x81, 0x26, 0x90, 0x09, 0xBA, 0xE4, 0xF0, 0xA3, 0xF0, 0x90, 0x09, 0xBC, 0xE4, 0xF0, 0xA3, 0xF0, 0x90, 0x0A, 0x2E, 0xE0, 0xFD, 0xA3, 0xE0, 0x4D, 0x70,
0x03, 0x02, 0xAD, 0x1C, 0x90, 0x1B, 0x90, 0xE0, 0x12, 0x06, 0x68, 0x00, 0x06, 0xAC, 0xD5, 0xAB, 0x9D, 0xAB, 0xCA, 0xAB, 0xF7, 0xAC, 0x24, 0xAC, 0x51, 0xAC, 0x7D, 0xAC, 0xA9, 0x90, 0x1B, 0x8D,
0xE0, 0x90, 0x0A, 0x2F, 0xE0, 0xFD, 0x90, 0x1B, 0x8D, 0xE0, 0xFC, 0x7F, 0x99, 0x7E, 0x00, 0x12, 0x6D, 0x54, 0x90, 0x1B, 0x8D, 0xE0, 0xFF, 0xEC, 0x90, 0x1B, 0x8D, 0xF0, 0x33, 0x95, 0xE0, 0x90,
0x1B, 0x9D, 0xF0, 0xA3, 0xCC, 0xF0, 0xCC, 0x02, 0xAC, 0xD5, 0x90, 0x1B, 0x8D, 0xE0, 0x90, 0x0A, 0x2F, 0xE0, 0xFD, 0x90, 0x1B, 0x8D, 0xE0, 0xFC, 0x7F, 0x12, 0x7E, 0x01, 0x12, 0x6D, 0x54, 0x90,
0x1B, 0x8D, 0xE0, 0xFF, 0xEC, 0x90, 0x1B, 0x8D, 0xF0, 0x33, 0x95, 0xE0, 0x90, 0x1B, 0x99, 0xF0, 0xA3, 0xCC, 0xF0, 0xCC, 0x02, 0xAC, 0xD5, 0x90, 0x1B, 0x8D, 0xE0, 0x90, 0x0A, 0x2F, 0xE0, 0xFD,
0x90, 0x1B, 0x8D, 0xE0, 0xFC, 0x7F, 0x31, 0x7E, 0x01, 0x12, 0x6D, 0x54, 0x90, 0x1B, 0x8D, 0xE0, 0xFF, 0xEC, 0x90, 0x1B, 0x8D, 0xF0, 0x33, 0x95, 0xE0, 0x90, 0x1B, 0x97, 0xF0, 0xA3, 0xCC, 0xF0,
0xCC, 0x02, 0xAC, 0xD5, 0x90, 0x1B, 0x8D, 0xE0, 0x90, 0x0A, 0x2F, 0xE0, 0xFD, 0x90, 0x1B, 0x8D, 0xE0, 0xFC, 0x7F, 0x23, 0x7E, 0x00, 0x12, 0x6D, 0x54, 0x90, 0x1B, 0x8D, 0xE0, 0xFF, 0xEC, 0x90,
0x1B, 0x8D, 0xF0, 0x33, 0x95, 0xE0, 0x90, 0x1B, 0x95, 0xF0, 0xA3, 0xCC, 0xF0, 0xCC, 0x02, 0xAC, 0xD5, 0x90, 0x1B, 0x8D, 0xE0, 0x90, 0x0A, 0x2F, 0xE0, 0xFD, 0x90, 0x1B, 0x8D, 0xE0, 0xFC, 0x7F,
0x59, 0x7E, 0x00, 0x12, 0x6D, 0x54, 0x90, 0x1B, 0x8D, 0xE0, 0xFF, 0xEC, 0x90, 0x1B, 0x8D, 0xF0, 0x33, 0x95, 0xE0, 0x90, 0x1B, 0x93, 0xF0, 0xA3, 0xCC, 0xF0, 0xCC, 0x80, 0x58, 0x90, 0x1B, 0x8D,
0xE0, 0x90, 0x0A, 0x2F, 0xE0, 0xFD, 0x90, 0x1B, 0x8D, 0xE0, 0xFC, 0x7F, 0x59, 0x7E, 0x00, 0x12, 0x6D, 0x54, 0x90, 0x1B, 0x8D, 0xE0, 0xFF, 0xEC, 0x90, 0x1B, 0x8D, 0xF0, 0x33, 0x95, 0xE0, 0x90,
0x1B, 0x91, 0xF0, 0xA3, 0xCC, 0xF0, 0xCC, 0x80, 0x2C, 0x90, 0x1B, 0x8D, 0xE0, 0x90, 0x0A, 0x2F, 0xE0, 0xFD, 0x90, 0x1B, 0x8D, 0xE0, 0xFC, 0x7F, 0x07, 0x7E, 0x01, 0x12, 0x6D, 0x54, 0x90, 0x1B,
0x8D, 0xE0, 0xFF, 0xEC, 0x90, 0x1B, 0x8D, 0xF0, 0x33, 0x95, 0xE0, 0x90, 0x1B, 0x9B, 0xF0, 0xA3, 0xCC, 0xF0, 0xCC, 0x80, 0x00, 0xD3, 0x90, 0x0A, 0x2F, 0xE0, 0x94, 0x00, 0x90, 0x0A, 0x2E, 0xE0,
0x64, 0x80, 0x94, 0x80, 0x40, 0x10, 0x90, 0x0A, 0x2F, 0xE0, 0x24, 0xFF, 0xF0, 0x90, 0x0A, 0x2E, 0xE0, 0x34, 0xFF, 0xF0, 0x80, 0x15, 0x90, 0x0A, 0x2E, 0xE0, 0x33, 0x50, 0x0E, 0x90, 0x0A, 0x2F,
0xE0, 0x04, 0xF0, 0x90, 0x0A, 0x2E, 0x70, 0x03, 0xE0, 0x04, 0xF0, 0x78, 0x2F, 0x76, 0x01, 0x08, 0x76, 0x1B, 0x08, 0x76, 0x91, 0x7D, 0x01, 0x7C, 0x02, 0x12, 0x81, 0x68, 0x22, 0x78, 0x39, 0xEC,
0xF6, 0x75, 0xF0, 0x03, 0xA4, 0x24, 0x56, 0xFC, 0xE4, 0x34, 0x09, 0xFE, 0xEC, 0xFD, 0x7F, 0x01, 0x78, 0x2A, 0x12, 0x0B, 0x3C, 0x7D, 0x01, 0x7C, 0x02, 0x12, 0x81, 0x26, 0x90, 0x1B, 0x79, 0x12,
0x0B, 0xC3, 0x90, 0x00, 0x0D, 0x12, 0x08, 0xD5, 0xFA, 0x78, 0x39, 0xE6, 0x79, 0x00, 0xF8, 0xEA, 0x28, 0xFA, 0xEB, 0x39, 0xFB, 0xEA, 0x90, 0x13, 0xFA, 0x12, 0x0B, 0x93, 0xE0, 0xFB, 0xA3, 0xE0,
0x4B, 0x60, 0x02, 0x74, 0x01, 0xFC, 0x78, 0x39, 0xE6, 0x25, 0xE0, 0x2C, 0x24, 0x6B, 0xF5, 0x82, 0xE4, 0x34, 0x09, 0xF5, 0x83, 0xE0, 0xFE, 0x7D, 0x01, 0x7C, 0x02, 0x12, 0x81, 0x17, 0x90, 0x1B,
0x79, 0x12, 0x0B, 0xC3, 0x90, 0x00, 0x0D, 0x12, 0x08, 0xD5, 0xFA, 0x78, 0x39, 0xE6, 0x79, 0x00, 0xF8, 0xEA, 0x28, 0xFA, 0xEB, 0x39, 0xFB, 0xEA, 0x90, 0x14, 0x24, 0x12, 0x0B, 0x93, 0xA3, 0xE0,
0xFC, 0x7D, 0x2D, 0xE4, 0xFE, 0xFF, 0x12, 0x6D, 0x0E, 0x78, 0x2F, 0x76, 0x3A, 0x90, 0x1B, 0x79, 0x12, 0x0B, 0xC3, 0x90, 0x00, 0x0D, 0x12, 0x08, 0xD5, 0xFA, 0x78, 0x39, 0xE6, 0x79, 0x00, 0xF8,
0xEA, 0x28, 0xFA, 0xEB, 0x39, 0xFB, 0xEA, 0x90, 0x14, 0x4E, 0x12, 0x0B, 0x93, 0xA3, 0xE0, 0xFC, 0x7D, 0x30, 0xE4, 0xFE, 0xFF, 0x12, 0x6D, 0x0E, 0x78, 0x32, 0x76, 0x2D, 0x90, 0x1B, 0x79, 0x12,
0x0B, 0xC3, 0x90, 0x00, 0x0D, 0x12, 0x08, 0xD5, 0xFA, 0x78, 0x39, 0xE6, 0x79, 0x00, 0xF8, 0xEA, 0x28, 0xFA, 0xEB, 0x39, 0xFB, 0xEA, 0x90, 0x14, 0x78, 0x12, 0x0B, 0x93, 0xA3, 0xE0, 0xFC, 0x7D,
0x33, 0xE4, 0xFE, 0xFF, 0x12, 0x6D, 0x0E, 0x78, 0x35, 0x76, 0x3A, 0x90, 0x1B, 0x79, 0x12, 0x0B, 0xC3, 0x90, 0x00, 0x0D, 0x12, 0x08, 0xD5, 0xFA, 0x78, 0x39, 0xE6, 0x7D, 0x00, 0xFC, 0xEA, 0x2C,
0xFA, 0xEB, 0x3D, 0xFB, 0xEA, 0x90, 0x14, 0xA2, 0x12, 0x0B, 0x93, 0xA3, 0xE0, 0xFC, 0x7D, 0x36, 0xE4, 0xFE, 0xFF, 0x12, 0x6D, 0x0E, 0x78, 0x38, 0x76, 0x00, 0xE4, 0x78, 0x2A, 0xF6, 0x08, 0xF6,
0x08, 0x76, 0x2D, 0x7D, 0x09, 0x7C, 0x02, 0x12, 0x81, 0x26, 0x78, 0x39, 0xE6, 0x04, 0x44, 0x30, 0xFE, 0x7D, 0x14, 0x7C, 0x01, 0x02, 0x81, 0x17, 0x90, 0x1B, 0x78, 0xE0, 0x20, 0xE0, 0x7A, 0x90,
0x1B, 0x79, 0x12, 0x0B, 0xC3, 0x90, 0x00, 0x08, 0x12, 0x08, 0x83, 0xFF, 0x90, 0x1B, 0x79, 0x12, 0x0B, 0xCC, 0x90, 0x00, 0x07, 0x12, 0x08, 0x77, 0xFE, 0x90, 0x00, 0x06, 0x12, 0x08, 0x77, 0xFD,
0x90, 0x00, 0x05, 0x12, 0x08, 0x77, 0xFC, 0x12, 0xD3, 0xBD, 0x90, 0x3C, 0xFC, 0xE0, 0xFC, 0x12, 0xAD, 0x1D, 0x90, 0x1B, 0x79, 0x12, 0x0B, 0xC3, 0x90, 0x00, 0x0D, 0x12, 0x08, 0xD5, 0xFA, 0x90,
0x3C, 0xFC, 0xE0, 0xFC, 0x33, 0x95, 0xE0, 0xFD, 0xEA, 0x2C, 0xFA, 0xEB, 0x3D, 0xFB, 0xEA, 0x90, 0x13, 0xFA, 0x12, 0x0B, 0x93, 0xE0, 0xFD, 0xA3, 0xE0, 0x4D, 0x70, 0x11, 0x78, 0x2A, 0x76, 0x02,
0x08, 0x76, 0x2D, 0x08, 0x76, 0x3A, 0x7D, 0x01, 0x7C, 0x03, 0x12, 0x81, 0x26, 0x90, 0x1B, 0x78, 0xE0, 0x44, 0x01, 0xF0, 0xE4, 0x90, 0x1B, 0x7E, 0xF0, 0x90, 0x1B, 0x78, 0xE0, 0x30, 0xE1, 0x07,
0x90, 0x1B, 0x78, 0xE0, 0x54, 0xFD, 0xF0, 0x90, 0x1B, 0x7E, 0xE0, 0x60, 0x03, 0x02, 0xB0, 0x1C, 0x90, 0x09, 0xB8, 0xE0, 0xFD, 0xA3, 0xE0, 0x4D, 0x60, 0x08, 0xE4, 0x90, 0x3C, 0xFC, 0xF0, 0x12,
0xD3, 0x8E, 0x90, 0x09, 0xBA, 0xE0, 0xFD, 0xA3, 0xE0, 0x4D, 0x60, 0x07, 0x90, 0x09, 0xBA, 0xE4, 0xF0, 0xA3, 0xF0, 0x90, 0x09, 0xBC, 0xE0, 0xFD, 0xA3, 0xE0, 0x4D, 0x60, 0x1C, 0x74, 0x01, 0x90,
0x1B, 0x7E, 0xF0, 0x90, 0x1B, 0x78, 0xE0, 0x54, 0xFE, 0xF0, 0x90, 0x09, 0xBC, 0xE4, 0xF0, 0xA3, 0xF0, 0x90, 0x3C, 0xFC, 0xE0, 0xFC, 0x12, 0xB0, 0x25, 0x90, 0x0A, 0x2E, 0xE0, 0xFD, 0xA3, 0xE0,
0x4D, 0x60, 0x70, 0x90, 0x0A, 0x2F, 0xE0, 0x90, 0x3C, 0xFC, 0xFC, 0xE0, 0x2C, 0x90, 0x3C, 0xFC, 0xF0, 0x64, 0x80, 0x24, 0x79, 0x50, 0x06, 0x74, 0x06, 0x90, 0x3C, 0xFC, 0xF0, 0x90, 0x3C, 0xFC,
0xE0, 0x33, 0x50, 0x05, 0xE4, 0x90, 0x3C, 0xFC, 0xF0, 0x90, 0x3C, 0xFC, 0xE0, 0xFC, 0x12, 0xAD, 0x1D, 0x90, 0x1B, 0x79, 0x12, 0x0B, 0xC3, 0x90, 0x00, 0x0D, 0x12, 0x08, 0xD5, 0xFA, 0x90, 0x3C,
0xFC, 0xE0, 0xFC, 0x33, 0x95, 0xE0, 0xFD, 0xEA, 0x2C, 0xFA, 0xEB, 0x3D, 0xFB, 0xEA, 0x90, 0x13, 0xFA, 0x12, 0x0B, 0x93, 0xE0, 0xFD, 0xA3, 0xE0, 0x4D, 0x70, 0x11, 0x78, 0x2A, 0x76, 0x02, 0x08,
0x76, 0x2D, 0x08, 0x76, 0x3A, 0x7D, 0x01, 0x7C, 0x03, 0x12, 0x81, 0x26, 0x90, 0x0A, 0x2E, 0xE4, 0xF0, 0xA3, 0xF0, 0x90, 0x1B, 0x79, 0x12, 0x0B, 0xC3, 0x90, 0x00, 0x0D, 0x12, 0x08, 0xD5, 0xFA,
0x90, 0x3C, 0xFC, 0xE0, 0xFC, 0x33, 0x95, 0xE0, 0xFD, 0xEA, 0x2C, 0xFA, 0xEB, 0x3D, 0xFB, 0xEA, 0x90, 0x13, 0xFA, 0x12, 0x0B, 0x93, 0xE0, 0xFD, 0xA3, 0xE0, 0x4D, 0x60, 0x3D, 0x90, 0x1B, 0x79,
0x12, 0x0B, 0xC3, 0x90, 0x00, 0x0D, 0x12, 0x08, 0xD5, 0xFC, 0x90, 0x3C, 0xFC, 0xE0, 0x2C, 0xFC, 0x12, 0xF5, 0xF4, 0xEC, 0x60, 0x13, 0x78, 0x2A, 0x76, 0x01, 0x08, 0x76, 0x09, 0x08, 0x76, 0x83,
0x7D, 0x01, 0x7C, 0x03, 0x12, 0x81, 0x26, 0x80, 0x11, 0x78, 0x2A, 0x76, 0x01, 0x08, 0x76, 0x09, 0x08, 0x76, 0x79, 0x7D, 0x01, 0x7C, 0x03, 0x12, 0x81, 0x26, 0x80, 0x08, 0x90, 0x3C, 0xFC, 0xE0,
0xFC, 0x12, 0xB0, 0x25, 0x22, 0x78, 0x5F, 0xEC, 0xF6, 0x90, 0x1B, 0x78, 0xE0, 0x30, 0xE0, 0x03, 0x02, 0xB0, 0xEF, 0x78, 0x5F, 0xE6, 0xFC, 0x12, 0xAD, 0x1D, 0x90, 0x1B, 0x79, 0x12, 0x0B, 0xC3,
0x90, 0x00, 0x0D, 0x12, 0x08, 0xD5, 0xFA, 0x78, 0x5F, 0xE6, 0x79, 0x00, 0xF8, 0xEA, 0x28, 0xFA, 0xEB, 0x39, 0xFB, 0xEA, 0x90, 0x13, 0xFA, 0x12, 0x0B, 0x93, 0xA3, 0xE0, 0x90, 0x1B, 0xA0, 0xF0,
0x90, 0x00, 0x0D, 0x12, 0x08, 0xD5, 0xFA, 0x78, 0x5F, 0xE6, 0x79, 0x00, 0xF8, 0xEA, 0x28, 0xFA, 0xEB, 0x39, 0xFB, 0xEA, 0x90, 0x14, 0x24, 0x12, 0x0B, 0x93, 0xA3, 0xE0, 0x90, 0x1B, 0xA1, 0xF0,
0x90, 0x00, 0x0D, 0x12, 0x08, 0xD5, 0xFA, 0x78, 0x5F, 0xE6, 0x79, 0x00, 0xF8, 0xEA, 0x28, 0xFA, 0xEB, 0x39, 0xFB, 0xEA, 0x90, 0x14, 0x4E, 0x12, 0x0B, 0x93, 0xA3, 0xE0, 0x90, 0x1B, 0xA2, 0xF0,
0x90, 0x00, 0x0D, 0x12, 0x08, 0xD5, 0xFA, 0x78, 0x5F, 0xE6, 0x79, 0x00, 0xF8, 0xEA, 0x28, 0xFA, 0xEB, 0x39, 0xFB, 0xEA, 0x90, 0x14, 0x78, 0x12, 0x0B, 0x93, 0xA3, 0xE0, 0x90, 0x1B, 0xA3, 0xF0,
0x90, 0x00, 0x0D, 0x12, 0x08, 0xD5, 0xFA, 0x78, 0x5F, 0xE6, 0x7D, 0x00, 0xFC, 0xEA, 0x2C, 0xFA, 0xEB, 0x3D, 0xFB, 0xEA, 0x90, 0x14, 0xA2, 0x12, 0x0B, 0x93, 0xA3, 0xE0, 0x90, 0x1B, 0xA4, 0xF0,
0x78, 0x5F, 0xE6, 0x04, 0x90, 0x1B, 0x9F, 0xF0, 0x90, 0x1B, 0x78, 0xE0, 0x44, 0x01, 0xF0, 0x90, 0x09, 0xB8, 0xE0, 0xFD, 0xA3, 0xE0, 0x4D, 0x60, 0x15, 0x90, 0x1B, 0x78, 0xE0, 0x54, 0xFE, 0xF0,
0x90, 0x1B, 0x78, 0xE0, 0x44, 0x02, 0xF0, 0x90, 0x09, 0xB8, 0xE4, 0xF0, 0xA3, 0xF0, 0x90, 0x09, 0xBB, 0xE0, 0x30, 0xE0, 0x23, 0x90, 0x1B, 0x9F, 0xE0, 0xB4, 0x08, 0x08, 0x74, 0x01, 0x90, 0x1B,
0x9F, 0xF0, 0x80, 0x0D, 0x90, 0x1B, 0x9F, 0xE0, 0x14, 0x60, 0x06, 0x90, 0x1B, 0x9F, 0xE0, 0x14, 0xF0, 0x90, 0x09, 0xBA, 0xE4, 0xF0, 0xA3, 0xF0, 0x90, 0x09, 0xBC, 0xE0, 0xFD, 0xA3, 0xE0, 0x4D,
0x70, 0x03, 0x02, 0xB3, 0x36, 0x90, 0x1B, 0x9F, 0xE0, 0xB4, 0x0B, 0x02, 0x80, 0x03, 0x02, 0xB3, 0x19, 0x7D, 0x02, 0x7C, 0x39, 0x12, 0xE2, 0x35, 0x12, 0x8B, 0x95, 0x90, 0x1B, 0xA0, 0xE0, 0x7D,
0x00, 0xFC, 0x90, 0x1B, 0x79, 0x12, 0x0B, 0xCC, 0x90, 0x00, 0x0D, 0x12, 0x08, 0xB5, 0xFE, 0x78, 0x5F, 0xE6, 0x7B, 0x00, 0xFA, 0xEE, 0x2A, 0xFE, 0xEF, 0x3B, 0xFF, 0xEE, 0x90, 0x13, 0xFA, 0x12,
0x0B, 0x9D, 0xED, 0xF0, 0xA3, 0xEC, 0xF0, 0x90, 0x1B, 0xA0, 0xE0, 0x7F, 0x00, 0xFE, 0x90, 0x1B, 0x79, 0x12, 0x0B, 0xCC, 0x90, 0x00, 0x0D, 0x12, 0x08, 0xA5, 0xFC, 0x78, 0x5F, 0xE6, 0xFA, 0xEC,
0x2A, 0xFC, 0xED, 0x34, 0x00, 0xFD, 0xEC, 0x24, 0x87, 0xFC, 0xE4, 0x3D, 0xFD, 0x12, 0x73, 0xC6, 0x90, 0x1B, 0xA1, 0xE0, 0x7D, 0x00, 0xFC, 0x90, 0x1B, 0x79, 0x12, 0x0B, 0xCC, 0x90, 0x00, 0x0D,
0x12, 0x08, 0xB5, 0xFE, 0x78, 0x5F, 0xE6, 0x7B, 0x00, 0xFA, 0xEE, 0x2A, 0xFE, 0xEF, 0x3B, 0xFF, 0xEE, 0x90, 0x14, 0x24, 0x12, 0x0B, 0x9D, 0xED, 0xF0, 0xA3, 0xEC, 0xF0, 0x90, 0x1B, 0xA1, 0xE0,
0x7F, 0x00, 0xFE, 0x90, 0x1B, 0x79, 0x12, 0x0B, 0xCC, 0x90, 0x00, 0x0D, 0x12, 0x08, 0xA5, 0xFC, 0x78, 0x5F, 0xE6, 0xFA, 0xEC, 0x2A, 0xFC, 0xED, 0x34, 0x00, 0xFD, 0xEC, 0x24, 0x9C, 0xFC, 0xE4,
0x3D, 0xFD, 0x12, 0x73, 0xC6, 0x90, 0x1B, 0xA2, 0xE0, 0x7D, 0x00, 0xFC, 0x90, 0x1B, 0x79, 0x12, 0x0B, 0xCC, 0x90, 0x00, 0x0D, 0x12, 0x08, 0xB5, 0xFE, 0x78, 0x5F, 0xE6, 0x7B, 0x00, 0xFA, 0xEE,
0x2A, 0xFE, 0xEF, 0x3B, 0xFF, 0xEE, 0x90, 0x14, 0x4E, 0x12, 0x0B, 0x9D, 0xED, 0xF0, 0xA3, 0xEC, 0xF0, 0x90, 0x1B, 0xA2, 0xE0, 0x7F, 0x00, 0xFE, 0x90, 0x1B, 0x79, 0x12, 0x0B, 0xCC, 0x90, 0x00,
0x0D, 0x12, 0x08, 0xA5, 0xFC, 0x78, 0x5F, 0xE6, 0xFA, 0xEC, 0x2A, 0xFC, 0xED, 0x34, 0x00, 0xFD, 0xEC, 0x24, 0xB1, 0xFC, 0xE4, 0x3D, 0xFD, 0x12, 0x73, 0xC6, 0x90, 0x1B, 0xA3, 0xE0, 0x7D, 0x00,
0xFC, 0x90, 0x1B, 0x79, 0x12, 0x0B, 0xCC, 0x90, 0x00, 0x0D, 0x12, 0x08, 0xB5, 0xFE, 0x78, 0x5F, 0xE6, 0x7B, 0x00, 0xFA, 0xEE, 0x2A, 0xFE, 0xEF, 0x3B, 0xFF, 0xEE, 0x90, 0x14, 0x78, 0x12, 0x0B,
0x9D, 0xED, 0xF0, 0xA3, 0xEC, 0xF0, 0x90, 0x1B, 0xA3, 0xE0, 0x7F, 0x00, 0xFE, 0x90, 0x1B, 0x79, 0x12, 0x0B, 0xCC, 0x90, 0x00, 0x0D, 0x12, 0x08, 0xA5, 0xFC, 0x78, 0x5F, 0xE6, 0xFA, 0xEC, 0x2A,
0xFC, 0xED, 0x34, 0x00, 0xFD, 0xEC, 0x24, 0xC6, 0xFC, 0xE4, 0x3D, 0xFD, 0x12, 0x73, 0xC6, 0x90, 0x1B, 0xA4, 0xE0, 0x7D, 0x00, 0xFC, 0x90, 0x1B, 0x79, 0x12, 0x0B, 0xCC, 0x90, 0x00, 0x0D, 0x12,
0x08, 0xB5, 0xFE, 0x78, 0x5F, 0xE6, 0x7B, 0x00, 0xFA, 0xEE, 0x2A, 0xFE, 0xEF, 0x3B, 0xFF, 0xEE, 0x90, 0x14, 0xA2, 0x12, 0x0B, 0x9D, 0xED, 0xF0, 0xA3, 0xEC, 0xF0, 0x90, 0x1B, 0xA4, 0xE0, 0x7F,
0x00, 0xFE, 0x90, 0x1B, 0x79, 0x12, 0x0B, 0xCC, 0x90, 0x00, 0x0D, 0x12, 0x08, 0xA5, 0xFC, 0x78, 0x5F, 0xE6, 0xFA, 0xEC, 0x2A, 0xFC, 0xED, 0x34, 0x00, 0xFD, 0xEC, 0x24, 0xDB, 0xFC, 0xE4, 0x3D,
0xFD, 0x12, 0x73, 0xC6, 0x90, 0x1B, 0x78, 0xE0, 0x44, 0x02, 0xF0, 0xE4, 0x90, 0x1B, 0x7E, 0xF0, 0x90, 0x1B, 0x78, 0xE0, 0x54, 0xFE, 0xF0, 0x80, 0x16, 0x90, 0x1B, 0x9F, 0xE0, 0x24, 0xF8, 0x40,
0x08, 0x74, 0x08, 0x90, 0x1B, 0x9F, 0xF0, 0x80, 0x06, 0x90, 0x1B, 0x9F, 0xE0, 0x04, 0xF0, 0x90, 0x09, 0xBC, 0xE4, 0xF0, 0xA3, 0xF0, 0x90, 0x1B, 0x7E, 0xE0, 0x70, 0x03, 0x02, 0xB4, 0x0B, 0x90,
0x1B, 0x9F, 0xE0, 0xB4, 0x01, 0x00, 0x40, 0x22, 0xB4, 0x08, 0x00, 0x50, 0x1D, 0x78, 0x2A, 0x76, 0x02, 0x08, 0x76, 0x2D, 0x08, 0x76, 0x78, 0x7D, 0x01, 0x7C, 0x03, 0x12, 0x81, 0x26, 0x7F, 0x01,
0x7E, 0xD8, 0x7C, 0x04, 0x12, 0x75, 0xEF, 0x02, 0xB4, 0x0B, 0xB4, 0x08, 0x02, 0x80, 0x03, 0xD3, 0x40, 0x1C, 0x78, 0x2A, 0x76, 0x02, 0x08, 0x76, 0x2D, 0x08, 0x76, 0x8D, 0x7D, 0x01, 0x7C, 0x03,
0x12, 0x81, 0x26, 0x7F, 0x01, 0x7E, 0xD9, 0x7C, 0x04, 0x12, 0x75, 0xEF, 0x80, 0x7D, 0xB4, 0x09, 0x02, 0x80, 0x03, 0xD3, 0x40, 0x13, 0x78, 0x2A, 0x76, 0x02, 0x08, 0x76, 0x2D, 0x08, 0x76, 0xA2,
0x7D, 0x01, 0x7C, 0x03, 0x12, 0x81, 0x26, 0x80, 0x62, 0xB4, 0x0A, 0x02, 0x80, 0x03, 0xD3, 0x40, 0x1C, 0x78, 0x2A, 0x76, 0x02, 0x08, 0x76, 0x2D, 0x08, 0x76, 0xB7, 0x7D, 0x01, 0x7C, 0x03, 0x12,
0x81, 0x26, 0x7F, 0x01, 0x7E, 0xD9, 0x7C, 0x04, 0x12, 0x75, 0xEF, 0x80, 0x3E, 0xB4, 0x0B, 0x02, 0x80, 0x03, 0xD3, 0x40, 0x23, 0x90, 0x1B, 0x78, 0xE0, 0x30, 0xE0, 0x1A, 0x78, 0x2A, 0x76, 0x02,
0x08, 0x76, 0x2D, 0x08, 0x76, 0xCC, 0x7D, 0x01, 0x7C, 0x03, 0x12, 0x81, 0x26, 0x7F, 0x01, 0x7E, 0xDA, 0x7C, 0x04, 0x12, 0x75, 0xEF, 0x80, 0x13, 0x78, 0x2A, 0x76, 0x02, 0x08, 0x76, 0x2D, 0x08,
0x76, 0xE1, 0x7D, 0x01, 0x7C, 0x03, 0x12, 0x81, 0x26, 0x80, 0x00, 0x78, 0x5F, 0xE6, 0xFC, 0x74, 0x01, 0x0C, 0x80, 0x02, 0x25, 0xE0, 0xDC, 0xFC, 0x78, 0x52, 0xF6, 0x78, 0x55, 0x76, 0x00, 0x90,
0x0A, 0x2E, 0xE0, 0xFD, 0xA3, 0xE0, 0x4D, 0x70, 0x03, 0x02, 0xB5, 0xBD, 0x90, 0x1B, 0x9F, 0xE0, 0xB4, 0x01, 0x00, 0x40, 0x4E, 0xB4, 0x08, 0x00, 0x50, 0x49, 0x90, 0x1B, 0xA0, 0xE0, 0x60, 0x1E,
0xE4, 0x90, 0x1B, 0xA0, 0xF0, 0x78, 0x5F, 0xE6, 0x25, 0xE0, 0x24, 0x6B, 0xF5, 0x82, 0xE4, 0x34, 0x09, 0xF5, 0x83, 0xE0, 0xFE, 0x7D, 0x01, 0x7C, 0x02, 0x12, 0x81, 0x17, 0x80, 0x22, 0x90, 0x1B,
0xA0, 0xE0, 0x78, 0x52, 0x46, 0x90, 0x1B, 0xA0, 0xF0, 0x78, 0x5F, 0xE6, 0x25, 0xE0, 0x24, 0x6C, 0xF5, 0x82, 0xE4, 0x34, 0x09, 0xF5, 0x83, 0xE0, 0xFE, 0x7D, 0x01, 0x7C, 0x02, 0x12, 0x81, 0x17,
0x02, 0xB5, 0x87, 0xB4, 0x08, 0x02, 0x80, 0x03, 0xD3, 0x40, 0x39, 0x90, 0x1B, 0xA1, 0xE0, 0x90, 0x0A, 0x2F, 0xE0, 0xFD, 0x90, 0x1B, 0xA1, 0xE0, 0xFC, 0x7F, 0x23, 0x7E, 0x00, 0x12, 0x6D, 0x54,
0x90, 0x1B, 0xA1, 0xE0, 0xEC, 0x90, 0x1B, 0xA1, 0xF0, 0x7D, 0x53, 0xE4, 0xFE, 0xFF, 0x12, 0x6D, 0x0E, 0xE4, 0x78, 0x2A, 0xF6, 0x08, 0xF6, 0x08, 0x76, 0x53, 0x7D, 0x09, 0x7C, 0x02, 0x12, 0x81,
0x26, 0x02, 0xB5, 0x87, 0xB4, 0x09, 0x02, 0x80, 0x03, 0xD3, 0x40, 0x39, 0x90, 0x1B, 0xA2, 0xE0, 0x90, 0x0A, 0x2F, 0xE0, 0xFD, 0x90, 0x1B, 0xA2, 0xE0, 0xFC, 0x7F, 0x59, 0x7E, 0x00, 0x12, 0x6D,
0x54, 0x90, 0x1B, 0xA2, 0xE0, 0xEC, 0x90, 0x1B, 0xA2, 0xF0, 0x7D, 0x53, 0xE4, 0xFE, 0xFF, 0x12, 0x6D, 0x0E, 0xE4, 0x78, 0x2A, 0xF6, 0x08, 0xF6, 0x08, 0x76, 0x53, 0x7D, 0x0C, 0x7C, 0x02, 0x12,
0x81, 0x26, 0x02, 0xB5, 0x87, 0xB4, 0x0A, 0x02, 0x80, 0x03, 0xD3, 0x40, 0x38, 0x90, 0x1B, 0xA3, 0xE0, 0x90, 0x0A, 0x2F, 0xE0, 0xFD, 0x90, 0x1B, 0xA3, 0xE0, 0xFC, 0x7F, 0x23, 0x7E, 0x00, 0x12,
0x6D, 0x54, 0x90, 0x1B, 0xA3, 0xE0, 0xEC, 0x90, 0x1B, 0xA3, 0xF0, 0x7D, 0x53, 0xE4, 0xFE, 0xFF, 0x12, 0x6D, 0x0E, 0xE4, 0x78, 0x2A, 0xF6, 0x08, 0xF6, 0x08, 0x76, 0x53, 0x7D, 0x0F, 0x7C, 0x02,
0x12, 0x81, 0x26, 0x80, 0x42, 0xB4, 0x0B, 0x02, 0x80, 0x03, 0xD3, 0x40, 0x38, 0x90, 0x1B, 0xA4, 0xE0, 0x90, 0x0A, 0x2F, 0xE0, 0xFD, 0x90, 0x1B, 0xA4, 0xE0, 0xFC, 0x7F, 0x59, 0x7E, 0x00, 0x12,
0x6D, 0x54, 0x90, 0x1B, 0xA4, 0xE0, 0xEC, 0x90, 0x1B, 0xA4, 0xF0, 0x7D, 0x53, 0xE4, 0xFE, 0xFF, 0x12, 0x6D, 0x0E, 0xE4, 0x78, 0x2A, 0xF6, 0x08, 0xF6, 0x08, 0x76, 0x53, 0x7D, 0x12, 0x7C, 0x02,
0x12, 0x81, 0x26, 0x80, 0x02, 0x80, 0x00, 0xD3, 0x90, 0x0A, 0x2F, 0xE0, 0x94, 0x00, 0x90, 0x0A, 0x2E, 0xE0, 0x64, 0x80, 0x94, 0x80, 0x40, 0x10, 0x90, 0x0A, 0x2F, 0xE0, 0x24, 0xFF, 0xF0, 0x90,
0x0A, 0x2E, 0xE0, 0x34, 0xFF, 0xF0, 0x80, 0x15, 0x90, 0x0A, 0x2E, 0xE0, 0x33, 0x50, 0x0E, 0x90, 0x0A, 0x2F, 0xE0, 0x04, 0xF0, 0x90, 0x0A, 0x2E, 0x70, 0x03, 0xE0, 0x04, 0xF0, 0x22, 0x90, 0x1B,
0x78, 0xE0, 0x30, 0xE0, 0x03, 0x02, 0xB6, 0x6F, 0x90, 0x1B, 0x79, 0x12, 0x0B, 0xC3, 0x90, 0x00, 0x08, 0x12, 0x08, 0x83, 0xFF, 0x90, 0x1B, 0x79, 0x12, 0x0B, 0xCC, 0x90, 0x00, 0x07, 0x12, 0x08,
0x77, 0xFE, 0x90, 0x00, 0x06, 0x12, 0x08, 0x77, 0xFD, 0x90, 0x00, 0x05, 0x12, 0x08, 0x77, 0xFC, 0x12, 0xD3, 0xBD, 0x90, 0x1B, 0x79, 0x12, 0x0B, 0xC3, 0x90, 0x00, 0x0D, 0x12, 0x08, 0xD5, 0x64,
0x37, 0x4B, 0x70, 0x0C, 0x90, 0x13, 0x5B, 0xE0, 0x54, 0x07, 0x90, 0x1B, 0xA5, 0xF0, 0x80, 0x18, 0x90, 0x1B, 0x79, 0x12, 0x0B, 0xC3, 0x90, 0x00, 0x0D, 0x12, 0x08, 0xD5, 0x90, 0x12, 0xEC, 0x12,
0x0B, 0x93, 0xA3, 0xE0, 0x90, 0x1B, 0xA5, 0xF0, 0x90, 0x1B, 0xA5, 0xE0, 0x14, 0x70, 0x06, 0x78, 0x3B, 0x76, 0x03, 0x80, 0x11, 0x90, 0x1B, 0xA5, 0xE0, 0xB4, 0x02, 0x06, 0x78, 0x3B, 0x76, 0x0A,
0x80, 0x04, 0x78, 0x3B, 0x76, 0x11, 0x78, 0x2A, 0x76, 0x02, 0x08, 0x76, 0x2D, 0x08, 0x76, 0xF6, 0x78, 0x3B, 0xE6, 0xFD, 0x7C, 0x03, 0x12, 0x81, 0x26, 0xE4, 0x90, 0x1B, 0xA8, 0xF0, 0xE4, 0x90,
0x1B, 0xA6, 0xF0, 0xE4, 0x90, 0x1B, 0xA7, 0xF0, 0x90, 0x1B, 0x78, 0xE0, 0x44, 0x01, 0xF0, 0x90, 0x09, 0xB8, 0xE0, 0xFD, 0xA3, 0xE0, 0x4D, 0x60, 0x20, 0x90, 0x1B, 0xA6, 0xE0, 0x60, 0x10, 0x90,
0x1B, 0x78, 0xE0, 0x54, 0xFE, 0xF0, 0x90, 0x1B, 0x78, 0xE0, 0x44, 0x02, 0xF0, 0x80, 0x03, 0x12, 0xD3, 0x8E, 0x90, 0x09, 0xB8, 0xE4, 0xF0, 0xA3, 0xF0, 0x90, 0x09, 0xBA, 0xE0, 0xFD, 0xA3, 0xE0,
0x4D, 0x60, 0x07, 0x90, 0x09, 0xBA, 0xE4, 0xF0, 0xA3, 0xF0, 0x90, 0x09, 0xBC, 0xE0, 0xFD, 0xA3, 0xE0, 0x4D, 0x70, 0x03, 0x02, 0xB7, 0xF6, 0x90, 0x1B, 0xA6, 0xE0, 0x70, 0x03, 0x02, 0xB7, 0xC0,
0x90, 0x1B, 0x79, 0x12, 0x0B, 0xC3, 0x90, 0x00, 0x0D, 0x12, 0x08, 0xD5, 0x64, 0x37, 0x4B, 0x70, 0x49, 0x90, 0x13, 0x5A, 0xE4, 0xF0, 0xA3, 0xE0, 0x54, 0xF8, 0xF0, 0x90, 0x1B, 0xA5, 0xE0, 0xFC,
0x33, 0x95, 0xE0, 0xFD, 0x90, 0x13, 0x5B, 0xE0, 0x4C, 0xF0, 0x90, 0x13, 0x5A, 0xE0, 0x4D, 0xF0, 0x90, 0x13, 0x5A, 0xE0, 0xFF, 0xA3, 0xE0, 0xFE, 0xE4, 0xFD, 0x7C, 0x37, 0x12, 0x73, 0xC6, 0x12,
0xD3, 0x4C, 0x7D, 0x02, 0x7C, 0x39, 0x12, 0xE2, 0x35, 0x90, 0x1B, 0x78, 0xE0, 0x54, 0xFE, 0xF0, 0x90, 0x1B, 0x78, 0xE0, 0x44, 0x02, 0xF0, 0x02, 0xB7, 0xB7, 0x90, 0x1B, 0xA5, 0xE0, 0xB4, 0x04,
0x32, 0x90, 0x1B, 0xA8, 0xE0, 0x70, 0x2C, 0x74, 0x01, 0x90, 0x1B, 0xA8, 0xF0, 0x7F, 0x02, 0x7E, 0x61, 0x7C, 0x01, 0x12, 0x75, 0xEF, 0x7F, 0x02, 0x7E, 0x62, 0x7C, 0x02, 0x12, 0x75, 0xEF, 0x7F,
0x02, 0x7E, 0x63, 0x7C, 0x03, 0x12, 0x75, 0xEF, 0x7F, 0x01, 0x7E, 0xDE, 0x7C, 0x04, 0x12, 0x75, 0xEF, 0x80, 0x64, 0x90, 0x1B, 0xA5, 0xE0, 0xFC, 0x33, 0x95, 0xE0, 0xFD, 0x90, 0x1B, 0x79, 0x12,
0x0B, 0xCC, 0x90, 0x00, 0x0D, 0x12, 0x08, 0xB5, 0x90, 0x12, 0xEC, 0x12, 0x0B, 0x9D, 0xED, 0xF0, 0xA3, 0xEC, 0xF0, 0x90, 0x00, 0x0D, 0x12, 0x08, 0xA5, 0x90, 0x12, 0xEC, 0x12, 0x0B, 0x98, 0xE0,
0xFF, 0xA3, 0xE0, 0xFE, 0x90, 0x00, 0x0D, 0x12, 0x08, 0xA5, 0xFC, 0x12, 0x73, 0xC6, 0x90, 0x1B, 0x79, 0x12, 0x0B, 0xC3, 0x90, 0x00, 0x05, 0x12, 0x08, 0x83, 0x7F, 0x00, 0xFE, 0x7C, 0x01, 0x12,
0x75, 0xEF, 0x7D, 0x02, 0x7C, 0x39, 0x12, 0xE2, 0x35, 0x90, 0x1B, 0x78, 0xE0, 0x54, 0xFE, 0xF0, 0x90, 0x1B, 0x78, 0xE0, 0x44, 0x02, 0xF0, 0x90, 0x09, 0xBC, 0xE4, 0xF0, 0xA3, 0xF0, 0x80, 0x36,
0x90, 0x1B, 0x79, 0x12, 0x0B, 0xC3, 0x90, 0x00, 0x0C, 0x12, 0x08, 0x83, 0x24, 0xD2, 0xFE, 0xE4, 0x34, 0x01, 0xFF, 0x7C, 0x04, 0x12, 0x75, 0xEF, 0x78, 0x2A, 0x76, 0x02, 0x08, 0x76, 0x2D, 0x08,
0x76, 0x54, 0x7D, 0x0A, 0x7C, 0x04, 0x12, 0x81, 0x26, 0x74, 0x01, 0x90, 0x1B, 0xA6, 0xF0, 0x90, 0x09, 0xBC, 0xE4, 0xF0, 0xA3, 0xF0, 0x90, 0x0A, 0x2E, 0xE0, 0xFD, 0xA3, 0xE0, 0x4D, 0x70, 0x03,
0x02, 0xB9, 0x27, 0x90, 0x1B, 0xA8, 0xE0, 0x60, 0x03, 0x02, 0xB9, 0x27, 0x90, 0x1B, 0xA6, 0xE0, 0x60, 0x27, 0x90, 0x1B, 0xA7, 0xE0, 0x70, 0x21, 0x74, 0x01, 0x90, 0x1B, 0xA7, 0xF0, 0x90, 0x1B,
0x79, 0x12, 0x0B, 0xC3, 0x90, 0x00, 0x0C, 0x12, 0x08, 0x83, 0x24, 0xD2, 0xFE, 0xE4, 0x34, 0x01, 0xFF, 0x7C, 0x04, 0x12, 0x75, 0xEF, 0x02, 0xB9, 0x25, 0x90, 0x1B, 0xA6, 0xE0, 0x70, 0x03, 0x02,
0xB9, 0x1E, 0x90, 0x1B, 0xA7, 0xE0, 0x70, 0x03, 0x02, 0xB9, 0x1E, 0x90, 0x0A, 0x2E, 0xE0, 0x33, 0x50, 0x16, 0x90, 0x1B, 0xA5, 0xE0, 0xA2, 0xE7, 0x13, 0xF0, 0x90, 0x0A, 0x2F, 0xE0, 0x04, 0xF0,
0x90, 0x0A, 0x2E, 0x70, 0x03, 0xE0, 0x04, 0xF0, 0xD3, 0x90, 0x0A, 0x2F, 0xE0, 0x94, 0x00, 0x90, 0x0A, 0x2E, 0xE0, 0x64, 0x80, 0x94, 0x80, 0x40, 0x15, 0x90, 0x1B, 0xA5, 0xE0, 0x25, 0xE0, 0xF0,
0x90, 0x0A, 0x2F, 0xE0, 0x24, 0xFF, 0xF0, 0x90, 0x0A, 0x2E, 0xE0, 0x34, 0xFF, 0xF0, 0x90, 0x1B, 0xA5, 0xE0, 0x64, 0x80, 0x24, 0x7F, 0x40, 0x06, 0x74, 0x01, 0x90, 0x1B, 0xA5, 0xF0, 0x90, 0x1B,
0xA5, 0xE0, 0x64, 0x80, 0x24, 0x7B, 0x50, 0x19, 0x90, 0x1B, 0x79, 0x12, 0x0B, 0xC3, 0x90, 0x00, 0x12, 0x12, 0x08, 0xD5, 0x64, 0x03, 0x4B, 0x70, 0x08, 0x74, 0x04, 0x90, 0x1B, 0xA5, 0xF0, 0x80,
0x21, 0x90, 0x1B, 0xA5, 0xE0, 0x64, 0x80, 0x24, 0x7D, 0x50, 0x17, 0x90, 0x1B, 0x79, 0x12, 0x0B, 0xC3, 0x90, 0x00, 0x12, 0x12, 0x08, 0xD5, 0x64, 0x02, 0x4B, 0x70, 0x06, 0x74, 0x02, 0x90, 0x1B,
0xA5, 0xF0, 0xE4, 0xFF, 0x7E, 0x7B, 0x7C, 0x03, 0x12, 0x75, 0xEF, 0x90, 0x1B, 0xA5, 0xE0, 0x14, 0x70, 0x06, 0x78, 0x3B, 0x76, 0x03, 0x80, 0x11, 0x90, 0x1B, 0xA5, 0xE0, 0xB4, 0x02, 0x06, 0x78,
0x3B, 0x76, 0x0A, 0x80, 0x04, 0x78, 0x3B, 0x76, 0x11, 0x78, 0x2A, 0x76, 0x02, 0x08, 0x76, 0x2D, 0x08, 0x76, 0xF6, 0x78, 0x3B, 0xE6, 0xFD, 0x7C, 0x03, 0x12, 0x81, 0x26, 0x80, 0x07, 0x90, 0x0A,
0x2E, 0xE4, 0xF0, 0xA3, 0xF0, 0x80, 0x07, 0x90, 0x0A, 0x2E, 0xE4, 0xF0, 0xA3, 0xF0, 0x22, 0x90, 0x1B, 0x78, 0xE0, 0x30, 0xE0, 0x03, 0x02, 0xB9, 0xBE, 0x90, 0x1B, 0x79, 0x12, 0x0B, 0xC3, 0x90,
0x00, 0x0D, 0x12, 0x08, 0xD5, 0x25, 0xE0, 0x24, 0xA6, 0xF5, 0x82, 0xE4, 0x34, 0x09, 0xF5, 0x83, 0xE0, 0xFD, 0xA3, 0xE0, 0x4D, 0x60, 0x2D, 0x90, 0x1B, 0x79, 0x12, 0x0B, 0xC3, 0x90, 0x00, 0x0C,
0x12, 0x08, 0x83, 0xFF, 0x90, 0x1B, 0x79, 0x12, 0x0B, 0xCC, 0x90, 0x00, 0x0B, 0x12, 0x08, 0x77, 0xFE, 0x90, 0x00, 0x0A, 0x12, 0x08, 0x77, 0xFD, 0x90, 0x00, 0x09, 0x12, 0x08, 0x77, 0xFC, 0x12,
0xD3, 0xBD, 0x80, 0x2B, 0x90, 0x1B, 0x79, 0x12, 0x0B, 0xC3, 0x90, 0x00, 0x08, 0x12, 0x08, 0x83, 0xFF, 0x90, 0x1B, 0x79, 0x12, 0x0B, 0xCC, 0x90, 0x00, 0x07, 0x12, 0x08, 0x77, 0xFE, 0x90, 0x00,
0x06, 0x12, 0x08, 0x77, 0xFD, 0x90, 0x00, 0x05, 0x12, 0x08, 0x77, 0xFC, 0x12, 0xD3, 0xBD, 0x90, 0x13, 0x5E, 0xE4, 0xF0, 0xA3, 0x04, 0xF0, 0x90, 0x1B, 0x78, 0xE0, 0x44, 0x01, 0xF0, 0x90, 0x09,
0xB8, 0xE0, 0xFD, 0xA3, 0xE0, 0x4D, 0x70, 0x0A, 0x90, 0x13, 0x5E, 0xE0, 0xFD, 0xA3, 0xE0, 0x4D, 0x70, 0x03, 0x12, 0xD3, 0x8E, 0x90, 0x09, 0xBA, 0xE0, 0xFD, 0xA3, 0xE0, 0x4D, 0x60, 0x07, 0x90,
0x09, 0xBA, 0xE4, 0xF0, 0xA3, 0xF0, 0x90, 0x09, 0xBC, 0xE0, 0xFD, 0xA3, 0xE0, 0x4D, 0x70, 0x03, 0x02, 0xBB, 0x51, 0x90, 0x1B, 0x79, 0x12, 0x0B, 0xC3, 0x90, 0x00, 0x0D, 0x12, 0x08, 0xD5, 0x25,
0xE0, 0x24, 0xA6, 0xF5, 0x82, 0xE4, 0x34, 0x09, 0xF5, 0x83, 0xE0, 0xFB, 0xA3, 0xE0, 0x4B, 0x60, 0x02, 0x74, 0xFF, 0x04, 0x7B, 0x00, 0xFA, 0x90, 0x00, 0x0D, 0x12, 0x08, 0xC5, 0x25, 0xE0, 0x24,
0xA6, 0xF5, 0x82, 0xE4, 0x34, 0x09, 0xF5, 0x83, 0xEB, 0xF0, 0xA3, 0xEA, 0xF0, 0x90, 0x00, 0x0D, 0x12, 0x08, 0xD5, 0x64, 0x25, 0x4B, 0x70, 0x17, 0x90, 0x09, 0xF0, 0xE0, 0xFD, 0xA3, 0xE0, 0x4D,
0x60, 0x02, 0x74, 0xFF, 0x04, 0x7D, 0x00, 0x90, 0x09, 0xEE, 0xCD, 0xF0, 0xA3, 0xCD, 0xF0, 0x90, 0x1B, 0x79, 0x12, 0x0B, 0xC3, 0x90, 0x00, 0x0D, 0x12, 0x08, 0xD5, 0x64, 0x21, 0x4B, 0x70, 0x34,
0x90, 0x09, 0xE8, 0xE0, 0xFD, 0xA3, 0xE0, 0x4D, 0x7D, 0x00, 0x70, 0x04, 0x7C, 0x00, 0x80, 0x02, 0x7C, 0x01, 0x90, 0x09, 0xF4, 0xED, 0xF0, 0xA3, 0xEC, 0xF0, 0x90, 0x09, 0xE8, 0xE0, 0xFD, 0xA3,
0xE0, 0x4D, 0x7D, 0x00, 0x70, 0x04, 0x7C, 0x00, 0x80, 0x02, 0x7C, 0x01, 0x90, 0x09, 0xE6, 0xED, 0xF0, 0xA3, 0xEC, 0xF0, 0x90, 0x1B, 0x79, 0x12, 0x0B, 0xC3, 0x90, 0x00, 0x0D, 0x12, 0x08, 0xD5,
0x64, 0x22, 0x4B, 0x70, 0x1A, 0x90, 0x09, 0xEA, 0xE0, 0xFD, 0xA3, 0xE0, 0x4D, 0x7D, 0x00, 0x70, 0x04, 0x7C, 0x00, 0x80, 0x02, 0x7C, 0x01, 0x90, 0x09, 0xF4, 0xED, 0xF0, 0xA3, 0xEC, 0xF0, 0x90,
0x1B, 0x79, 0x12, 0x0B, 0xC3, 0x90, 0x00, 0x0D, 0x12, 0x08, 0xD5, 0x25, 0xE0, 0x24, 0xA6, 0xF5, 0x82, 0xE4, 0x34, 0x09, 0xF5, 0x83, 0xE0, 0xFD, 0xA3, 0xE0, 0x4D, 0x60, 0x2D, 0x90, 0x1B, 0x79,
0x12, 0x0B, 0xC3, 0x90, 0x00, 0x0C, 0x12, 0x08, 0x83, 0xFF, 0x90, 0x1B, 0x79, 0x12, 0x0B, 0xCC, 0x90, 0x00, 0x0B, 0x12, 0x08, 0x77, 0xFE, 0x90, 0x00, 0x0A, 0x12, 0x08, 0x77, 0xFD, 0x90, 0x00,
0x09, 0x12, 0x08, 0x77, 0xFC, 0x12, 0xD3, 0xBD, 0x80, 0x2B, 0x90, 0x1B, 0x79, 0x12, 0x0B, 0xC3, 0x90, 0x00, 0x08, 0x12, 0x08, 0x83, 0xFF, 0x90, 0x1B, 0x79, 0x12, 0x0B, 0xCC, 0x90, 0x00, 0x07,
0x12, 0x08, 0x77, 0xFE, 0x90, 0x00, 0x06, 0x12, 0x08, 0x77, 0xFD, 0x90, 0x00, 0x05, 0x12, 0x08, 0x77, 0xFC, 0x12, 0xD3, 0xBD, 0x7D, 0x02, 0x7C, 0x3E, 0x12, 0xE2, 0x35, 0x90, 0x1B, 0x78, 0xE0,
0x44, 0x02, 0xF0, 0x90, 0x1B, 0x78, 0xE0, 0x54, 0xFE, 0xF0, 0x90, 0x09, 0xBC, 0xE4, 0xF0, 0xA3, 0xF0, 0x90, 0x0A, 0x2E, 0xE0, 0xFD, 0xA3, 0xE0, 0x4D, 0x70, 0x03, 0x02, 0xBB, 0xF2, 0xD3, 0x90,
0x0A, 0x2F, 0xE0, 0x94, 0x00, 0x90, 0x0A, 0x2E, 0xE0, 0x64, 0x80, 0x94, 0x80, 0x40, 0x3E, 0x90, 0x1B, 0x79, 0x12, 0x0B, 0xC3, 0x90, 0x00, 0x17, 0x12, 0x09, 0x22, 0xE9, 0x4A, 0x60, 0x20, 0x90,
0x1B, 0x79, 0x12, 0x0B, 0xC3, 0x90, 0x00, 0x17, 0x12, 0x09, 0x22, 0x90, 0x1B, 0x79, 0x12, 0x0B, 0xBA, 0x90, 0x1B, 0x78, 0xE0, 0x54, 0xFE, 0xF0, 0x90, 0x1B, 0x78, 0xE0, 0x44, 0x02, 0xF0, 0x90,
0x0A, 0x2F, 0xE0, 0x24, 0xFF, 0xF0, 0x90, 0x0A, 0x2E, 0xE0, 0x34, 0xFF, 0xF0, 0x90, 0x0A, 0x2E, 0xE0, 0x33, 0x50, 0x3E, 0x90, 0x1B, 0x79, 0x12, 0x0B, 0xC3, 0x90, 0x00, 0x14, 0x12, 0x09, 0x22,
0xE9, 0x4A, 0x60, 0x20, 0x90, 0x1B, 0x79, 0x12, 0x0B, 0xC3, 0x90, 0x00, 0x14, 0x12, 0x09, 0x22, 0x90, 0x1B, 0x79, 0x12, 0x0B, 0xBA, 0x90, 0x1B, 0x78, 0xE0, 0x54, 0xFE, 0xF0, 0x90, 0x1B, 0x78,
0xE0, 0x44, 0x02, 0xF0, 0x90, 0x0A, 0x2F, 0xE0, 0x04, 0xF0, 0x90, 0x0A, 0x2E, 0x70, 0x03, 0xE0, 0x04, 0xF0, 0x22, 0x90, 0x0A, 0x1A, 0xE4, 0xF0, 0xA3, 0x04, 0xF0, 0x90, 0x1B, 0x79, 0x12, 0x0B,
0xC3, 0x90, 0x00, 0x03, 0x12, 0x08, 0x83, 0xB4, 0x05, 0x02, 0x80, 0x03, 0xD3, 0x40, 0x29, 0x90, 0x1B, 0x79, 0x12, 0x0B, 0xC3, 0x90, 0x00, 0x0D, 0x12, 0x08, 0xD5, 0x90, 0x12, 0xEC, 0x12, 0x0B,
0x93, 0xE0, 0xFD, 0xA3, 0xE0, 0xFC, 0x7B, 0x05, 0x7A, 0xA0, 0x12, 0x01, 0xB2, 0x90, 0x1B, 0xA9, 0xE9, 0xF0, 0xA3, 0xE8, 0xF0, 0x02, 0xBC, 0xE0, 0xB4, 0x06, 0x02, 0x80, 0x03, 0xD3, 0x40, 0x28,
0x90, 0x1B, 0x79, 0x12, 0x0B, 0xC3, 0x90, 0x00, 0x0D, 0x12, 0x08, 0xD5, 0x90, 0x12, 0xEC, 0x12, 0x0B, 0x93, 0xE0, 0xFD, 0xA3, 0xE0, 0xFC, 0xE4, 0xFB, 0x7A, 0x3C, 0x12, 0x01, 0xB2, 0x90, 0x1B,
0xA9, 0xE9, 0xF0, 0xA3, 0xE8, 0xF0, 0x80, 0x78, 0xB4, 0x07, 0x02, 0x80, 0x03, 0xD3, 0x40, 0x28, 0x90, 0x1B, 0x79, 0x12, 0x0B, 0xC3, 0x90, 0x00, 0x0D, 0x12, 0x08, 0xD5, 0x90, 0x12, 0xEC, 0x12,
0x0B, 0x93, 0xE0, 0xFD, 0xA3, 0xE0, 0xFC, 0xE4, 0xFB, 0x7A, 0x3C, 0x12, 0x01, 0xB2, 0x90, 0x1B, 0xA9, 0xE9, 0xF0, 0xA3, 0xE8, 0xF0, 0x80, 0x48, 0xB4, 0x08, 0x02, 0x80, 0x03, 0xD3, 0x40, 0x20,
0x90, 0x1B, 0x79, 0x12, 0x0B, 0xC3, 0x90, 0x00, 0x0D, 0x12, 0x08, 0xD5, 0x90, 0x12, 0xEC, 0x12, 0x0B, 0x93, 0xE0, 0xFD, 0xA3, 0xE0, 0x90, 0x1B, 0xA9, 0xCD, 0xF0, 0xA3, 0xCD, 0xF0, 0x80, 0x20,
0x90, 0x1B, 0x79, 0x12, 0x0B, 0xC3, 0x90, 0x00, 0x0D, 0x12, 0x08, 0xD5, 0x90, 0x12, 0xEC, 0x12, 0x0B, 0x93, 0xE0, 0xFD, 0xA3, 0xE0, 0x90, 0x1B, 0xA9, 0xCD, 0xF0, 0xA3, 0xCD, 0xF0, 0x80, 0x00,
0x90, 0x1B, 0x79, 0x12, 0x0B, 0xC3, 0x90, 0x00, 0x08, 0x12, 0x08, 0x83, 0xFF, 0x90, 0x1B, 0x79, 0x12, 0x0B, 0xCC, 0x90, 0x00, 0x07, 0x12, 0x08, 0x77, 0xFE, 0x90, 0x00, 0x06, 0x12, 0x08, 0x77,
0xFD, 0x90, 0x00, 0x05, 0x12, 0x08, 0x77, 0xFC, 0x12, 0xD3, 0xBD, 0x90, 0x1B, 0x79, 0x12, 0x0B, 0xC3, 0x90, 0x00, 0x04, 0x12, 0x08, 0x83, 0xFC, 0x7D, 0x4C, 0xE4, 0xFE, 0xFF, 0x12, 0xE1, 0x6E,
0xEC, 0x90, 0x1B, 0xAB, 0xF0, 0x90, 0x1B, 0x79, 0x12, 0x0B, 0xC3, 0x90, 0x00, 0x10, 0x12, 0x08, 0xD5, 0x78, 0x36, 0xF6, 0xEB, 0x18, 0xF6, 0x7D, 0x45, 0xE4, 0xFE, 0xFF, 0x12, 0xE0, 0x04, 0x78,
0x50, 0xEC, 0xF6, 0xE4, 0x78, 0x2A, 0xF6, 0x08, 0xF6, 0x08, 0x76, 0x45, 0x7D, 0x01, 0x7C, 0x03, 0x12, 0x81, 0x26, 0xE4, 0x78, 0x2A, 0xF6, 0x08, 0xF6, 0x08, 0x76, 0x4C, 0x78, 0x50, 0xE6, 0x04,
0xFD, 0x7C, 0x03, 0x12, 0x81, 0x26, 0x90, 0x1B, 0xAB, 0xE0, 0xB4, 0x03, 0x21, 0x90, 0x1B, 0xA9, 0xE0, 0xFF, 0xA3, 0xE0, 0xFE, 0x7D, 0x06, 0x7C, 0x03, 0x12, 0x82, 0x72, 0xE4, 0x78, 0x2A, 0xF6,
0x08, 0xF6, 0x08, 0x76, 0x4C, 0x7D, 0x0B, 0x7C, 0x03, 0x12, 0x81, 0x26, 0x80, 0x4F, 0x90, 0x1B, 0x79, 0x12, 0x0B, 0xC3, 0x90, 0x00, 0x03, 0x12, 0x08, 0x83, 0x14, 0x70, 0x21, 0x90, 0x1B, 0xA9,
0xE0, 0xFF, 0xA3, 0xE0, 0xFE, 0x7D, 0x07, 0x7C, 0x03, 0x12, 0x82, 0xD9, 0xE4, 0x78, 0x2A, 0xF6, 0x08, 0xF6, 0x08, 0x76, 0x4C, 0x7D, 0x0D, 0x7C, 0x03, 0x12, 0x81, 0x26, 0x80, 0x1F, 0x90, 0x1B,
0xA9, 0xE0, 0xFF, 0xA3, 0xE0, 0xFE, 0x7D, 0x07, 0x7C, 0x03, 0x12, 0x82, 0x72, 0xE4, 0x78, 0x2A, 0xF6, 0x08, 0xF6, 0x08, 0x76, 0x4C, 0x7D, 0x0C, 0x7C, 0x03, 0x12, 0x81, 0x26, 0x90, 0x1B, 0x79,
0x12, 0x0B, 0xC3, 0x90, 0x00, 0x12, 0x12, 0x08, 0xD5, 0x78, 0x36, 0xF6, 0xEB, 0x18, 0xF6, 0x7D, 0x45, 0xE4, 0xFE, 0xFF, 0x12, 0xE0, 0x04, 0x78, 0x50, 0xEC, 0xF6, 0xE4, 0x78, 0x2A, 0xF6, 0x08,
0xF6, 0x08, 0x76, 0x45, 0xEC, 0xF4, 0x24, 0x16, 0xFC, 0x90, 0x1B, 0xAB, 0xE0, 0xF4, 0x04, 0x2C, 0xFD, 0x7C, 0x03, 0x12, 0x81, 0x26, 0xE4, 0x78, 0x2A, 0xF6, 0x08, 0xF6, 0x08, 0x76, 0x4C, 0x90,
0x1B, 0xAB, 0xE0, 0xF4, 0x24, 0x16, 0xFD, 0x7C, 0x03, 0x12, 0x81, 0x26, 0x90, 0x1B, 0x79, 0x12, 0x0B, 0xC3, 0x90, 0x00, 0x0D, 0x12, 0x08, 0xD5, 0x14, 0x4B, 0x60, 0x11, 0x90, 0x1B, 0x79, 0x12,
0x0B, 0xC3, 0x90, 0x00, 0x0D, 0x12, 0x08, 0xD5, 0x64, 0x04, 0x4B, 0x70, 0x30, 0x90, 0x1B, 0xA9, 0xE0, 0xFD, 0xA3, 0xE0, 0x78, 0x39, 0xCD, 0xF6, 0xCD, 0x08, 0xF6, 0x90, 0x1B, 0x79, 0x12, 0x0B,
0xC3, 0x90, 0x00, 0x12, 0x12, 0x08, 0xD5, 0x78, 0x38, 0xF6, 0xEB, 0x18, 0xF6, 0x90, 0x00, 0x10, 0x12, 0x08, 0xD5, 0xFE, 0xEB, 0xFF, 0x7C, 0x02, 0x12, 0x86, 0x9D, 0x80, 0x2E, 0x90, 0x1B, 0xA9,
0xE0, 0xFD, 0xA3, 0xE0, 0x78, 0x35, 0xCD, 0xF6, 0xCD, 0x08, 0xF6, 0x90, 0x1B, 0x79, 0x12, 0x0B, 0xC3, 0x90, 0x00, 0x12, 0x12, 0x08, 0xD5, 0x78, 0x34, 0xF6, 0xEB, 0x18, 0xF6, 0x90, 0x00, 0x10,
0x12, 0x08, 0xD5, 0xFE, 0xEB, 0xFF, 0x7C, 0x02, 0x12, 0x85, 0xDB, 0x22, 0x90, 0x1B, 0x78, 0xE0, 0x30, 0xE0, 0x03, 0x02, 0xC1, 0x7A, 0x90, 0x0A, 0x1A, 0xE4, 0xF0, 0xA3, 0x04, 0xF0, 0xE4, 0x90,
0x1B, 0xAF, 0xF0, 0x90, 0x1B, 0x79, 0x12, 0x0B, 0xC3, 0x90, 0x00, 0x03, 0x12, 0x08, 0x83, 0xB4, 0x05, 0x02, 0x80, 0x03, 0xD3, 0x40, 0x29, 0x90, 0x1B, 0x79, 0x12, 0x0B, 0xC3, 0x90, 0x00, 0x0D,
0x12, 0x08, 0xD5, 0x90, 0x12, 0xEC, 0x12, 0x0B, 0x93, 0xE0, 0xFD, 0xA3, 0xE0, 0xFC, 0x7B, 0x05, 0x7A, 0xA0, 0x12, 0x01, 0xB2, 0x90, 0x1B, 0xAC, 0xE9, 0xF0, 0xA3, 0xE8, 0xF0, 0x02, 0xBF, 0xA8,
0xB4, 0x06, 0x02, 0x80, 0x03, 0xD3, 0x40, 0x28, 0x90, 0x1B, 0x79, 0x12, 0x0B, 0xC3, 0x90, 0x00, 0x0D, 0x12, 0x08, 0xD5, 0x90, 0x12, 0xEC, 0x12, 0x0B, 0x93, 0xE0, 0xFD, 0xA3, 0xE0, 0xFC, 0xE4,
0xFB, 0x7A, 0x3C, 0x12, 0x01, 0xB2, 0x90, 0x1B, 0xAC, 0xE9, 0xF0, 0xA3, 0xE8, 0xF0, 0x80, 0x78, 0xB4, 0x07, 0x02, 0x80, 0x03, 0xD3, 0x40, 0x28, 0x90, 0x1B, 0x79, 0x12, 0x0B, 0xC3, 0x90, 0x00,
0x0D, 0x12, 0x08, 0xD5, 0x90, 0x12, 0xEC, 0x12, 0x0B, 0x93, 0xE0, 0xFD, 0xA3, 0xE0, 0xFC, 0xE4, 0xFB, 0x7A, 0x3C, 0x12, 0x01, 0xB2, 0x90, 0x1B, 0xAC, 0xE9, 0xF0, 0xA3, 0xE8, 0xF0, 0x80, 0x48,
0xB4, 0x08, 0x02, 0x80, 0x03, 0xD3, 0x40, 0x20, 0x90, 0x1B, 0x79, 0x12, 0x0B, 0xC3, 0x90, 0x00, 0x0D, 0x12, 0x08, 0xD5, 0x90, 0x12, 0xEC, 0x12, 0x0B, 0x93, 0xE0, 0xFD, 0xA3, 0xE0, 0x90, 0x1B,
0xAC, 0xCD, 0xF0, 0xA3, 0xCD, 0xF0, 0x80, 0x20, 0x90, 0x1B, 0x79, 0x12, 0x0B, 0xC3, 0x90, 0x00, 0x0D, 0x12, 0x08, 0xD5, 0x90, 0x12, 0xEC, 0x12, 0x0B, 0x93, 0xE0, 0xFD, 0xA3, 0xE0, 0x90, 0x1B,
0xAC, 0xCD, 0xF0, 0xA3, 0xCD, 0xF0, 0x80, 0x00, 0x90, 0x1B, 0x79, 0x12, 0x0B, 0xC3, 0x90, 0x00, 0x08, 0x12, 0x08, 0x83, 0xFF, 0x90, 0x1B, 0x79, 0x12, 0x0B, 0xCC, 0x90, 0x00, 0x07, 0x12, 0x08,
0x77, 0xFE, 0x90, 0x00, 0x06, 0x12, 0x08, 0x77, 0xFD, 0x90, 0x00, 0x05, 0x12, 0x08, 0x77, 0xFC, 0x12, 0xD3, 0xBD, 0x90, 0x1B, 0x79, 0x12, 0x0B, 0xC3, 0x90, 0x00, 0x04, 0x12, 0x08, 0x83, 0xFC,
0x7D, 0x4C, 0xE4, 0xFE, 0xFF, 0x12, 0xE1, 0x6E, 0xEC, 0x90, 0x1B, 0xAE, 0xF0, 0x90, 0x1B, 0x79, 0x12, 0x0B, 0xC3, 0x90, 0x00, 0x10, 0x12, 0x08, 0xD5, 0x78, 0x36, 0xF6, 0xEB, 0x18, 0xF6, 0x7D,
0x45, 0xE4, 0xFE, 0xFF, 0x12, 0xE0, 0x04, 0x78, 0x50, 0xEC, 0xF6, 0xE4, 0x78, 0x2A, 0xF6, 0x08, 0xF6, 0x08, 0x76, 0x45, 0x7D, 0x01, 0x7C, 0x03, 0x12, 0x81, 0x26, 0xE4, 0x78, 0x2A, 0xF6, 0x08,
0xF6, 0x08, 0x76, 0x4C, 0x78, 0x50, 0xE6, 0x04, 0xFD, 0x7C, 0x03, 0x12, 0x81, 0x26, 0x90, 0x1B, 0xAE, 0xE0, 0xB4, 0x03, 0x21, 0x90, 0x1B, 0xAC, 0xE0, 0xFF, 0xA3, 0xE0, 0xFE, 0x7D, 0x06, 0x7C,
0x03, 0x12, 0x82, 0x72, 0xE4, 0x78, 0x2A, 0xF6, 0x08, 0xF6, 0x08, 0x76, 0x4C, 0x7D, 0x0B, 0x7C, 0x03, 0x12, 0x81, 0x26, 0x80, 0x4F, 0x90, 0x1B, 0x79, 0x12, 0x0B, 0xC3, 0x90, 0x00, 0x03, 0x12,
0x08, 0x83, 0x14, 0x70, 0x21, 0x90, 0x1B, 0xAC, 0xE0, 0xFF, 0xA3, 0xE0, 0xFE, 0x7D, 0x07, 0x7C, 0x03, 0x12, 0x82, 0xD9, 0xE4, 0x78, 0x2A, 0xF6, 0x08, 0xF6, 0x08, 0x76, 0x4C, 0x7D, 0x0D, 0x7C,
0x03, 0x12, 0x81, 0x26, 0x80, 0x1F, 0x90, 0x1B, 0xAC, 0xE0, 0xFF, 0xA3, 0xE0, 0xFE, 0x7D, 0x07, 0x7C, 0x03, 0x12, 0x82, 0x72, 0xE4, 0x78, 0x2A, 0xF6, 0x08, 0xF6, 0x08, 0x76, 0x4C, 0x7D, 0x0C,
0x7C, 0x03, 0x12, 0x81, 0x26, 0x90, 0x1B, 0x79, 0x12, 0x0B, 0xC3, 0x90, 0x00, 0x12, 0x12, 0x08, 0xD5, 0x78, 0x36, 0xF6, 0xEB, 0x18, 0xF6, 0x7D, 0x45, 0xE4, 0xFE, 0xFF, 0x12, 0xE0, 0x04, 0x78,
0x50, 0xEC, 0xF6, 0xE4, 0x78, 0x2A, 0xF6, 0x08, 0xF6, 0x08, 0x76, 0x45, 0xEC, 0xF4, 0x24, 0x16, 0xFC, 0x90, 0x1B, 0xAE, 0xE0, 0xF4, 0x04, 0x2C, 0xFD, 0x7C, 0x03, 0x12, 0x81, 0x26, 0xE4, 0x78,
0x2A, 0xF6, 0x08, 0xF6, 0x08, 0x76, 0x4C, 0x90, 0x1B, 0xAE, 0xE0, 0xF4, 0x24, 0x16, 0xFD, 0x7C, 0x03, 0x12, 0x81, 0x26, 0x90, 0x1B, 0x79, 0x12, 0x0B, 0xC3, 0x90, 0x00, 0x0D, 0x12, 0x08, 0xD5,
0x14, 0x4B, 0x60, 0x11, 0x90, 0x1B, 0x79, 0x12, 0x0B, 0xC3, 0x90, 0x00, 0x0D, 0x12, 0x08, 0xD5, 0x64, 0x04, 0x4B, 0x70, 0x30, 0x90, 0x1B, 0xAC, 0xE0, 0xFD, 0xA3, 0xE0, 0x78, 0x39, 0xCD, 0xF6,
0xCD, 0x08, 0xF6, 0x90, 0x1B, 0x79, 0x12, 0x0B, 0xC3, 0x90, 0x00, 0x12, 0x12, 0x08, 0xD5, 0x78, 0x38, 0xF6, 0xEB, 0x18, 0xF6, 0x90, 0x00, 0x10, 0x12, 0x08, 0xD5, 0xFE, 0xEB, 0xFF, 0x7C, 0x02,
0x12, 0x86, 0x9D, 0x80, 0x2E, 0x90, 0x1B, 0xAC, 0xE0, 0xFD, 0xA3, 0xE0, 0x78, 0x35, 0xCD, 0xF6, 0xCD, 0x08, 0xF6, 0x90, 0x1B, 0x79, 0x12, 0x0B, 0xC3, 0x90, 0x00, 0x12, 0x12, 0x08, 0xD5, 0x78,
0x34, 0xF6, 0xEB, 0x18, 0xF6, 0x90, 0x00, 0x10, 0x12, 0x08, 0xD5, 0xFE, 0xEB, 0xFF, 0x7C, 0x02, 0x12, 0x85, 0xDB, 0x90, 0x1B, 0x78, 0xE0, 0x44, 0x01, 0xF0, 0x90, 0x09, 0xB8, 0xE0, 0xFD, 0xA3,
0xE0, 0x4D, 0x60, 0x0A, 0x12, 0xD3, 0x8E, 0x90, 0x0A, 0x1A, 0xE4, 0xF0, 0xA3, 0xF0, 0x90, 0x09, 0xBC, 0xE0, 0xFD, 0xA3, 0xE0, 0x4D, 0x70, 0x03, 0x02, 0xC2, 0xFC, 0x90, 0x1B, 0xAF, 0xE0, 0x70,
0x03, 0x02, 0xC2, 0xD7, 0x7D, 0x02, 0x7C, 0x39, 0x12, 0xE2, 0x35, 0x90, 0x1B, 0x79, 0x12, 0x0B, 0xC3, 0x90, 0x00, 0x03, 0x12, 0x08, 0x83, 0xB4, 0x05, 0x02, 0x80, 0x03, 0xD3, 0x40, 0x2D, 0x90,
0x1B, 0xAC, 0xE0, 0xFD, 0xA3, 0xE0, 0xFC, 0x7B, 0x05, 0x7A, 0xA0, 0x12, 0x01, 0x36, 0x90, 0x1B, 0x79, 0x12, 0x0B, 0xC3, 0xE8, 0xFA, 0xE9, 0xFB, 0x90, 0x00, 0x0D, 0x12, 0x08, 0xC5, 0x90, 0x12,
0xEC, 0x12, 0x0B, 0x8E, 0xEB, 0xF0, 0xA3, 0xEA, 0xF0, 0x02, 0xC2, 0x75, 0xB4, 0x06, 0x02, 0x80, 0x03, 0xD3, 0x40, 0x2C, 0x90, 0x1B, 0xAC, 0xE0, 0xFD, 0xA3, 0xE0, 0xFC, 0xE4, 0xFB, 0x7A, 0x3C,
0x12, 0x01, 0x36, 0x90, 0x1B, 0x79, 0x12, 0x0B, 0xC3, 0xE8, 0xFA, 0xE9, 0xFB, 0x90, 0x00, 0x0D, 0x12, 0x08, 0xC5, 0x90, 0x12, 0xEC, 0x12, 0x0B, 0x8E, 0xEB, 0xF0, 0xA3, 0xEA, 0xF0, 0x80, 0x55,
0xB4, 0x07, 0x02, 0x80, 0x03, 0xD3, 0x40, 0x2C, 0x90, 0x1B, 0xAC, 0xE0, 0xFD, 0xA3, 0xE0, 0xFC, 0xE4, 0xFB, 0x7A, 0x3C, 0x12, 0x01, 0x36, 0x90, 0x1B, 0x79, 0x12, 0x0B, 0xC3, 0xE8, 0xFA, 0xE9,
0xFB, 0x90, 0x00, 0x0D, 0x12, 0x08, 0xC5, 0x90, 0x12, 0xEC, 0x12, 0x0B, 0x8E, 0xEB, 0xF0, 0xA3, 0xEA, 0xF0, 0x80, 0x21, 0x90, 0x1B, 0xAC, 0xE0, 0xFD, 0xA3, 0xE0, 0xFC, 0x90, 0x1B, 0x79, 0x12,
0x0B, 0xCC, 0x90, 0x00, 0x0D, 0x12, 0x08, 0xB5, 0x90, 0x12, 0xEC, 0x12, 0x0B, 0x9D, 0xED, 0xF0, 0xA3, 0xEC, 0xF0, 0x80, 0x00, 0x90, 0x1B, 0x79, 0x12, 0x0B, 0xC3, 0x90, 0x00, 0x0D, 0x12, 0x08,
0xD5, 0x90, 0x12, 0xEC, 0x12, 0x0B, 0x93, 0xE0, 0xFF, 0xA3, 0xE0, 0xFE, 0x90, 0x1B, 0x79, 0x12, 0x0B, 0xCC, 0x90, 0x00, 0x0D, 0x12, 0x08, 0xA5, 0xFC, 0x12, 0x73, 0xC6, 0x90, 0x1B, 0x79, 0x12,
0x0B, 0xC3, 0x90, 0x00, 0x0D, 0x12, 0x08, 0xD5, 0x64, 0x29, 0x4B, 0x70, 0x1E, 0x90, 0x1B, 0x79, 0x12, 0x0B, 0xC3, 0x90, 0x00, 0x0D, 0x12, 0x08, 0xD5, 0x90, 0x12, 0xEC, 0x12, 0x0B, 0x93, 0xE0,
0xFD, 0xA3, 0xE0, 0x90, 0x1B, 0x0A, 0xCD, 0xF0, 0xA3, 0xCD, 0xF0, 0x12, 0xD3, 0x8E, 0x90, 0x0A, 0x1A, 0xE4, 0xF0, 0xA3, 0xF0, 0x80, 0x1E, 0x74, 0x01, 0x90, 0x1B, 0xAF, 0xF0, 0x90, 0x1B, 0x79,
0x12, 0x0B, 0xC3, 0x90, 0x00, 0x0C, 0x12, 0x08, 0x83, 0x24, 0xD2, 0xFE, 0xE4, 0x34, 0x01, 0xFF, 0x7C, 0x04, 0x12, 0x75, 0xEF, 0x90, 0x09, 0xBC, 0xE4, 0xF0, 0xA3, 0xF0, 0x90, 0x0A, 0x2E, 0xE0,
0xFD, 0xA3, 0xE0, 0x4D, 0x70, 0x03, 0x02, 0xC3, 0xFC, 0x90, 0x1B, 0xAF, 0xE0, 0x70, 0x1E, 0x90, 0x1B, 0x79, 0x12, 0x0B, 0xC3, 0x90, 0x00, 0x0C, 0x12, 0x08, 0x83, 0x24, 0xD2, 0xFE, 0xE4, 0x34,
0x01, 0xFF, 0x7C, 0x04, 0x12, 0x75, 0xEF, 0x74, 0x01, 0x90, 0x1B, 0xAF, 0xF0, 0x7D, 0xAC, 0x7E, 0x1B, 0x7F, 0x01, 0x12, 0xDF, 0x82, 0x90, 0x1B, 0xAE, 0xE0, 0xB4, 0x03, 0x11, 0x90, 0x1B, 0xAC,
0xE0, 0xFF, 0xA3, 0xE0, 0xFE, 0x7D, 0x06, 0x7C, 0x03, 0x12, 0x82, 0x72, 0x80, 0x2F, 0x90, 0x1B, 0x79, 0x12, 0x0B, 0xC3, 0x90, 0x00, 0x03, 0x12, 0x08, 0x83, 0x14, 0x70, 0x11, 0x90, 0x1B, 0xAC,
0xE0, 0xFF, 0xA3, 0xE0, 0xFE, 0x7D, 0x07, 0x7C, 0x03, 0x12, 0x82, 0xD9, 0x80, 0x0F, 0x90, 0x1B, 0xAC, 0xE0, 0xFF, 0xA3, 0xE0, 0xFE, 0x7D, 0x07, 0x7C, 0x03, 0x12, 0x82, 0x72, 0x90, 0x1B, 0x79,
0x12, 0x0B, 0xC3, 0x90, 0x00, 0x0D, 0x12, 0x08, 0xD5, 0x14, 0x4B, 0x60, 0x11, 0x90, 0x1B, 0x79, 0x12, 0x0B, 0xC3, 0x90, 0x00, 0x0D, 0x12, 0x08, 0xD5, 0x64, 0x04, 0x4B, 0x70, 0x30, 0x90, 0x1B,
0xAC, 0xE0, 0xFD, 0xA3, 0xE0, 0x78, 0x39, 0xCD, 0xF6, 0xCD, 0x08, 0xF6, 0x90, 0x1B, 0x79, 0x12, 0x0B, 0xC3, 0x90, 0x00, 0x12, 0x12, 0x08, 0xD5, 0x78, 0x38, 0xF6, 0xEB, 0x18, 0xF6, 0x90, 0x00,
0x10, 0x12, 0x08, 0xD5, 0xFE, 0xEB, 0xFF, 0x7C, 0x02, 0x12, 0x86, 0x9D, 0x80, 0x2E, 0x90, 0x1B, 0xAC, 0xE0, 0xFD, 0xA3, 0xE0, 0x78, 0x35, 0xCD, 0xF6, 0xCD, 0x08, 0xF6, 0x90, 0x1B, 0x79, 0x12,
0x0B, 0xC3, 0x90, 0x00, 0x12, 0x12, 0x08, 0xD5, 0x78, 0x34, 0xF6, 0xEB, 0x18, 0xF6, 0x90, 0x00, 0x10, 0x12, 0x08, 0xD5, 0xFE, 0xEB, 0xFF, 0x7C, 0x02, 0x12, 0x85, 0xDB, 0x22, 0x90, 0x1B, 0x78,
0xE0, 0x20, 0xE0, 0x32, 0x90, 0x1B, 0x78, 0xE0, 0x44, 0x01, 0xF0, 0x90, 0x1B, 0x79, 0x12, 0x0B, 0xC3, 0x90, 0x00, 0x08, 0x12, 0x08, 0x83, 0xFF, 0x90, 0x1B, 0x79, 0x12, 0x0B, 0xCC, 0x90, 0x00,
0x07, 0x12, 0x08, 0x77, 0xFE, 0x90, 0x00, 0x06, 0x12, 0x08, 0x77, 0xFD, 0x90, 0x00, 0x05, 0x12, 0x08, 0x77, 0xFC, 0x12, 0xD3, 0xBD, 0x90, 0x09, 0xB8, 0xE0, 0xFD, 0xA3, 0xE0, 0x4D, 0x60, 0x03,
0x12, 0xD3, 0x8E, 0x90, 0x09, 0xBA, 0xE0, 0xFD, 0xA3, 0xE0, 0x4D, 0x60, 0x07, 0x90, 0x09, 0xBA, 0xE4, 0xF0, 0xA3, 0xF0, 0x90, 0x09, 0xBC, 0xE0, 0xFD, 0xA3, 0xE0, 0x4D, 0x60, 0x17, 0x7D, 0x02,
0x7C, 0x3E, 0x12, 0xE2, 0x35, 0x12, 0x8B, 0x95, 0x12, 0xD3, 0x8E, 0x12, 0x72, 0x50, 0x90, 0x09, 0xBC, 0xE4, 0xF0, 0xA3, 0xF0, 0x22, 0x90, 0x1B, 0x78, 0xE0, 0x30, 0xE0, 0x03, 0x02, 0xC5, 0x26,
0x90, 0x1B, 0x79, 0x12, 0x0B, 0xC3, 0x90, 0x00, 0x0D, 0x12, 0x08, 0xD5, 0x90, 0x12, 0xEC, 0x12, 0x0B, 0x93, 0xA3, 0xE0, 0x90, 0x1B, 0xB0, 0xF0, 0x90, 0x00, 0x08, 0x12, 0x08, 0x83, 0xFF, 0x90,
0x1B, 0x79, 0x12, 0x0B, 0xCC, 0x90, 0x00, 0x07, 0x12, 0x08, 0x77, 0xFE, 0x90, 0x00, 0x05, 0x12, 0x08, 0x77, 0xFC, 0x7D, 0x00, 0x12, 0xD3, 0xBD, 0x90, 0x1B, 0x79, 0x12, 0x0B, 0xC3, 0x90, 0x00,
0x0D, 0x12, 0x08, 0xD5, 0x64, 0x3E, 0x4B, 0x70, 0x23, 0x78, 0x2A, 0x76, 0x02, 0x08, 0x76, 0x2D, 0x08, 0x76, 0xF8, 0x7D, 0x06, 0x7C, 0x02, 0x12, 0x81, 0x26, 0x90, 0x1B, 0xB0, 0xE0, 0xFE, 0x33,
0x95, 0xE0, 0xFF, 0x7D, 0x0A, 0x7C, 0x02, 0x12, 0x82, 0x72, 0x80, 0x29, 0x90, 0x1B, 0x79, 0x12, 0x0B, 0xC3, 0x90, 0x00, 0x10, 0x12, 0x08, 0xD5, 0xFA, 0x90, 0x1B, 0xB0, 0xE0, 0xFC, 0x33, 0x95,
0xE0, 0xFD, 0xEA, 0x2C, 0xFA, 0xEB, 0x3D, 0xFB, 0xEA, 0x24, 0xD2, 0xFE, 0xEB, 0x34, 0x01, 0xFF, 0x7C, 0x02, 0x12, 0x75, 0xEF, 0x90, 0x1B, 0x78, 0xE0, 0x44, 0x01, 0xF0, 0xE4, 0x90, 0x1B, 0xB2,
0xF0, 0xE4, 0x90, 0x1B, 0xB1, 0xF0, 0x90, 0x09, 0xB8, 0xE0, 0xFD, 0xA3, 0xE0, 0x4D, 0x60, 0x03, 0x12, 0xD3, 0x8E, 0x90, 0x09, 0xBA, 0xE0, 0xFD, 0xA3, 0xE0, 0x4D, 0x60, 0x07, 0x90, 0x09, 0xBA,
0xE4, 0xF0, 0xA3, 0xF0, 0x90, 0x09, 0xBC, 0xE0, 0xFD, 0xA3, 0xE0, 0x4D, 0x70, 0x03, 0x02, 0xC5, 0xEC, 0x90, 0x1B, 0xB1, 0xE0, 0x60, 0x6E, 0x7D, 0x02, 0x7C, 0x39, 0x12, 0xE2, 0x35, 0x90, 0x1B,
0xB0, 0xE0, 0xFC, 0x33, 0x95, 0xE0, 0xFD, 0x90, 0x1B, 0x79, 0x12, 0x0B, 0xCC, 0x90, 0x00, 0x0D, 0x12, 0x08, 0xB5, 0x90, 0x12, 0xEC, 0x12, 0x0B, 0x9D, 0xED, 0xF0, 0xA3, 0xEC, 0xF0, 0x90, 0x1B,
0xB0, 0xE0, 0xFE, 0x33, 0x95, 0xE0, 0xFF, 0x90, 0x00, 0x0D, 0x12, 0x08, 0xA5, 0xFC, 0x12, 0x73, 0xC6, 0x90, 0x1B, 0x79, 0x12, 0x0B, 0xC3, 0x90, 0x00, 0x0D, 0x12, 0x08, 0xD5, 0x64, 0x3C, 0x4B,
0x70, 0x13, 0x90, 0x1B, 0xB0, 0xE0, 0x70, 0x08, 0x74, 0x21, 0x90, 0x22, 0x3D, 0xF0, 0x80, 0x05, 0xE4, 0x90, 0x22, 0x3D, 0xF0, 0x90, 0x1B, 0x78, 0xE0, 0x44, 0x02, 0xF0, 0x90, 0x1B, 0x78, 0xE0,
0x54, 0xFE, 0xF0, 0x80, 0x27, 0x78, 0x2A, 0x76, 0x02, 0x08, 0x76, 0x2D, 0x08, 0x76, 0x3A, 0x7D, 0x0D, 0x7C, 0x04, 0x12, 0x81, 0x26, 0xE4, 0xFF, 0x7E, 0x7B, 0x7C, 0x03, 0x12, 0x75, 0xEF, 0x74,
0x01, 0x90, 0x1B, 0xB1, 0xF0, 0x90, 0x09, 0xBC, 0xE4, 0xF0, 0xA3, 0xF0, 0x90, 0x0A, 0x2E, 0xE0, 0xFD, 0xA3, 0xE0, 0x4D, 0x70, 0x03, 0x02, 0xC6, 0xCB, 0x90, 0x1B, 0xB1, 0xE0, 0x60, 0x2D, 0x90,
0x1B, 0xB2, 0xE0, 0x70, 0x27, 0x74, 0x01, 0x90, 0x1B, 0xB2, 0xF0, 0x90, 0x1B, 0x79, 0x12, 0x0B, 0xC3, 0x90, 0x00, 0x0C, 0x12, 0x08, 0x83, 0x24, 0xD2, 0xFE, 0xE4, 0x34, 0x01, 0xFF, 0x7C, 0x04,
0x12, 0x75, 0xEF, 0xE4, 0xFF, 0x7E, 0x7B, 0x7C, 0x03, 0x12, 0x75, 0xEF, 0x90, 0x1B, 0xB2, 0xE0, 0x70, 0x03, 0x02, 0xC6, 0xC4, 0x90, 0x0A, 0x2F, 0xE0, 0x90, 0x1B, 0xB0, 0xFC, 0xE0, 0x2C, 0x90,
0x1B, 0xB0, 0xF0, 0x33, 0x50, 0x05, 0xE4, 0x90, 0x1B, 0xB0, 0xF0, 0x90, 0x1B, 0x79, 0x12, 0x0B, 0xC3, 0x90, 0x00, 0x12, 0x12, 0x08, 0xD5, 0xFA, 0x90, 0x1B, 0xB0, 0xE0, 0xFC, 0x33, 0x95, 0xE0,
0xFD, 0xEA, 0xC3, 0x9C, 0xEB, 0x9D, 0x50, 0x10, 0x90, 0x1B, 0x79, 0x12, 0x0B, 0xC3, 0x90, 0x00, 0x12, 0x12, 0x08, 0xD5, 0x90, 0x1B, 0xB0, 0xF0, 0x90, 0x1B, 0x79, 0x12, 0x0B, 0xC3, 0x90, 0x00,
0x0D, 0x12, 0x08, 0xD5, 0x64, 0x3E, 0x4B, 0x70, 0x12, 0x90, 0x1B, 0xB0, 0xE0, 0xFE, 0x33, 0x95, 0xE0, 0xFF, 0x7D, 0x0A, 0x7C, 0x02, 0x12, 0x82, 0x72, 0x80, 0x29, 0x90, 0x1B, 0x79, 0x12, 0x0B,
0xC3, 0x90, 0x00, 0x10, 0x12, 0x08, 0xD5, 0xFA, 0x90, 0x1B, 0xB0, 0xE0, 0xFC, 0x33, 0x95, 0xE0, 0xFD, 0xEA, 0x2C, 0xFA, 0xEB, 0x3D, 0xFB, 0xEA, 0x24, 0xD2, 0xFE, 0xEB, 0x34, 0x01, 0xFF, 0x7C,
0x02, 0x12, 0x75, 0xEF, 0x90, 0x0A, 0x2E, 0xE4, 0xF0, 0xA3, 0xF0, 0x22, 0x90, 0x1B, 0x79, 0x12, 0x0B, 0xC3, 0x90, 0x00, 0x08, 0x12, 0x08, 0x83, 0xFF, 0x90, 0x1B, 0x79, 0x12, 0x0B, 0xCC, 0x90,
0x00, 0x07, 0x12, 0x08, 0x77, 0xFE, 0x90, 0x00, 0x06, 0x12, 0x08, 0x77, 0xFD, 0x90, 0x00, 0x05, 0x12, 0x08, 0x77, 0xFC, 0x12, 0xD3, 0xBD, 0x90, 0x1B, 0x79, 0x12, 0x0B, 0xC3, 0x90, 0x00, 0x04,
0x12, 0x08, 0x83, 0xFC, 0x7D, 0x3B, 0xE4, 0xFE, 0xFF, 0x12, 0xE1, 0x6E, 0x90, 0x1B, 0x79, 0x12, 0x0B, 0xC3, 0x90, 0x00, 0x0D, 0x12, 0x08, 0xD5, 0xBB, 0x00, 0x02, 0x80, 0x03, 0x02, 0xC9, 0xDB,
0x12, 0x06, 0x9E, 0xC9, 0x87, 0x46, 0xC7, 0x36, 0x48, 0xC7, 0x93, 0x4A, 0xC8, 0x64, 0x4C, 0xC8, 0xC1, 0x4E, 0x00, 0x00, 0xC9, 0xDB, 0x90, 0x13, 0x7C, 0xE0, 0xFD, 0xA3, 0xE0, 0x90, 0x13, 0x81,
0xFE, 0xE0, 0x2E, 0x78, 0x40, 0xF6, 0x90, 0x13, 0x80, 0xE0, 0x3D, 0x18, 0xF6, 0x90, 0x13, 0x7E, 0xE0, 0xFD, 0xA3, 0xE0, 0x90, 0x13, 0x83, 0xFE, 0xE0, 0x2E, 0xFC, 0x90, 0x13, 0x82, 0xE0, 0x3D,
0xFD, 0xD3, 0xEC, 0x94, 0x05, 0xED, 0x94, 0x00, 0x40, 0x08, 0x78, 0x40, 0x06, 0xE6, 0x18, 0x70, 0x01, 0x06, 0x78, 0x3F, 0xE6, 0xFF, 0x08, 0xE6, 0xFE, 0x7D, 0x06, 0x7C, 0x02, 0x12, 0x82, 0x72,
0xE4, 0x78, 0x2A, 0xF6, 0x08, 0xF6, 0x08, 0x76, 0x3B, 0x7D, 0x0B, 0x7C, 0x02, 0x12, 0x81, 0x26, 0x02, 0xC9, 0xDB, 0x90, 0x13, 0x7C, 0xE0, 0xFD, 0xA3, 0xE0, 0x90, 0x13, 0x81, 0xFE, 0xE0, 0x2E,
0x78, 0x40, 0xF6, 0x90, 0x13, 0x80, 0xE0, 0x3D, 0x18, 0xF6, 0xFD, 0xD3, 0x90, 0x13, 0x7F, 0xE0, 0x94, 0x05, 0x90, 0x13, 0x7E, 0xE0, 0x94, 0x00, 0x40, 0x08, 0x78, 0x40, 0x06, 0xE6, 0x18, 0x70,
0x01, 0x06, 0xD3, 0x90, 0x13, 0x83, 0xE0, 0x94, 0x05, 0x90, 0x13, 0x82, 0xE0, 0x94, 0x00, 0x40, 0x08, 0x78, 0x40, 0x06, 0xE6, 0x18, 0x70, 0x01, 0x06, 0x78, 0x3F, 0xE6, 0x08, 0x46, 0x60, 0x6D,
0x90, 0x13, 0x7C, 0xE0, 0xFD, 0xA3, 0xE0, 0x78, 0x41, 0xCD, 0xF6, 0xCD, 0x08, 0xF6, 0xD3, 0x90, 0x13, 0x7F, 0xE0, 0x94, 0x05, 0x90, 0x13, 0x7E, 0xE0, 0x94, 0x00, 0x40, 0x08, 0x78, 0x42, 0x06,
0xE6, 0x18, 0x70, 0x01, 0x06, 0x78, 0x41, 0xE6, 0xFD, 0x08, 0xE6, 0xFC, 0xE4, 0xFE, 0xFF, 0xE4, 0xF9, 0xFA, 0xFB, 0x78, 0x64, 0x12, 0x02, 0x92, 0x78, 0x3F, 0xE6, 0xF9, 0x08, 0xE6, 0xF8, 0xE4,
0xFA, 0xFB, 0x12, 0x03, 0xB6, 0x78, 0x43, 0xED, 0xF6, 0x08, 0xEC, 0xF6, 0xE4, 0xFF, 0x74, 0x64, 0xC3, 0x9C, 0xFE, 0xEF, 0x9D, 0xFF, 0x7D, 0x02, 0x7C, 0x02, 0x12, 0x82, 0x72, 0x78, 0x43, 0xE6,
0xFF, 0x08, 0xE6, 0xFE, 0x7D, 0x0B, 0x7C, 0x02, 0x12, 0x82, 0x72, 0x80, 0x14, 0xE4, 0xFE, 0xFF, 0x7D, 0x02, 0x7C, 0x02, 0x12, 0x82, 0x72, 0xE4, 0xFE, 0xFF, 0x7D, 0x0B, 0x7C, 0x02, 0x12, 0x82,
0x72, 0x02, 0xC9, 0xDB, 0x90, 0x13, 0x84, 0xE0, 0xFD, 0xA3, 0xE0, 0x90, 0x13, 0x89, 0xFE, 0xE0, 0x2E, 0x78, 0x40, 0xF6, 0x90, 0x13, 0x88, 0xE0, 0x3D, 0x18, 0xF6, 0x90, 0x13, 0x86, 0xE0, 0xFD,
0xA3, 0xE0, 0x90, 0x13, 0x8B, 0xFE, 0xE0, 0x2E, 0xFC, 0x90, 0x13, 0x8A, 0xE0, 0x3D, 0xFD, 0xD3, 0xEC, 0x94, 0x05, 0xED, 0x94, 0x00, 0x40, 0x08, 0x78, 0x40, 0x06, 0xE6, 0x18, 0x70, 0x01, 0x06,
0x78, 0x3F, 0xE6, 0xFF, 0x08, 0xE6, 0xFE, 0x7D, 0x06, 0x7C, 0x02, 0x12, 0x82, 0x72, 0xE4, 0x78, 0x2A, 0xF6, 0x08, 0xF6, 0x08, 0x76, 0x3B, 0x7D, 0x0B, 0x7C, 0x02, 0x12, 0x81, 0x26, 0x02, 0xC9,
0xDB, 0x90, 0x13, 0x84, 0xE0, 0xFD, 0xA3, 0xE0, 0x90, 0x13, 0x89, 0xFE, 0xE0, 0x2E, 0x78, 0x40, 0xF6, 0x90, 0x13, 0x88, 0xE0, 0x3D, 0x18, 0xF6, 0x90, 0x13, 0x86, 0xE0, 0xFD, 0xA3, 0xE0, 0x90,
0x13, 0x8B, 0xFE, 0xE0, 0x2E, 0xFC, 0x90, 0x13, 0x8A, 0xE0, 0x3D, 0xFD, 0xD3, 0xEC, 0x94, 0x05, 0xED, 0x94, 0x00, 0x40, 0x08, 0x78, 0x40, 0x06, 0xE6, 0x18, 0x70, 0x01, 0x06, 0x78, 0x3F, 0xE6,
0x08, 0x46, 0x60, 0x6D, 0x90, 0x13, 0x84, 0xE0, 0xFD, 0xA3, 0xE0, 0x78, 0x41, 0xCD, 0xF6, 0xCD, 0x08, 0xF6, 0xD3, 0x90, 0x13, 0x87, 0xE0, 0x94, 0x05, 0x90, 0x13, 0x86, 0xE0, 0x94, 0x00, 0x40,
0x08, 0x78, 0x42, 0x06, 0xE6, 0x18, 0x70, 0x01, 0x06, 0x78, 0x41, 0xE6, 0xFD, 0x08, 0xE6, 0xFC, 0xE4, 0xFE, 0xFF, 0xE4, 0xF9, 0xFA, 0xFB, 0x78, 0x64, 0x12, 0x02, 0x92, 0x78, 0x3F, 0xE6, 0xF9,
0x08, 0xE6, 0xF8, 0xE4, 0xFA, 0xFB, 0x12, 0x03, 0xB6, 0x78, 0x43, 0xED, 0xF6, 0x08, 0xEC, 0xF6, 0xE4, 0xFF, 0x74, 0x64, 0xC3, 0x9C, 0xFE, 0xEF, 0x9D, 0xFF, 0x7D, 0x02, 0x7C, 0x02, 0x12, 0x82,
0x72, 0x78, 0x43, 0xE6, 0xFF, 0x08, 0xE6, 0xFE, 0x7D, 0x0B, 0x7C, 0x02, 0x12, 0x82, 0x72, 0x80, 0x14, 0xE4, 0xFE, 0xFF, 0x7D, 0x02, 0x7C, 0x02, 0x12, 0x82, 0x72, 0xE4, 0xFE, 0xFF, 0x7D, 0x0B,
0x7C, 0x02, 0x12, 0x82, 0x72, 0x80, 0x54, 0x90, 0x1B, 0x79, 0x12, 0x0B, 0xC3, 0x90, 0x00, 0x0D, 0x12, 0x08, 0xD5, 0x90, 0x12, 0xEC, 0x12, 0x0B, 0x93, 0xE0, 0xFD, 0xA3, 0xE0, 0x78, 0x3F, 0xCD,
0xF6, 0xCD, 0x08, 0xF6, 0xD3, 0x90, 0x13, 0x7B, 0xE0, 0x94, 0x05, 0x90, 0x13, 0x7A, 0xE0, 0x94, 0x00, 0x40, 0x08, 0x78, 0x40, 0x06, 0xE6, 0x18, 0x70, 0x01, 0x06, 0x78, 0x3F, 0xE6, 0xFF, 0x08,
0xE6, 0xFE, 0x7D, 0x06, 0x7C, 0x02, 0x12, 0x82, 0x72, 0xE4, 0x78, 0x2A, 0xF6, 0x08, 0xF6, 0x08, 0x76, 0x3B, 0x7D, 0x0B, 0x7C, 0x02, 0x12, 0x81, 0x26, 0x80, 0x00, 0x22, 0x90, 0x1B, 0x78, 0xE0,
0x20, 0xE0, 0x32, 0x90, 0x1B, 0x79, 0x12, 0x0B, 0xC3, 0x90, 0x00, 0x08, 0x12, 0x08, 0x83, 0xFF, 0x90, 0x1B, 0x79, 0x12, 0x0B, 0xCC, 0x90, 0x00, 0x07, 0x12, 0x08, 0x77, 0xFE, 0x90, 0x00, 0x06,
0x12, 0x08, 0x77, 0xFD, 0x90, 0x00, 0x05, 0x12, 0x08, 0x77, 0xFC, 0x12, 0xD3, 0xBD, 0x90, 0x1B, 0x78, 0xE0, 0x44, 0x01, 0xF0, 0x90, 0x09, 0xB8, 0xE0, 0xFD, 0xA3, 0xE0, 0x4D, 0x60, 0x27, 0x90,
0x1B, 0x79, 0x12, 0x0B, 0xC3, 0x90, 0x00, 0x1D, 0x12, 0x09, 0x22, 0x90, 0x1B, 0x79, 0x12, 0x0B, 0xBA, 0x90, 0x1B, 0x78, 0xE0, 0x54, 0xFE, 0xF0, 0x90, 0x1B, 0x78, 0xE0, 0x44, 0x02, 0xF0, 0x90,
0x09, 0xB8, 0xE4, 0xF0, 0xA3, 0xF0, 0x90, 0x09, 0xBA, 0xE0, 0xFD, 0xA3, 0xE0, 0x4D, 0x60, 0x07, 0x90, 0x09, 0xBA, 0xE4, 0xF0, 0xA3, 0xF0, 0x90, 0x09, 0xBC, 0xE0, 0xFD, 0xA3, 0xE0, 0x4D, 0x60,
0x39, 0x7D, 0x02, 0x7C, 0x3C, 0x12, 0xE2, 0x35, 0x78, 0x3B, 0x76, 0x00, 0x78, 0x3B, 0xE6, 0x24, 0xF5, 0x40, 0x24, 0x78, 0x3B, 0xE6, 0x24, 0x46, 0xFC, 0xE4, 0x34, 0x00, 0xFD, 0xE4, 0xFE, 0xFF,
0x12, 0x73, 0xC6, 0x78, 0x3B, 0xE6, 0x7D, 0x00, 0x90, 0x13, 0x78, 0x12, 0x0B, 0x98, 0xE4, 0xF0, 0xA3, 0xF0, 0x78, 0x3B, 0x06, 0x80, 0xD5, 0x12, 0xD3, 0x8E, 0x90, 0x0A, 0x2E, 0xE4, 0xF0, 0xA3,
0xF0, 0x22, 0x90, 0x1B, 0x78, 0xE0, 0x20, 0xE0, 0x32, 0x90, 0x1B, 0x79, 0x12, 0x0B, 0xC3, 0x90, 0x00, 0x08, 0x12, 0x08, 0x83, 0xFF, 0x90, 0x1B, 0x79, 0x12, 0x0B, 0xCC, 0x90, 0x00, 0x07, 0x12,
0x08, 0x77, 0xFE, 0x90, 0x00, 0x06, 0x12, 0x08, 0x77, 0xFD, 0x90, 0x00, 0x05, 0x12, 0x08, 0x77, 0xFC, 0x12, 0xD3, 0xBD, 0x90, 0x1B, 0x78, 0xE0, 0x44, 0x01, 0xF0, 0x90, 0x09, 0xB8, 0xE0, 0xFD,
0xA3, 0xE0, 0x4D, 0x60, 0x03, 0x12, 0xD3, 0x8E, 0x90, 0x09, 0xBA, 0xE0, 0xFD, 0xA3, 0xE0, 0x4D, 0x60, 0x07, 0x90, 0x09, 0xBA, 0xE4, 0xF0, 0xA3, 0xF0, 0x90, 0x09, 0xBC, 0xE0, 0xFD, 0xA3, 0xE0,
0x4D, 0x60, 0x0F, 0x7D, 0x02, 0x7C, 0x3B, 0x12, 0xE2, 0x35, 0x7C, 0x00, 0x12, 0x2E, 0x38, 0x12, 0xD3, 0x8E, 0x22, 0x90, 0x1B, 0x78, 0xE0, 0x20, 0xE0, 0x32, 0x90, 0x1B, 0x79, 0x12, 0x0B, 0xC3,
0x90, 0x00, 0x08, 0x12, 0x08, 0x83, 0xFF, 0x90, 0x1B, 0x79, 0x12, 0x0B, 0xCC, 0x90, 0x00, 0x07, 0x12, 0x08, 0x77, 0xFE, 0x90, 0x00, 0x06, 0x12, 0x08, 0x77, 0xFD, 0x90, 0x00, 0x05, 0x12, 0x08,
0x77, 0xFC, 0x12, 0xD3, 0xBD, 0x90, 0x1B, 0x78, 0xE0, 0x44, 0x01, 0xF0, 0x90, 0x09, 0xB8, 0xE0, 0xFD, 0xA3, 0xE0, 0x4D, 0x60, 0x03, 0x12, 0xD3, 0x8E, 0x90, 0x09, 0xBA, 0xE0, 0xFD, 0xA3, 0xE0,
0x4D, 0x60, 0x07, 0x90, 0x09, 0xBA, 0xE4, 0xF0, 0xA3, 0xF0, 0x90, 0x09, 0xBC, 0xE0, 0xFD, 0xA3, 0xE0, 0x4D, 0x60, 0x12, 0x7D, 0x02, 0x7C, 0x3E, 0x12, 0xE2, 0x35, 0x90, 0x13, 0xD6, 0xE4, 0xF0,
0xA3, 0x04, 0xF0, 0x12, 0xD3, 0x8E, 0x22, 0x90, 0x1B, 0x78, 0xE0, 0x44, 0x02, 0xF0, 0x90, 0x1B, 0x78, 0xE0, 0x30, 0xE2, 0x32, 0x90, 0x1B, 0x78, 0xE0, 0x54, 0xFB, 0xF0, 0x90, 0x1B, 0x79, 0x12,
0x0B, 0xC3, 0x90, 0x00, 0x08, 0x12, 0x08, 0x83, 0xFF, 0x90, 0x1B, 0x79, 0x12, 0x0B, 0xCC, 0x90, 0x00, 0x07, 0x12, 0x08, 0x77, 0xFE, 0x90, 0x00, 0x06, 0x12, 0x08, 0x77, 0xFD, 0x90, 0x00, 0x05,
0x12, 0x08, 0x77, 0xFC, 0x12, 0xD3, 0xBD, 0x90, 0x1B, 0x79, 0x12, 0x0B, 0xC3, 0x90, 0x00, 0x03, 0x12, 0x08, 0x83, 0xB4, 0x05, 0x02, 0x80, 0x03, 0x02, 0xCC, 0xB2, 0x90, 0x1B, 0x79, 0x12, 0x0B,
0xC3, 0x90, 0x00, 0x0D, 0x12, 0x08, 0xD5, 0x25, 0xE0, 0x24, 0x08, 0xF5, 0x82, 0xE4, 0x34, 0x1B, 0xF5, 0x83, 0xE0, 0xFB, 0xA3, 0xE0, 0xFA, 0x79, 0x05, 0x78, 0xA0, 0x12, 0x01, 0xBD, 0xE8, 0xFE,
0xE9, 0xFF, 0x7D, 0xFE, 0x7C, 0x02, 0x12, 0x82, 0x72, 0x90, 0x1B, 0x79, 0x12, 0x0B, 0xC3, 0x90, 0x00, 0x0D, 0x12, 0x08, 0xD5, 0x25, 0xE0, 0x24, 0x08, 0xF5, 0x82, 0xE4, 0x34, 0x1B, 0xF5, 0x83,
0xE0, 0xFB, 0xA3, 0xE0, 0xFA, 0xE4, 0xF9, 0x78, 0x3C, 0x12, 0x01, 0xBD, 0xE8, 0x78, 0x3B, 0xC9, 0xF6, 0xC9, 0x08, 0xF6, 0xF8, 0xE4, 0xFB, 0x7A, 0x18, 0x12, 0x02, 0x21, 0xE8, 0xFE, 0xE9, 0xFF,
0x7D, 0x05, 0x7C, 0x02, 0x12, 0x82, 0x72, 0x90, 0x1B, 0x79, 0x12, 0x0B, 0xC3, 0x90, 0x00, 0x0D, 0x12, 0x08, 0xD5, 0x25, 0xE0, 0x24, 0x08, 0xF5, 0x82, 0xE4, 0x34, 0x1B, 0xF5, 0x83, 0xA3, 0xE0,
0x24, 0x3C, 0xFC, 0x12, 0x0B, 0x84, 0xE0, 0x34, 0x00, 0xFD, 0xE4, 0xFB, 0x7A, 0x3C, 0x12, 0x02, 0x10, 0xE8, 0xFE, 0xE9, 0xFF, 0x7D, 0x0C, 0x7C, 0x02, 0x12, 0x82, 0x72, 0x78, 0x2A, 0x76, 0x01,
0x08, 0x76, 0x09, 0x08, 0x76, 0x96, 0x7D, 0x04, 0x7C, 0x02, 0x12, 0x81, 0x26, 0x78, 0x2A, 0x76, 0x01, 0x08, 0x76, 0x09, 0x08, 0x76, 0x9A, 0x7D, 0x0B, 0x7C, 0x02, 0x12, 0x81, 0x26, 0x78, 0x2A,
0x76, 0x01, 0x08, 0x76, 0x09, 0x08, 0x76, 0x9E, 0x7D, 0x12, 0x7C, 0x02, 0x12, 0x81, 0x26, 0x02, 0xCD, 0x86, 0x90, 0x1B, 0x79, 0x12, 0x0B, 0xC3, 0x90, 0x00, 0x0D, 0x12, 0x08, 0xD5, 0x25, 0xE0,
0x24, 0xEC, 0xF5, 0x82, 0xE4, 0x34, 0x1A, 0xF5, 0x83, 0xE0, 0xFB, 0xA3, 0xE0, 0xFA, 0x79, 0x0E, 0x78, 0x10, 0x12, 0x01, 0xBD, 0xE8, 0xFE, 0xE9, 0xFF, 0x7D, 0xFE, 0x7C, 0x02, 0x12, 0x82, 0x72,
0x90, 0x1B, 0x79, 0x12, 0x0B, 0xC3, 0x90, 0x00, 0x0D, 0x12, 0x08, 0xD5, 0x25, 0xE0, 0x24, 0xEC, 0xF5, 0x82, 0xE4, 0x34, 0x1A, 0xF5, 0x83, 0xE0, 0xFB, 0xA3, 0xE0, 0xFA, 0xE4, 0xF9, 0x78, 0x3C,
0x12, 0x01, 0xBD, 0xE8, 0x78, 0x3B, 0xC9, 0xF6, 0xC9, 0x08, 0xF6, 0xF8, 0xE4, 0xFB, 0x7A, 0x3C, 0x12, 0x02, 0x21, 0xE8, 0xFE, 0xE9, 0xFF, 0x7D, 0x05, 0x7C, 0x02, 0x12, 0x82, 0x72, 0x90, 0x1B,
0x79, 0x12, 0x0B, 0xC3, 0x90, 0x00, 0x0D, 0x12, 0x08, 0xD5, 0x25, 0xE0, 0x24, 0xEC, 0xF5, 0x82, 0xE4, 0x34, 0x1A, 0xF5, 0x83, 0xA3, 0xE0, 0x24, 0x3C, 0xFC, 0x12, 0x0B, 0x84, 0xE0, 0x34, 0x00,
0xFD, 0xE4, 0xFB, 0x7A, 0x3C, 0x12, 0x02, 0x10, 0xE8, 0xFE, 0xE9, 0xFF, 0x7D, 0x0C, 0x7C, 0x02, 0x12, 0x82, 0x72, 0x78, 0x2A, 0x76, 0x01, 0x08, 0x76, 0x09, 0x08, 0x76, 0x9A, 0x7D, 0x04, 0x7C,
0x02, 0x12, 0x81, 0x26, 0x78, 0x2A, 0x76, 0x01, 0x08, 0x76, 0x09, 0x08, 0x76, 0x9E, 0x7D, 0x0B, 0x7C, 0x02, 0x12, 0x81, 0x26, 0x78, 0x2A, 0x76, 0x01, 0x08, 0x76, 0x09, 0x08, 0x76, 0xA2, 0x7D,
0x12, 0x7C, 0x02, 0x12, 0x81, 0x26, 0x22, 0x90, 0x1B, 0x77, 0xE0, 0x20, 0xE1, 0x06, 0x12, 0xA8, 0x94, 0x02, 0xD2, 0x2C, 0x90, 0x1B, 0x78, 0xE0, 0x44, 0x02, 0xF0, 0x90, 0x13, 0xC1, 0xE0, 0x75,
0xF0, 0x09, 0xA4, 0x24, 0x53, 0xF5, 0x82, 0xE4, 0x34, 0x1C, 0xF5, 0x83, 0xE0, 0x24, 0xD2, 0xFE, 0xE4, 0x34, 0x01, 0xFF, 0x7C, 0x01, 0x12, 0x75, 0xEF, 0x90, 0x13, 0xC1, 0xE0, 0x75, 0xF0, 0x09,
0xA4, 0x24, 0x54, 0xF5, 0x82, 0xE4, 0x34, 0x1C, 0xF5, 0x83, 0xE0, 0x24, 0xD2, 0xFE, 0xE4, 0x34, 0x01, 0xFF, 0x7C, 0x02, 0x12, 0x75, 0xEF, 0x90, 0x13, 0xC1, 0xE0, 0x75, 0xF0, 0x09, 0xA4, 0x24,
0x55, 0xF5, 0x82, 0xE4, 0x34, 0x1C, 0xF5, 0x83, 0xE0, 0x24, 0xD2, 0xFE, 0xE4, 0x34, 0x01, 0xFF, 0x7C, 0x03, 0x12, 0x75, 0xEF, 0x90, 0x13, 0xC1, 0xE0, 0x75, 0xF0, 0x09, 0xA4, 0x24, 0x52, 0xF5,
0x82, 0xE4, 0x34, 0x1C, 0xF5, 0x83, 0xE0, 0xB4, 0x03, 0x32, 0x90, 0x13, 0x5B, 0xE0, 0x30, 0xE5, 0x20, 0x90, 0x13, 0xC1, 0xE0, 0x75, 0xF0, 0x09, 0xA4, 0x24, 0x56, 0xF5, 0x82, 0xE4, 0x34, 0x1C,
0xF5, 0x83, 0xE0, 0x24, 0xD2, 0xFE, 0xE4, 0x34, 0x01, 0xFF, 0x7C, 0x04, 0x12, 0x75, 0xEF, 0x80, 0x09, 0xE4, 0xFF, 0x7E, 0x7B, 0x7C, 0x04, 0x12, 0x75, 0xEF, 0x80, 0x1E, 0x90, 0x13, 0xC1, 0xE0,
0x75, 0xF0, 0x09, 0xA4, 0x24, 0x56, 0xF5, 0x82, 0xE4, 0x34, 0x1C, 0xF5, 0x83, 0xE0, 0x24, 0xD2, 0xFE, 0xE4, 0x34, 0x01, 0xFF, 0x7C, 0x04, 0x12, 0x75, 0xEF, 0x90, 0x13, 0xC1, 0xE0, 0x75, 0xF0,
0x09, 0xA4, 0x24, 0x52, 0xF5, 0x82, 0xE4, 0x34, 0x1C, 0xF5, 0x83, 0xE0, 0x14, 0x70, 0x2D, 0x90, 0x13, 0xC1, 0xE0, 0x75, 0xF0, 0x09, 0xA4, 0x24, 0x57, 0xF5, 0x82, 0xE4, 0x34, 0x1C, 0xF5, 0x83,
0xA3, 0xE0, 0x25, 0xE0, 0x24, 0xEC, 0xF5, 0x82, 0xE4, 0x34, 0x1A, 0xF5, 0x83, 0xE0, 0xFF, 0xA3, 0xE0, 0xFE, 0x7D, 0x03, 0x7C, 0x03, 0x12, 0x82, 0x72, 0x02, 0xD2, 0x2C, 0x90, 0x13, 0xC1, 0xE0,
0x75, 0xF0, 0x09, 0xA4, 0x24, 0x52, 0xF5, 0x82, 0xE4, 0x34, 0x1C, 0xF5, 0x83, 0xE0, 0xB4, 0x02, 0x02, 0x80, 0x03, 0x02, 0xCF, 0x7F, 0x90, 0x13, 0xC1, 0xE0, 0x75, 0xF0, 0x09, 0xA4, 0x24, 0x57,
0xF5, 0x82, 0xE4, 0x34, 0x1C, 0xF5, 0x83, 0xE0, 0xFD, 0xA3, 0xE0, 0x90, 0x12, 0xEC, 0x12, 0x0B, 0x98, 0xE0, 0xFF, 0xA3, 0xE0, 0xFE, 0x7D, 0x0E, 0x7C, 0x03, 0x12, 0x82, 0xD9, 0x90, 0x13, 0xC1,
0xE0, 0x75, 0xF0, 0x09, 0xA4, 0x24, 0x59, 0xF5, 0x82, 0xE4, 0x34, 0x1C, 0xF5, 0x83, 0xE0, 0xFD, 0xA3, 0xE0, 0x90, 0x12, 0xEC, 0x12, 0x0B, 0x98, 0xE0, 0xFD, 0xA3, 0xE0, 0xC3, 0x94, 0x70, 0xED,
0x64, 0x80, 0x94, 0x7E, 0x50, 0x13, 0x78, 0x2A, 0x76, 0x02, 0x08, 0x76, 0x2E, 0x08, 0x76, 0x00, 0x7D, 0x0F, 0x7C, 0x04, 0x12, 0x81, 0x26, 0x80, 0x63, 0x90, 0x13, 0xC1, 0xE0, 0x75, 0xF0, 0x09,
0xA4, 0x24, 0x59, 0xF5, 0x82, 0xE4, 0x34, 0x1C, 0xF5, 0x83, 0xE0, 0xFD, 0xA3, 0xE0, 0x90, 0x12, 0xEC, 0x12, 0x0B, 0x98, 0xE0, 0xFD, 0xA3, 0xE0, 0xD3, 0x94, 0x78, 0xED, 0x64, 0x80, 0x94, 0x85,
0x40, 0x13, 0x78, 0x2A, 0x76, 0x02, 0x08, 0x76, 0x2E, 0x08, 0x76, 0x07, 0x7D, 0x0F, 0x7C, 0x04, 0x12, 0x81, 0x26, 0x80, 0x27, 0x90, 0x13, 0xC1, 0xE0, 0x75, 0xF0, 0x09, 0xA4, 0x24, 0x59, 0xF5,
0x82, 0xE4, 0x34, 0x1C, 0xF5, 0x83, 0xE0, 0xFD, 0xA3, 0xE0, 0x90, 0x12, 0xEC, 0x12, 0x0B, 0x98, 0xE0, 0xFF, 0xA3, 0xE0, 0xFE, 0x7D, 0x0E, 0x7C, 0x04, 0x12, 0x82, 0xD9, 0x02, 0xD2, 0x2C, 0x90,
0x13, 0xC1, 0xE0, 0x75, 0xF0, 0x09, 0xA4, 0x24, 0x52, 0xF5, 0x82, 0xE4, 0x34, 0x1C, 0xF5, 0x83, 0xE0, 0xB4, 0x05, 0x02, 0x80, 0x03, 0x02, 0xD0, 0x69, 0x90, 0x13, 0xC1, 0xE0, 0x75, 0xF0, 0x09,
0xA4, 0x24, 0x57, 0xF5, 0x82, 0xE4, 0x34, 0x1C, 0xF5, 0x83, 0xE0, 0xFD, 0xA3, 0xE0, 0x90, 0x12, 0xEC, 0x12, 0x0B, 0x98, 0xA3, 0xE0, 0x24, 0x08, 0xFE, 0x12, 0x0B, 0x84, 0xE0, 0x34, 0x00, 0xFF,
0x7D, 0x0E, 0x7C, 0x03, 0x12, 0x82, 0xD9, 0x90, 0x13, 0xC1, 0xE0, 0x75, 0xF0, 0x09, 0xA4, 0x24, 0x59, 0xF5, 0x82, 0xE4, 0x34, 0x1C, 0xF5, 0x83, 0xE0, 0xFD, 0xA3, 0xE0, 0x90, 0x12, 0xEC, 0x12,
0x0B, 0x98, 0xE0, 0xFD, 0xA3, 0xE0, 0xC3, 0x94, 0x70, 0xED, 0x64, 0x80, 0x94, 0x7E, 0x50, 0x13, 0x78, 0x2A, 0x76, 0x02, 0x08, 0x76, 0x2E, 0x08, 0x76, 0x00, 0x7D, 0x0F, 0x7C, 0x04, 0x12, 0x81,
0x26, 0x80, 0x63, 0x90, 0x13, 0xC1, 0xE0, 0x75, 0xF0, 0x09, 0xA4, 0x24, 0x59, 0xF5, 0x82, 0xE4, 0x34, 0x1C, 0xF5, 0x83, 0xE0, 0xFD, 0xA3, 0xE0, 0x90, 0x12, 0xEC, 0x12, 0x0B, 0x98, 0xE0, 0xFD,
0xA3, 0xE0, 0xD3, 0x94, 0x78, 0xED, 0x64, 0x80, 0x94, 0x85, 0x40, 0x13, 0x78, 0x2A, 0x76, 0x02, 0x08, 0x76, 0x2E, 0x08, 0x76, 0x07, 0x7D, 0x0F, 0x7C, 0x04, 0x12, 0x81, 0x26, 0x80, 0x27, 0x90,
0x13, 0xC1, 0xE0, 0x75, 0xF0, 0x09, 0xA4, 0x24, 0x59, 0xF5, 0x82, 0xE4, 0x34, 0x1C, 0xF5, 0x83, 0xE0, 0xFD, 0xA3, 0xE0, 0x90, 0x12, 0xEC, 0x12, 0x0B, 0x98, 0xE0, 0xFF, 0xA3, 0xE0, 0xFE, 0x7D,
0x0E, 0x7C, 0x04, 0x12, 0x82, 0xD9, 0x02, 0xD2, 0x2C, 0x90, 0x13, 0xC1, 0xE0, 0x75, 0xF0, 0x09, 0xA4, 0x24, 0x52, 0xF5, 0x82, 0xE4, 0x34, 0x1C, 0xF5, 0x83, 0xE0, 0xB4, 0x03, 0x02, 0x80, 0x03,
0x02, 0xD1, 0x4C, 0x90, 0x13, 0xC1, 0xE0, 0x75, 0xF0, 0x09, 0xA4, 0x24, 0x57, 0xF5, 0x82, 0xE4, 0x34, 0x1C, 0xF5, 0x83, 0xE0, 0xFD, 0xA3, 0xE0, 0x90, 0x12, 0xEC, 0x12, 0x0B, 0x98, 0xE0, 0xFF,
0xA3, 0xE0, 0xFE, 0x7D, 0x0E, 0x7C, 0x03, 0x12, 0x82, 0xD9, 0x90, 0x13, 0xC1, 0xE0, 0x75, 0xF0, 0x09, 0xA4, 0x24, 0x59, 0xF5, 0x82, 0xE4, 0x34, 0x1C, 0xF5, 0x83, 0xE0, 0xFD, 0xA3, 0xE0, 0x90,
0x12, 0xEC, 0x12, 0x0B, 0x98, 0xE0, 0xFD, 0xA3, 0xE0, 0xC3, 0x94, 0x70, 0xED, 0x64, 0x80, 0x94, 0x7E, 0x50, 0x13, 0x78, 0x2A, 0x76, 0x02, 0x08, 0x76, 0x2E, 0x08, 0x76, 0x00, 0x7D, 0x0F, 0x7C,
0x04, 0x12, 0x81, 0x26, 0x80, 0x63, 0x90, 0x13, 0xC1, 0xE0, 0x75, 0xF0, 0x09, 0xA4, 0x24, 0x59, 0xF5, 0x82, 0xE4, 0x34, 0x1C, 0xF5, 0x83, 0xE0, 0xFD, 0xA3, 0xE0, 0x90, 0x12, 0xEC, 0x12, 0x0B,
0x98, 0xE0, 0xFD, 0xA3, 0xE0, 0xD3, 0x94, 0x78, 0xED, 0x64, 0x80, 0x94, 0x85, 0x40, 0x13, 0x78, 0x2A, 0x76, 0x02, 0x08, 0x76, 0x2E, 0x08, 0x76, 0x07, 0x7D, 0x0F, 0x7C, 0x04, 0x12, 0x81, 0x26,
0x80, 0x27, 0x90, 0x13, 0xC1, 0xE0, 0x75, 0xF0, 0x09, 0xA4, 0x24, 0x59, 0xF5, 0x82, 0xE4, 0x34, 0x1C, 0xF5, 0x83, 0xE0, 0xFD, 0xA3, 0xE0, 0x90, 0x12, 0xEC, 0x12, 0x0B, 0x98, 0xE0, 0xFF, 0xA3,
0xE0, 0xFE, 0x7D, 0x0E, 0x7C, 0x04, 0x12, 0x82, 0xD9, 0x02, 0xD2, 0x2C, 0x90, 0x13, 0xC1, 0xE0, 0x75, 0xF0, 0x09, 0xA4, 0x24, 0x52, 0xF5, 0x82, 0xE4, 0x34, 0x1C, 0xF5, 0x83, 0xE0, 0xB4, 0x04,
0x02, 0x80, 0x03, 0x02, 0xD2, 0x2C, 0x90, 0x13, 0xC1, 0xE0, 0x75, 0xF0, 0x09, 0xA4, 0x24, 0x57, 0xF5, 0x82, 0xE4, 0x34, 0x1C, 0xF5, 0x83, 0xE0, 0xFD, 0xA3, 0xE0, 0x90, 0x12, 0xEC, 0x12, 0x0B,
0x98, 0xE0, 0xFF, 0xA3, 0xE0, 0xFE, 0x7D, 0x0E, 0x7C, 0x03, 0x12, 0x82, 0xD9, 0x90, 0x13, 0xC1, 0xE0, 0x75, 0xF0, 0x09, 0xA4, 0x24, 0x59, 0xF5, 0x82, 0xE4, 0x34, 0x1C, 0xF5, 0x83, 0xE0, 0xFD,
0xA3, 0xE0, 0x90, 0x12, 0xEC, 0x12, 0x0B, 0x98, 0xE0, 0xFD, 0xA3, 0xE0, 0xC3, 0x94, 0x70, 0xED, 0x64, 0x80, 0x94, 0x7E, 0x50, 0x13, 0x78, 0x2A, 0x76, 0x02, 0x08, 0x76, 0x2E, 0x08, 0x76, 0x00,
0x7D, 0x0F, 0x7C, 0x04, 0x12, 0x81, 0x26, 0x80, 0x63, 0x90, 0x13, 0xC1, 0xE0, 0x75, 0xF0, 0x09, 0xA4, 0x24, 0x59, 0xF5, 0x82, 0xE4, 0x34, 0x1C, 0xF5, 0x83, 0xE0, 0xFD, 0xA3, 0xE0, 0x90, 0x12,
0xEC, 0x12, 0x0B, 0x98, 0xE0, 0xFD, 0xA3, 0xE0, 0xD3, 0x94, 0x78, 0xED, 0x64, 0x80, 0x94, 0x85, 0x40, 0x13, 0x78, 0x2A, 0x76, 0x02, 0x08, 0x76, 0x2E, 0x08, 0x76, 0x07, 0x7D, 0x0F, 0x7C, 0x04,
0x12, 0x81, 0x26, 0x80, 0x27, 0x90, 0x13, 0xC1, 0xE0, 0x75, 0xF0, 0x09, 0xA4, 0x24, 0x59, 0xF5, 0x82, 0xE4, 0x34, 0x1C, 0xF5, 0x83, 0xE0, 0xFD, 0xA3, 0xE0, 0x90, 0x12, 0xEC, 0x12, 0x0B, 0x98,
0xE0, 0xFF, 0xA3, 0xE0, 0xFE, 0x7D, 0x0E, 0x7C, 0x04, 0x12, 0x82, 0xD9, 0x22, 0x90, 0x1B, 0x78, 0xE0, 0x30, 0xE0, 0x03, 0x02, 0xD2, 0xEC, 0x90, 0x1B, 0xB3, 0xE4, 0xF0, 0xA3, 0xF0, 0x90, 0x1B,
0x79, 0x12, 0x0B, 0xC3, 0x90, 0x00, 0x08, 0x12, 0x08, 0x83, 0xFF, 0x90, 0x1B, 0x79, 0x12, 0x0B, 0xCC, 0x90, 0x00, 0x07, 0x12, 0x08, 0x77, 0xFE, 0x90, 0x00, 0x06, 0x12, 0x08, 0x77, 0xFD, 0x90,
0x00, 0x05, 0x12, 0x08, 0x77, 0xFC, 0x12, 0xD3, 0xBD, 0x90, 0x13, 0x5D, 0xE0, 0x30, 0xE3, 0x18, 0x78, 0x2A, 0x76, 0x02, 0x08, 0x76, 0x2E, 0x08, 0x76, 0x0E, 0x7D, 0x02, 0x7C, 0x03, 0x12, 0x81,
0x26, 0x90, 0x1B, 0xB4, 0xE0, 0x44, 0x08, 0xF0, 0x90, 0x13, 0x5D, 0xE0, 0x30, 0xE4, 0x18, 0x78, 0x2A, 0x76, 0x02, 0x08, 0x76, 0x2E, 0x08, 0x76, 0x12, 0x7D, 0x07, 0x7C, 0x03, 0x12, 0x81, 0x26,
0x90, 0x1B, 0xB4, 0xE0, 0x44, 0x10, 0xF0, 0x90, 0x13, 0x5D, 0xE0, 0x30, 0xE5, 0x18, 0x78, 0x2A, 0x76, 0x02, 0x08, 0x76, 0x2E, 0x08, 0x76, 0x16, 0x7D, 0x0C, 0x7C, 0x03, 0x12, 0x81, 0x26, 0x90,
0x1B, 0xB4, 0xE0, 0x44, 0x20, 0xF0, 0x90, 0x13, 0x5D, 0xE0, 0x30, 0xE6, 0x18, 0x78, 0x2A, 0x76, 0x02, 0x08, 0x76, 0x2E, 0x08, 0x76, 0x1A, 0x7D, 0x11, 0x7C, 0x03, 0x12, 0x81, 0x26, 0x90, 0x1B,
0xB4, 0xE0, 0x44, 0x40, 0xF0, 0x90, 0x1B, 0x78, 0xE0, 0x44, 0x01, 0xF0, 0x90, 0x09, 0xB8, 0xE0, 0xFD, 0xA3, 0xE0, 0x4D, 0x60, 0x03, 0x12, 0xD3, 0x8E, 0x90, 0x09, 0xBA, 0xE0, 0xFD, 0xA3, 0xE0,
0x4D, 0x60, 0x07, 0x90, 0x09, 0xBA, 0xE4, 0xF0, 0xA3, 0xF0, 0x90, 0x09, 0xBC, 0xE0, 0xFD, 0xA3, 0xE0, 0x4D, 0x60, 0x37, 0x7D, 0x02, 0x7C, 0x3A, 0x12, 0xE2, 0x35, 0x90, 0x13, 0x5B, 0xE0, 0x54,
0x07, 0x7D, 0x00, 0xFC, 0x90, 0x1B, 0xB4, 0xE0, 0x4C, 0xFC, 0x90, 0x1B, 0xB3, 0xE0, 0x4D, 0x90, 0x13, 0x5A, 0xF0, 0xA3, 0xEC, 0xF0, 0x90, 0x13, 0x5A, 0xE0, 0xFF, 0xA3, 0xE0, 0xFE, 0xE4, 0xFD,
0x7C, 0x37, 0x12, 0x73, 0xC6, 0x12, 0xD3, 0x4C, 0x12, 0xD3, 0x8E, 0x22, 0x90, 0x13, 0x5B, 0xE0, 0x30, 0xE6, 0x1E, 0x90, 0x24, 0x1D, 0xE0, 0x54, 0xF7, 0xF0, 0x90, 0x24, 0x5D, 0xE0, 0x54, 0xF7,
0xF0, 0x90, 0x24, 0x3D, 0xE0, 0x54, 0xF7, 0xF0, 0x90, 0x24, 0x7D, 0xE0, 0x54, 0xF7, 0xF0, 0x80, 0x1C, 0x90, 0x24, 0x1D, 0xE0, 0x44, 0x08, 0xF0, 0x90, 0x24, 0x5D, 0xE0, 0x44, 0x08, 0xF0, 0x90,
0x24, 0x3D, 0xE0, 0x44, 0x08, 0xF0, 0x90, 0x24, 0x7D, 0xE0, 0x44, 0x08, 0xF0, 0x22, 0x90, 0x1B, 0x79, 0x12, 0x0B, 0xC3, 0x90, 0x00, 0x1D, 0x12, 0x09, 0x22, 0x90, 0x1B, 0x79, 0x12, 0x0B, 0xBA,
0x90, 0x1B, 0x78, 0xE0, 0x54, 0xFE, 0xF0, 0x90, 0x1B, 0x78, 0xE0, 0x44, 0x02, 0xF0, 0x90, 0x09, 0xB8, 0xE4, 0xF0, 0xA3, 0xF0, 0x90, 0x09, 0xBC, 0xE4, 0xF0, 0xA3, 0xF0, 0x22, 0x78, 0x32, 0xEF,
0xF6, 0x78, 0x31, 0xEE, 0xF6, 0x78, 0x30, 0xED, 0xF6, 0x78, 0x2F, 0xEC, 0xF6, 0x7F, 0x00, 0xFE, 0x7C, 0x01, 0x12, 0x75, 0xEF, 0x78, 0x30, 0xE6, 0x24, 0x7B, 0xFE, 0xE4, 0x34, 0x00, 0xFF, 0x7C,
0x02, 0x12, 0x75, 0xEF, 0x78, 0x31, 0xE6, 0x24, 0x22, 0xFE, 0xE4, 0x34, 0x01, 0xFF, 0x7C, 0x03, 0x12, 0x75, 0xEF, 0x78, 0x32, 0xE6, 0x24, 0xD2, 0xFE, 0xE4, 0x34, 0x01, 0xFF, 0x7C, 0x04, 0x02,
0x75, 0xEF, 0x90, 0x0A, 0x16, 0xE0, 0xFD, 0xA3, 0xE0, 0xBD, 0x00, 0x5F, 0x12, 0x06, 0x9E, 0xD4, 0x1F, 0x01, 0xD4, 0x32, 0x02, 0xD4, 0x45, 0x04, 0xD4, 0x58, 0x08, 0x00, 0x00, 0xD4, 0x6B, 0x78,
0x2A, 0x76, 0x02, 0x08, 0x76, 0x2E, 0x08, 0x76, 0x1E, 0x7D, 0x13, 0x7C, 0x01, 0x12, 0x81, 0x26, 0x80, 0x39, 0x78, 0x2A, 0x76, 0x02, 0x08, 0x76, 0x2E, 0x08, 0x76, 0x21, 0x7D, 0x13, 0x7C, 0x01,
0x12, 0x81, 0x26, 0x80, 0x26, 0x78, 0x2A, 0x76, 0x02, 0x08, 0x76, 0x2E, 0x08, 0x76, 0x24, 0x7D, 0x12, 0x7C, 0x01, 0x12, 0x81, 0x26, 0x80, 0x13, 0x78, 0x2A, 0x76, 0x02, 0x08, 0x76, 0x2E, 0x08,
0x76, 0x28, 0x7D, 0x14, 0x7C, 0x01, 0x12, 0x81, 0x26, 0x80, 0x00, 0x22, 0x90, 0x1B, 0x78, 0xE0, 0x20, 0xE0, 0x36, 0x90, 0x1B, 0x78, 0xE0, 0x44, 0x01, 0xF0, 0x90, 0x3C, 0xFF, 0xE0, 0x70, 0x0E,
0x74, 0xFF, 0x90, 0x3C, 0xFD, 0xF0, 0x74, 0xFF, 0x90, 0x3C, 0xFE, 0xF0, 0x80, 0x16, 0x90, 0x3C, 0xFD, 0xE0, 0x24, 0xC0, 0xF5, 0x82, 0xE4, 0x34, 0x1B, 0xF5, 0x83, 0xE0, 0x90, 0x1B, 0xB5, 0xF0,
0xFC, 0x12, 0xD7, 0x38, 0xE4, 0x90, 0x3C, 0xFF, 0xF0, 0x90, 0x1B, 0xBA, 0xE0, 0x70, 0x03, 0x02, 0xD6, 0xED, 0x90, 0x3C, 0xFD, 0xE0, 0x04, 0x70, 0x11, 0xE4, 0x90, 0x3C, 0xFD, 0xF0, 0x90, 0x1B,
0xC0, 0xE0, 0x90, 0x1B, 0xB5, 0xF0, 0xFC, 0x12, 0xD7, 0x38, 0x90, 0x3C, 0xFD, 0xE0, 0x24, 0xC0, 0xF5, 0x82, 0xE4, 0x34, 0x1B, 0xF5, 0x83, 0xE0, 0x04, 0x70, 0x26, 0x90, 0x3C, 0xFD, 0xE0, 0x64,
0x80, 0x24, 0x7F, 0x50, 0x1C, 0x90, 0x3C, 0xFD, 0xE0, 0x14, 0xF0, 0x90, 0x3C, 0xFD, 0xE0, 0x24, 0xC0, 0xF5, 0x82, 0xE4, 0x34, 0x1B, 0xF5, 0x83, 0xE0, 0x90, 0x1B, 0xB5, 0xF0, 0xFC, 0x12, 0xD7,
0x38, 0x78, 0x41, 0x76, 0x00, 0x78, 0x40, 0x76, 0x1F, 0x78, 0x40, 0xE6, 0xFF, 0xEF, 0x33, 0x40, 0x21, 0xEF, 0x24, 0xC0, 0xF5, 0x82, 0xE4, 0x34, 0x1B, 0xF5, 0x83, 0xE0, 0xFC, 0x90, 0x1B, 0xB5,
0xE0, 0x6C, 0x70, 0x0B, 0xEF, 0x90, 0x3C, 0xFD, 0xF0, 0x78, 0x41, 0x76, 0x01, 0x80, 0x03, 0x1F, 0x80, 0xDB, 0x78, 0x40, 0xEF, 0xF6, 0x78, 0x41, 0xE6, 0x70, 0x3D, 0x90, 0x3C, 0xFD, 0xE0, 0x24,
0xC0, 0xF5, 0x82, 0xE4, 0x34, 0x1B, 0xF5, 0x83, 0xE0, 0x04, 0x60, 0x18, 0x90, 0x3C, 0xFD, 0xE0, 0x24, 0xC0, 0xF5, 0x82, 0xE4, 0x34, 0x1B, 0xF5, 0x83, 0xE0, 0x90, 0x1B, 0xB5, 0xF0, 0xFC, 0x12,
0xD7, 0x38, 0x80, 0x14, 0x90, 0x3C, 0xFD, 0xE0, 0x14, 0xF0, 0x24, 0xC0, 0xF5, 0x82, 0xE4, 0x34, 0x1B, 0xF5, 0x83, 0xE0, 0x90, 0x1B, 0xB5, 0xF0, 0x90, 0x09, 0xBA, 0xE0, 0xFD, 0xA3, 0xE0, 0x4D,
0x60, 0x43, 0x74, 0x01, 0x90, 0x3C, 0xFF, 0xF0, 0x90, 0x1B, 0x79, 0x12, 0x0B, 0xC3, 0x90, 0x1D, 0x79, 0x12, 0x0B, 0xB1, 0x7D, 0x5C, 0x7E, 0x1D, 0x7F, 0x01, 0x90, 0x1B, 0xB5, 0xE0, 0xFA, 0x33,
0x95, 0xE0, 0xFB, 0x90, 0x1B, 0x79, 0x12, 0x0B, 0xB1, 0xEA, 0x90, 0x00, 0x0D, 0x12, 0x0A, 0xB1, 0x90, 0x1B, 0x78, 0xE0, 0x54, 0xFE, 0xF0, 0x90, 0x1B, 0x78, 0xE0, 0x44, 0x02, 0xF0, 0x90, 0x09,
0xBA, 0xE4, 0xF0, 0xA3, 0xF0, 0x90, 0x09, 0xBC, 0xE0, 0xFD, 0xA3, 0xE0, 0x4D, 0x70, 0x03, 0x02, 0xD6, 0x6E, 0x90, 0x1B, 0xB5, 0xE0, 0xFC, 0x12, 0xE8, 0x3A, 0x7F, 0x1F, 0xEF, 0x33, 0x40, 0x18,
0xEF, 0x24, 0xC0, 0xF5, 0x82, 0xE4, 0x34, 0x1B, 0xF5, 0x83, 0xE0, 0xFC, 0x90, 0x1B, 0xB5, 0xE0, 0x6C, 0x70, 0x02, 0x80, 0x03, 0x1F, 0x80, 0xE4, 0x78, 0x40, 0xEF, 0xF6, 0x78, 0x40, 0xE6, 0x90,
0x3C, 0xFD, 0xF0, 0x78, 0x40, 0xE6, 0x24, 0xC0, 0xF5, 0x82, 0xE4, 0x34, 0x1B, 0xF5, 0x83, 0xE0, 0x90, 0x1B, 0xB5, 0xF0, 0x7F, 0x00, 0xEF, 0x64, 0x80, 0x24, 0x60, 0x40, 0x3E, 0xEF, 0x24, 0xC0,
0xF5, 0x82, 0xE4, 0x34, 0x1B, 0xF5, 0x83, 0xE0, 0xFC, 0x33, 0x95, 0xE0, 0xFD, 0xEC, 0x90, 0x14, 0xCC, 0x12, 0x0B, 0x98, 0xA3, 0xE0, 0x20, 0xE1, 0x1F, 0xEF, 0x24, 0xC0, 0xF5, 0x82, 0xE4, 0x34,
0x1B, 0xF5, 0x83, 0xE0, 0x04, 0x60, 0x11, 0xEF, 0x24, 0xC0, 0xF5, 0x82, 0xE4, 0x34, 0x1B, 0xF5, 0x83, 0xE0, 0x90, 0x1B, 0xB5, 0xF0, 0x80, 0x03, 0x0F, 0x80, 0xBB, 0x78, 0x40, 0xEF, 0xF6, 0x90,
0x1B, 0xB5, 0xE0, 0xFC, 0x12, 0xD7, 0x38, 0x90, 0x09, 0xBC, 0xE4, 0xF0, 0xA3, 0xF0, 0x90, 0x0A, 0x2E, 0xE0, 0xFD, 0xA3, 0xE0, 0x4D, 0x60, 0x75, 0xD3, 0x90, 0x0A, 0x2F, 0xE0, 0x94, 0x00, 0x90,
0x0A, 0x2E, 0xE0, 0x64, 0x80, 0x94, 0x80, 0x40, 0x18, 0x90, 0x3C, 0xFD, 0xE0, 0x04, 0x24, 0xC0, 0xF5, 0x82, 0xE4, 0x34, 0x1B, 0xF5, 0x83, 0xE0, 0x04, 0x60, 0x06, 0x90, 0x3C, 0xFD, 0xE0, 0x04,
0xF0, 0x90, 0x0A, 0x2E, 0xE0, 0x33, 0x50, 0x10, 0x90, 0x3C, 0xFD, 0xE0, 0x64, 0x80, 0x24, 0x7F, 0x50, 0x06, 0x90, 0x3C, 0xFD, 0xE0, 0x14, 0xF0, 0x90, 0x0A, 0x2E, 0xE4, 0xF0, 0xA3, 0xF0, 0x90,
0x3C, 0xFD, 0xE0, 0x24, 0xC0, 0xF5, 0x82, 0xE4, 0x34, 0x1B, 0xF5, 0x83, 0xE0, 0x90, 0x1B, 0xB5, 0xF0, 0x90, 0x3C, 0xFE, 0xE0, 0xFC, 0x90, 0x3C, 0xFD, 0xE0, 0x6C, 0x60, 0x10, 0x90, 0x3C, 0xFD,
0xE0, 0x90, 0x3C, 0xFE, 0xF0, 0x90, 0x1B, 0xB5, 0xE0, 0xFC, 0x12, 0xD7, 0x38, 0x90, 0x09, 0xB8, 0xE0, 0xFD, 0xA3, 0xE0, 0x4D, 0x60, 0x07, 0x90, 0x09, 0xB8, 0xE4, 0xF0, 0xA3, 0xF0, 0x90, 0x1B,
0xBA, 0xE0, 0x70, 0x33, 0x74, 0xFF, 0x90, 0x3C, 0xFD, 0xF0, 0x74, 0xFF, 0x90, 0x3C, 0xFE, 0xF0, 0x90, 0x1B, 0x79, 0x12, 0x0B, 0xC3, 0x90, 0x00, 0x1D, 0x12, 0x09, 0x22, 0x90, 0x1B, 0x79, 0x12,
0x0B, 0xBA, 0x90, 0x1B, 0x78, 0xE0, 0x54, 0xFE, 0xF0, 0x90, 0x1B, 0x78, 0xE0, 0x44, 0x02, 0xF0, 0x90, 0x1B, 0x78, 0xE0, 0x44, 0x04, 0xF0, 0x22, 0x78, 0x3F, 0xEC, 0xF6, 0x25, 0xE0, 0xFC, 0xE4,
0x33, 0xFD, 0xEC, 0x24, 0x0B, 0xFE, 0xED, 0x34, 0x02, 0xFF, 0x7C, 0x01, 0x12, 0x75, 0xEF, 0x78, 0x3F, 0xE6, 0x25, 0xE0, 0xFC, 0xE4, 0x33, 0xFD, 0xEC, 0x24, 0x0C, 0xFE, 0xED, 0x34, 0x02, 0xFF,
0x7C, 0x02, 0x12, 0x75, 0xEF, 0x7F, 0x01, 0x7E, 0x22, 0x7C, 0x03, 0x12, 0x75, 0xEF, 0x78, 0x3F, 0xE6, 0x7D, 0x00, 0x90, 0x14, 0xCC, 0x12, 0x0B, 0x98, 0xA3, 0xE0, 0x30, 0xE1, 0x0B, 0x7F, 0x01,
0x7E, 0xE3, 0x7C, 0x04, 0x12, 0x75, 0xEF, 0x80, 0x09, 0x7F, 0x01, 0x7E, 0xE2, 0x7C, 0x04, 0x12, 0x75, 0xEF, 0x78, 0x3F, 0xE6, 0x7D, 0x00, 0x90, 0x15, 0x0C, 0x12, 0x0B, 0x98, 0xA3, 0xE0, 0xFC,
0x7D, 0x2F, 0xE4, 0xFE, 0xFF, 0x12, 0x6D, 0x0E, 0x78, 0x3F, 0xE6, 0x7D, 0x00, 0x90, 0x15, 0x4C, 0x12, 0x0B, 0x98, 0xA3, 0xE0, 0xFC, 0x7D, 0x31, 0xE4, 0xFE, 0xFF, 0x12, 0x6D, 0x0E, 0x78, 0x3F,
0xE6, 0x7D, 0x00, 0x90, 0x15, 0x8C, 0x12, 0x0B, 0x98, 0xA3, 0xE0, 0xFC, 0x7D, 0x33, 0xE4, 0xFE, 0xFF, 0x12, 0x6D, 0x0E, 0x78, 0x35, 0x76, 0x20, 0x78, 0x3F, 0xE6, 0x7D, 0x00, 0x90, 0x15, 0xCC,
0x12, 0x0B, 0x98, 0xA3, 0xE0, 0xFC, 0x7D, 0x36, 0xE4, 0xFE, 0xFF, 0x12, 0x6D, 0x0E, 0x78, 0x38, 0x76, 0x3A, 0x78, 0x3F, 0xE6, 0x7D, 0x00, 0x90, 0x16, 0x0C, 0x12, 0x0B, 0x98, 0xA3, 0xE0, 0xFC,
0x7D, 0x39, 0xE4, 0xFE, 0xFF, 0x12, 0x6D, 0x0E, 0x78, 0x3B, 0x76, 0x3A, 0x78, 0x3F, 0xE6, 0x7D, 0x00, 0x90, 0x16, 0x4C, 0x12, 0x0B, 0x98, 0xA3, 0xE0, 0xFC, 0x7D, 0x3C, 0xE4, 0xFE, 0xFF, 0x12,
0x6D, 0x0E, 0x78, 0x3E, 0x76, 0x00, 0xE4, 0x78, 0x2A, 0xF6, 0x08, 0xF6, 0x08, 0x76, 0x2F, 0x7D, 0x03, 0x7C, 0x03, 0x02, 0x81, 0x26, 0x90, 0x1B, 0x78, 0xE0, 0x30, 0xE0, 0x03, 0x02, 0xD8, 0xF2,
0x90, 0x3D, 0x00, 0xE0, 0x70, 0x0C, 0x7C, 0x00, 0x7D, 0x30, 0xE4, 0xFE, 0xFF, 0x12, 0x70, 0x7F, 0x80, 0x0A, 0x7C, 0x03, 0x7D, 0x30, 0xE4, 0xFE, 0xFF, 0x12, 0x70, 0x7F, 0x78, 0x30, 0xE6, 0x04,
0x60, 0x5B, 0x74, 0x01, 0x90, 0x1B, 0xB7, 0xF0, 0x78, 0x30, 0xE6, 0x90, 0x1B, 0xB6, 0xF0, 0x25, 0xE0, 0xFC, 0xE4, 0x33, 0xFD, 0xEC, 0x24, 0x0B, 0xFE, 0xED, 0x34, 0x02, 0xFF, 0x7C, 0x01, 0x12,
0x75, 0xEF, 0x90, 0x1B, 0xB6, 0xE0, 0x25, 0xE0, 0xFC, 0xE4, 0x33, 0xFD, 0xEC, 0x24, 0x0C, 0xFE, 0xED, 0x34, 0x02, 0xFF, 0x7C, 0x02, 0x12, 0x75, 0xEF, 0x7F, 0x01, 0x7E, 0x22, 0x7C, 0x03, 0x12,
0x75, 0xEF, 0x7F, 0x01, 0x7E, 0xDD, 0x7C, 0x04, 0x12, 0x75, 0xEF, 0xE4, 0x78, 0x2A, 0xF6, 0x08, 0xF6, 0x08, 0x76, 0x31, 0x7D, 0x03, 0x7C, 0x03, 0x12, 0x81, 0x26, 0x80, 0x29, 0xE4, 0x90, 0x1B,
0xB7, 0xF0, 0xE4, 0xFF, 0x7E, 0x45, 0x7C, 0x01, 0x12, 0x75, 0xEF, 0x7F, 0x01, 0x7E, 0xF7, 0x7C, 0x02, 0x12, 0x75, 0xEF, 0x7F, 0x01, 0x7E, 0x22, 0x7C, 0x03, 0x12, 0x75, 0xEF, 0x7F, 0x01, 0x7E,
0xDC, 0x7C, 0x04, 0x12, 0x75, 0xEF, 0x90, 0x1B, 0x78, 0xE0, 0x44, 0x01, 0xF0, 0xE4, 0x90, 0x3D, 0x00, 0xF0, 0x90, 0x09, 0xB8, 0xE0, 0xFD, 0xA3, 0xE0, 0x4D, 0x60, 0x27, 0x90, 0x1B, 0x79, 0x12,
0x0B, 0xC3, 0x90, 0x00, 0x1D, 0x12, 0x09, 0x22, 0x90, 0x1B, 0x79, 0x12, 0x0B, 0xBA, 0x90, 0x1B, 0x78, 0xE0, 0x54, 0xFE, 0xF0, 0x90, 0x1B, 0x78, 0xE0, 0x44, 0x02, 0xF0, 0x90, 0x09, 0xB8, 0xE4,
0xF0, 0xA3, 0xF0, 0x90, 0x09, 0xBA, 0xE0, 0xFD, 0xA3, 0xE0, 0x4D, 0x60, 0x48, 0x90, 0x1B, 0xB7, 0xE0, 0x14, 0x70, 0x3A, 0x90, 0x1B, 0x79, 0x12, 0x0B, 0xC3, 0x90, 0x1D, 0x79, 0x12, 0x0B, 0xB1,
0x7D, 0x5C, 0x7E, 0x1D, 0x7F, 0x01, 0x90, 0x1B, 0xB6, 0xE0, 0x7B, 0x00, 0xFA, 0x90, 0x1B, 0x79, 0x12, 0x0B, 0xB1, 0xEA, 0x90, 0x00, 0x0D, 0x12, 0x0A, 0xB1, 0x90, 0x1B, 0x78, 0xE0, 0x54, 0xFE,
0xF0, 0x90, 0x1B, 0x78, 0xE0, 0x44, 0x02, 0xF0, 0x74, 0x01, 0x90, 0x3D, 0x00, 0xF0, 0x90, 0x09, 0xBA, 0xE4, 0xF0, 0xA3, 0xF0, 0x90, 0x09, 0xBC, 0xE0, 0xFD, 0xA3, 0xE0, 0x4D, 0x60, 0x07, 0x90,
0x09, 0xBC, 0xE4, 0xF0, 0xA3, 0xF0, 0x90, 0x0A, 0x2E, 0xE0, 0xFD, 0xA3, 0xE0, 0x4D, 0x70, 0x03, 0x02, 0xDA, 0x28, 0x90, 0x1B, 0xB7, 0xE0, 0x70, 0x03, 0x02, 0xDA, 0x28, 0xD3, 0x90, 0x0A, 0x2F,
0xE0, 0x94, 0x00, 0x90, 0x0A, 0x2E, 0xE0, 0x64, 0x80, 0x94, 0x80, 0x40, 0x0A, 0x7C, 0x01, 0x7D, 0x30, 0xE4, 0xFE, 0xFF, 0x12, 0x70, 0x7F, 0x90, 0x0A, 0x2E, 0xE0, 0x33, 0x50, 0x0A, 0x7C, 0x02,
0x7D, 0x30, 0xE4, 0xFE, 0xFF, 0x12, 0x70, 0x7F, 0x78, 0x30, 0xE6, 0x04, 0x60, 0x53, 0x78, 0x30, 0xE6, 0x90, 0x1B, 0xB6, 0xF0, 0x25, 0xE0, 0xFC, 0xE4, 0x33, 0xFD, 0xEC, 0x24, 0x0B, 0xFE, 0xED,
0x34, 0x02, 0xFF, 0x7C, 0x01, 0x12, 0x75, 0xEF, 0x90, 0x1B, 0xB6, 0xE0, 0x25, 0xE0, 0xFC, 0xE4, 0x33, 0xFD, 0xEC, 0x24, 0x0C, 0xFE, 0xED, 0x34, 0x02, 0xFF, 0x7C, 0x02, 0x12, 0x75, 0xEF, 0x7F,
0x01, 0x7E, 0x22, 0x7C, 0x03, 0x12, 0x75, 0xEF, 0x7F, 0x01, 0x7E, 0xDD, 0x7C, 0x04, 0x12, 0x75, 0xEF, 0xE4, 0x78, 0x2A, 0xF6, 0x08, 0xF6, 0x08, 0x76, 0x31, 0x7D, 0x03, 0x7C, 0x03, 0x12, 0x81,
0x26, 0x90, 0x0A, 0x2E, 0xE4, 0xF0, 0xA3, 0xF0, 0x90, 0x1B, 0xB7, 0xE0, 0x14, 0x70, 0x19, 0x90, 0x1B, 0xB6, 0xE0, 0xFC, 0x12, 0xE9, 0x84, 0xEC, 0x60, 0x04, 0x74, 0x2A, 0x80, 0x02, 0x74, 0x20,
0xFE, 0x7D, 0x01, 0x7C, 0x02, 0x12, 0x81, 0x17, 0x22, 0x90, 0x1B, 0x78, 0xE0, 0x20, 0xE0, 0x71, 0x90, 0x1B, 0x78, 0xE0, 0x44, 0x01, 0xF0, 0x90, 0x1B, 0x79, 0x12, 0x0B, 0xC3, 0x90, 0x00, 0x0D,
0x12, 0x08, 0xD5, 0x25, 0xE0, 0x25, 0xE0, 0x24, 0xF6, 0xF5, 0x82, 0xE4, 0x34, 0x1B, 0xF5, 0x83, 0xE0, 0xFD, 0xA3, 0xE0, 0x90, 0x1B, 0xB8, 0xCD, 0xF0, 0xA3, 0xCD, 0xF0, 0x24, 0xD2, 0xFE, 0xED,
0x34, 0x01, 0xFF, 0x7C, 0x01, 0x12, 0x75, 0xEF, 0x90, 0x1B, 0xB9, 0xE0, 0x24, 0xD3, 0xFE, 0x90, 0x1B, 0xB8, 0xE0, 0x34, 0x01, 0xFF, 0x7C, 0x02, 0x12, 0x75, 0xEF, 0x90, 0x1B, 0xB9, 0xE0, 0x24,
0xD4, 0xFE, 0x90, 0x1B, 0xB8, 0xE0, 0x34, 0x01, 0xFF, 0x7C, 0x03, 0x12, 0x75, 0xEF, 0x90, 0x1B, 0xB9, 0xE0, 0x24, 0xD5, 0xFE, 0x90, 0x1B, 0xB8, 0xE0, 0x34, 0x01, 0xFF, 0x7C, 0x04, 0x12, 0x75,
0xEF, 0x90, 0x09, 0xB8, 0xE0, 0xFD, 0xA3, 0xE0, 0x4D, 0x60, 0x53, 0x90, 0x1B, 0x79, 0x12, 0x0B, 0xC3, 0x90, 0x00, 0x0D, 0x12, 0x08, 0xD5, 0x25, 0xE0, 0x25, 0xE0, 0x24, 0xF8, 0xF5, 0x82, 0xE4,
0x34, 0x1B, 0xF5, 0x83, 0xE0, 0xFB, 0xA3, 0xE0, 0xFA, 0x90, 0x00, 0x0D, 0x12, 0x08, 0xC5, 0x25, 0xE0, 0x25, 0xE0, 0x24, 0xF6, 0xF5, 0x82, 0xE4, 0x34, 0x1B, 0xF5, 0x83, 0xA3, 0xE0, 0x2A, 0xFA,
0x12, 0x0B, 0x84, 0xE0, 0x3B, 0xFB, 0x90, 0x1B, 0xB9, 0xE0, 0x6A, 0x70, 0x05, 0x90, 0x1B, 0xB8, 0xE0, 0x6B, 0x70, 0x03, 0x12, 0xD3, 0x8E, 0x90, 0x09, 0xB8, 0xE4, 0xF0, 0xA3, 0xF0, 0x90, 0x09,
0xBA, 0xE0, 0xFD, 0xA3, 0xE0, 0x4D, 0x60, 0x07, 0x90, 0x09, 0xBA, 0xE4, 0xF0, 0xA3, 0xF0, 0x90, 0x09, 0xBC, 0xE0, 0xFD, 0xA3, 0xE0, 0x4D, 0x60, 0x07, 0x90, 0x09, 0xBC, 0xE4, 0xF0, 0xA3, 0xF0,
0x90, 0x0A, 0x2E, 0xE0, 0xFD, 0xA3, 0xE0, 0x4D, 0x70, 0x03, 0x02, 0xDD, 0x17, 0xD3, 0x90, 0x0A, 0x2F, 0xE0, 0x94, 0x00, 0x90, 0x0A, 0x2E, 0xE0, 0x64, 0x80, 0x94, 0x80, 0x40, 0x1C, 0x90, 0x1B,
0xB9, 0xE0, 0x24, 0x04, 0xF0, 0x90, 0x1B, 0xB8, 0xE0, 0x34, 0x00, 0xF0, 0x90, 0x0A, 0x2F, 0xE0, 0x24, 0xFF, 0xF0, 0x90, 0x0A, 0x2E, 0xE0, 0x34, 0xFF, 0xF0, 0x90, 0x0A, 0x2E, 0xE0, 0x33, 0x50,
0x1C, 0x90, 0x1B, 0xB9, 0xE0, 0x24, 0xFC, 0xF0, 0x90, 0x1B, 0xB8, 0xE0, 0x34, 0xFF, 0xF0, 0x90, 0x0A, 0x2F, 0xE0, 0x04, 0xF0, 0x90, 0x0A, 0x2E, 0x70, 0x03, 0xE0, 0x04, 0xF0, 0x90, 0x1B, 0x79,
0x12, 0x0B, 0xC3, 0x90, 0x00, 0x0D, 0x12, 0x08, 0xD5, 0x25, 0xE0, 0x25, 0xE0, 0x24, 0xF6, 0xF5, 0x82, 0xE4, 0x34, 0x1B, 0xF5, 0x83, 0xE0, 0xFD, 0xA3, 0xE0, 0xFC, 0x90, 0x1B, 0xB9, 0xE0, 0xC3,
0x9C, 0x90, 0x1B, 0xB8, 0xE0, 0x9D, 0x50, 0x25, 0x90, 0x1B, 0x79, 0x12, 0x0B, 0xC3, 0x90, 0x00, 0x0D, 0x12, 0x08, 0xD5, 0x25, 0xE0, 0x25, 0xE0, 0x24, 0xF6, 0xF5, 0x82, 0xE4, 0x34, 0x1B, 0xF5,
0x83, 0xE0, 0xFD, 0xA3, 0xE0, 0x90, 0x1B, 0xB8, 0xCD, 0xF0, 0xA3, 0xCD, 0xF0, 0x90, 0x1B, 0x79, 0x12, 0x0B, 0xC3, 0x90, 0x00, 0x0D, 0x12, 0x08, 0xD5, 0x25, 0xE0, 0x25, 0xE0, 0x24, 0xF8, 0xF5,
0x82, 0xE4, 0x34, 0x1B, 0xF5, 0x83, 0xE0, 0xFB, 0xA3, 0xE0, 0xFA, 0x90, 0x00, 0x0D, 0x12, 0x08, 0xC5, 0x25, 0xE0, 0x25, 0xE0, 0x24, 0xF6, 0xF5, 0x82, 0xE4, 0x34, 0x1B, 0xF5, 0x83, 0xA3, 0xE0,
0x2A, 0xFA, 0x12, 0x0B, 0x84, 0xE0, 0x3B, 0xFB, 0x90, 0x1B, 0xB9, 0xE0, 0xD3, 0x9A, 0x90, 0x1B, 0xB8, 0xE0, 0x9B, 0x40, 0x42, 0x90, 0x1B, 0x79, 0x12, 0x0B, 0xC3, 0x90, 0x00, 0x0D, 0x12, 0x08,
0xD5, 0x25, 0xE0, 0x25, 0xE0, 0x24, 0xF8, 0xF5, 0x82, 0xE4, 0x34, 0x1B, 0xF5, 0x83, 0xE0, 0xFB, 0xA3, 0xE0, 0xFA, 0x90, 0x00, 0x0D, 0x12, 0x08, 0xC5, 0x25, 0xE0, 0x25, 0xE0, 0x24, 0xF6, 0xF5,
0x82, 0xE4, 0x34, 0x1B, 0xF5, 0x83, 0xA3, 0xE0, 0x2A, 0xFA, 0x12, 0x0B, 0x84, 0xE0, 0x3B, 0xFB, 0x90, 0x1B, 0xB8, 0xF0, 0xA3, 0xEA, 0xF0, 0x90, 0x1B, 0xB9, 0xE0, 0x24, 0xD2, 0xFE, 0x90, 0x1B,
0xB8, 0xE0, 0x34, 0x01, 0xFF, 0x7C, 0x01, 0x12, 0x75, 0xEF, 0x90, 0x1B, 0xB9, 0xE0, 0x24, 0xD3, 0xFE, 0x90, 0x1B, 0xB8, 0xE0, 0x34, 0x01, 0xFF, 0x7C, 0x02, 0x12, 0x75, 0xEF, 0x90, 0x1B, 0xB9,
0xE0, 0x24, 0xD4, 0xFE, 0x90, 0x1B, 0xB8, 0xE0, 0x34, 0x01, 0xFF, 0x7C, 0x03, 0x12, 0x75, 0xEF, 0x90, 0x1B, 0x79, 0x12, 0x0B, 0xC3, 0x90, 0x00, 0x0D, 0x12, 0x08, 0xD5, 0x25, 0xE0, 0x25, 0xE0,
0x24, 0xF8, 0xF5, 0x82, 0xE4, 0x34, 0x1B, 0xF5, 0x83, 0xE0, 0xFB, 0xA3, 0xE0, 0xFA, 0x90, 0x00, 0x0D, 0x12, 0x08, 0xC5, 0x25, 0xE0, 0x25, 0xE0, 0x24, 0xF6, 0xF5, 0x82, 0xE4, 0x34, 0x1B, 0xF5,
0x83, 0xA3, 0xE0, 0x2A, 0xFA, 0x12, 0x0B, 0x84, 0xE0, 0x3B, 0xFB, 0x90, 0x1B, 0xB9, 0xE0, 0x6A, 0x70, 0x05, 0x90, 0x1B, 0xB8, 0xE0, 0x6B, 0x70, 0x0B, 0x7F, 0x01, 0x7E, 0xDC, 0x7C, 0x04, 0x12,
0x75, 0xEF, 0x80, 0x13, 0x90, 0x1B, 0xB9, 0xE0, 0x24, 0xD5, 0xFE, 0x90, 0x1B, 0xB8, 0xE0, 0x34, 0x01, 0xFF, 0x7C, 0x04, 0x12, 0x75, 0xEF, 0x22, 0x90, 0x13, 0x6E, 0xE0, 0xFD, 0xA3, 0xE0, 0xFC,
0x7B, 0x03, 0x7A, 0xE8, 0x12, 0x01, 0xB2, 0xE8, 0x24, 0x30, 0x78, 0x33, 0xF6, 0x78, 0x34, 0x76, 0x2E, 0x90, 0x13, 0x6E, 0xE0, 0xFD, 0xA3, 0xE0, 0xFC, 0x7B, 0x03, 0x7A, 0xE8, 0x12, 0x02, 0x10,
0xE4, 0xFB, 0x7A, 0x64, 0x12, 0x01, 0xC3, 0xE8, 0x24, 0x30, 0x78, 0x35, 0xF6, 0x90, 0x13, 0x6E, 0xE0, 0xFD, 0xA3, 0xE0, 0xFC, 0xE4, 0xFB, 0x7A, 0x64, 0x12, 0x02, 0x10, 0xE4, 0xFB, 0x7A, 0x0A,
0x12, 0x01, 0xC3, 0xE8, 0x24, 0x30, 0x78, 0x36, 0xF6, 0x90, 0x13, 0x6E, 0xE0, 0xFD, 0xA3, 0xE0, 0xFC, 0xE4, 0xFB, 0x7A, 0x0A, 0x12, 0x02, 0x10, 0xE8, 0x49, 0x60, 0x1B, 0x90, 0x13, 0x6E, 0xE0,
0xFD, 0xA3, 0xE0, 0xFC, 0xE4, 0xFB, 0x7A, 0x0A, 0x12, 0x02, 0x10, 0xE8, 0x24, 0x30, 0x78, 0x37, 0xF6, 0x78, 0x38, 0x76, 0x00, 0x80, 0x04, 0x78, 0x37, 0x76, 0x00, 0x90, 0x1B, 0x79, 0x12, 0x0B,
0xC3, 0x90, 0x00, 0x02, 0x12, 0x08, 0x83, 0xB4, 0x1E, 0x2D, 0x90, 0x1B, 0x79, 0x12, 0x0B, 0xC3, 0x90, 0x00, 0x08, 0x12, 0x08, 0x83, 0xFF, 0x90, 0x1B, 0x79, 0x12, 0x0B, 0xCC, 0x90, 0x00, 0x07,
0x12, 0x08, 0x77, 0xFE, 0x90, 0x00, 0x06, 0x12, 0x08, 0x77, 0xFD, 0x90, 0x00, 0x05, 0x12, 0x08, 0x77, 0xFC, 0x12, 0xD3, 0xBD, 0x80, 0x3C, 0xE4, 0xFF, 0x7E, 0x2C, 0x7C, 0x01, 0x12, 0x75, 0xEF,
0x78, 0x2A, 0x76, 0x02, 0x08, 0x76, 0x2D, 0x08, 0x76, 0xE1, 0x7D, 0x01, 0x7C, 0x02, 0x12, 0x81, 0x26, 0x78, 0x2A, 0x76, 0x02, 0x08, 0x76, 0x2D, 0x08, 0x76, 0xE1, 0x7D, 0x01, 0x7C, 0x03, 0x12,
0x81, 0x26, 0x78, 0x2A, 0x76, 0x02, 0x08, 0x76, 0x2D, 0x08, 0x76, 0xE1, 0x7D, 0x01, 0x7C, 0x04, 0x12, 0x81, 0x26, 0xE4, 0x78, 0x2A, 0xF6, 0x08, 0xF6, 0x08, 0x76, 0x33, 0x7D, 0x09, 0x7C, 0x02,
0x02, 0x81, 0x26, 0x90, 0x1B, 0x78, 0xE0, 0x20, 0xE2, 0x03, 0x02, 0xDE, 0xDD, 0x90, 0x1B, 0x78, 0xE0, 0x54, 0xFB, 0xF0, 0x90, 0x1B, 0x79, 0x12, 0x0B, 0xC3, 0x90, 0x00, 0x08, 0x12, 0x08, 0x83,
0xFF, 0x90, 0x1B, 0x79, 0x12, 0x0B, 0xCC, 0x90, 0x00, 0x07, 0x12, 0x08, 0x77, 0xFE, 0x90, 0x00, 0x06, 0x12, 0x08, 0x77, 0xFD, 0x90, 0x00, 0x05, 0x12, 0x08, 0x77, 0xFC, 0x12, 0xD3, 0xBD, 0x90,
0x1B, 0x79, 0x12, 0x0B, 0xC3, 0x90, 0x00, 0x0D, 0x12, 0x08, 0xD5, 0x64, 0x64, 0x4B, 0x60, 0x6D, 0x78, 0x2A, 0x76, 0x02, 0x08, 0x76, 0x2E, 0x08, 0x76, 0x2A, 0x7D, 0x0C, 0x7C, 0x02, 0x12, 0x81,
0x26, 0x90, 0x13, 0xC3, 0xE0, 0x14, 0x70, 0x04, 0x90, 0x13, 0xC2, 0xE0, 0x70, 0x11, 0x78, 0x2A, 0x76, 0x02, 0x08, 0x76, 0x2E, 0x08, 0x76, 0x2C, 0x7D, 0x0A, 0x7C, 0x03, 0x12, 0x81, 0x26, 0x90,
0x13, 0xC3, 0xE0, 0x64, 0x02, 0x70, 0x04, 0x90, 0x13, 0xC2, 0xE0, 0x70, 0x11, 0x78, 0x2A, 0x76, 0x02, 0x08, 0x76, 0x2E, 0x08, 0x76, 0x30, 0x7D, 0x0A, 0x7C, 0x03, 0x12, 0x81, 0x26, 0x90, 0x13,
0xC3, 0xE0, 0x64, 0x04, 0x70, 0x04, 0x90, 0x13, 0xC2, 0xE0, 0x70, 0x11, 0x78, 0x2A, 0x76, 0x02, 0x08, 0x76, 0x2E, 0x08, 0x76, 0x34, 0x7D, 0x0A, 0x7C, 0x03, 0x12, 0x81, 0x26, 0x90, 0x1B, 0x78,
0xE0, 0x44, 0x02, 0xF0, 0x90, 0x1B, 0x79, 0x12, 0x0B, 0xC3, 0x90, 0x00, 0x0D, 0x12, 0x08, 0xD5, 0x64, 0x64, 0x4B, 0x60, 0x29, 0x90, 0x1B, 0x79, 0x12, 0x0B, 0xC3, 0x90, 0x00, 0x0D, 0x12, 0x08,
0xD5, 0x90, 0x12, 0xEC, 0x12, 0x0B, 0x93, 0xE0, 0xFD, 0xA3, 0xE0, 0xFC, 0xE4, 0xFB, 0x7A, 0x0A, 0x12, 0x01, 0x4F, 0xE8, 0xFE, 0xE9, 0xFF, 0x7D, 0x07, 0x7C, 0x02, 0x12, 0x82, 0x72, 0x90, 0x1B,
0x79, 0x12, 0x0B, 0xC3, 0x90, 0x00, 0x0D, 0x12, 0x08, 0xD5, 0x64, 0x64, 0x4B, 0x70, 0x52, 0x90, 0x1B, 0x79, 0x12, 0x0B, 0xC3, 0x90, 0x00, 0x0D, 0x12, 0x08, 0xD5, 0x90, 0x12, 0xEC, 0x12, 0x0B,
0x93, 0xE0, 0xFD, 0xA3, 0xE0, 0x14, 0x4D, 0x70, 0x0B, 0x7F, 0x01, 0x7E, 0x99, 0x7C, 0x02, 0x12, 0x75, 0xEF, 0x80, 0x2D, 0x90, 0x1B, 0x79, 0x12, 0x0B, 0xC3, 0x90, 0x00, 0x0D, 0x12, 0x08, 0xD5,
0x90, 0x12, 0xEC, 0x12, 0x0B, 0x93, 0xE0, 0xFD, 0xA3, 0xE0, 0x4D, 0x70, 0x0B, 0x7F, 0x01, 0x7E, 0x9B, 0x7C, 0x02, 0x12, 0x75, 0xEF, 0x80, 0x09, 0x7F, 0x01, 0x7E, 0x9A, 0x7C, 0x02, 0x12, 0x75,
0xEF, 0x22, 0x90, 0x0A, 0x2E, 0xE0, 0xFB, 0xA3, 0xE0, 0x12, 0x02, 0x77, 0x90, 0x0A, 0x2E, 0xE4, 0xF0, 0xA3, 0xF0, 0x78, 0x25, 0x12, 0x0B, 0x3C, 0x12, 0x08, 0xDB, 0xFA, 0x90, 0x1B, 0x79, 0x12,
0x0B, 0xC3, 0x90, 0x00, 0x10, 0x12, 0x08, 0xC5, 0xF8, 0xEA, 0xC3, 0x98, 0xE9, 0x64, 0x80, 0xCB, 0x64, 0x80, 0x9B, 0x50, 0x16, 0x90, 0x1B, 0x79, 0x12, 0x0B, 0xC3, 0x90, 0x00, 0x10, 0x12, 0x08,
0xD5, 0xFA, 0x78, 0x25, 0x12, 0x0B, 0x5A, 0xEA, 0x12, 0x0A, 0xA6, 0x78, 0x25, 0x12, 0x0B, 0x5A, 0x12, 0x08, 0xDB, 0xFA, 0x90, 0x1B, 0x79, 0x12, 0x0B, 0xC3, 0x90, 0x00, 0x12, 0x12, 0x08, 0xC5,
0xF8, 0xEA, 0xD3, 0x98, 0xE9, 0x64, 0x80, 0xCB, 0x64, 0x80, 0x9B, 0x40, 0x16, 0x90, 0x1B, 0x79, 0x12, 0x0B, 0xC3, 0x90, 0x00, 0x12, 0x12, 0x08, 0xD5, 0xFA, 0x78, 0x25, 0x12, 0x0B, 0x5A, 0xEA,
0x12, 0x0A, 0xA6, 0x22, 0x78, 0x2C, 0x76, 0x00, 0x78, 0x2D, 0x76, 0x00, 0x78, 0x32, 0x12, 0x0B, 0x3C, 0x90, 0x1B, 0x79, 0x12, 0x0B, 0xCC, 0x90, 0x00, 0x03, 0x12, 0x08, 0x77, 0x14, 0x70, 0x16,
0xE4, 0xFB, 0x7A, 0x0A, 0x78, 0x35, 0xE6, 0xF9, 0x08, 0xE6, 0xF8, 0x12, 0x01, 0x60, 0xE8, 0x78, 0x35, 0xC9, 0xF6, 0xC9, 0x08, 0xF6, 0x78, 0x35, 0xE6, 0x33, 0x50, 0x0E, 0x78, 0x36, 0xC3, 0xE4,
0x96, 0xF6, 0xE4, 0x18, 0x96, 0xF6, 0x78, 0x2C, 0x76, 0x01, 0x78, 0x35, 0xE6, 0xFD, 0x08, 0xE6, 0xFC, 0xE4, 0xFB, 0x7A, 0x0A, 0x12, 0x01, 0x8A, 0x79, 0x25, 0xE8, 0xF7, 0x78, 0x35, 0xE6, 0xFD,
0x08, 0xE6, 0xFC, 0xE4, 0xFB, 0x7A, 0x64, 0x12, 0x01, 0x8A, 0xE4, 0xFB, 0x7A, 0x0A, 0x12, 0x01, 0x60, 0x79, 0x26, 0xE8, 0xF7, 0x78, 0x35, 0xE6, 0xFD, 0x08, 0xE6, 0xFC, 0x7B, 0x03, 0x7A, 0xE8,
0x12, 0x01, 0x8A, 0xE4, 0xFB, 0x7A, 0x64, 0x12, 0x01, 0x60, 0x79, 0x27, 0xE8, 0xF7, 0x78, 0x35, 0xE6, 0xFD, 0x08, 0xE6, 0xFC, 0x7A, 0x10, 0x7B, 0x27, 0x12, 0x01, 0x8A, 0x7B, 0x03, 0x7A, 0xE8,
0x12, 0x01, 0x60, 0x79, 0x28, 0xE8, 0xF7, 0x78, 0x35, 0xE6, 0xFD, 0x08, 0xE6, 0xFC, 0x7A, 0x10, 0x7B, 0x27, 0x12, 0x01, 0x4F, 0x79, 0x29, 0xE8, 0xF7, 0x78, 0x2A, 0x76, 0x00, 0x78, 0x2E, 0xE4,
0xF6, 0x08, 0xF6, 0xC3, 0x78, 0x2F, 0xE6, 0x94, 0x07, 0x18, 0xE6, 0x64, 0x80, 0x94, 0x80, 0x50, 0x1A, 0x78, 0x32, 0x12, 0x0B, 0x5A, 0x78, 0x2E, 0x86, 0x83, 0x08, 0x86, 0x82, 0xE4, 0x12, 0x0A,
0x7E, 0x78, 0x2F, 0x06, 0xE6, 0x18, 0x70, 0x01, 0x06, 0x80, 0xD8, 0x78, 0x30, 0xE4, 0xF6, 0x08, 0xF6, 0x78, 0x2C, 0xE6, 0x60, 0x1D, 0x78, 0x32, 0x12, 0x0B, 0x5A, 0x78, 0x30, 0xE6, 0xFB, 0x08,
0xE6, 0xFA, 0x78, 0x31, 0x06, 0xE6, 0x18, 0x70, 0x01, 0x06, 0x8A, 0x82, 0x8B, 0x83, 0x74, 0x2D, 0x12, 0x0A, 0x7E, 0x78, 0x2E, 0xE4, 0xF6, 0x08, 0x76, 0x04, 0x78, 0x2E, 0xE6, 0x33, 0x40, 0x49,
0x78, 0x2F, 0xE6, 0x24, 0x25, 0xF8, 0xE6, 0x70, 0x0C, 0x78, 0x2D, 0xE6, 0x70, 0x07, 0x78, 0x2E, 0xE6, 0x08, 0x46, 0x70, 0x2A, 0x78, 0x2F, 0xE6, 0x24, 0x25, 0xF8, 0xE6, 0x44, 0x30, 0xFC, 0x78,
0x32, 0x12, 0x0B, 0x5A, 0x78, 0x30, 0xE6, 0xFB, 0x08, 0xE6, 0xFA, 0x78, 0x31, 0x06, 0xE6, 0x18, 0x70, 0x01, 0x06, 0x8A, 0x82, 0x8B, 0x83, 0xEC, 0x12, 0x0A, 0x7E, 0x78, 0x2D, 0x76, 0x01, 0x78,
0x2F, 0xE6, 0x16, 0x18, 0x70, 0x01, 0x16, 0x80, 0xB1, 0x78, 0x31, 0xE6, 0xFC, 0x22, 0x78, 0x25, 0x76, 0x01, 0x78, 0x29, 0xEC, 0xF6, 0x78, 0x26, 0x12, 0x0B, 0x3C, 0xEC, 0x12, 0x06, 0x68, 0x00,
0x07, 0xE2, 0x21, 0xE1, 0x93, 0xE1, 0xA3, 0xE1, 0xBA, 0xE1, 0xD1, 0xE1, 0xE8, 0xE2, 0x21, 0xE1, 0xFB, 0xE2, 0x0E, 0x78, 0x26, 0x12, 0x0B, 0x5A, 0xE4, 0x12, 0x0A, 0x76, 0x78, 0x25, 0x76, 0x00,
0x02, 0xE2, 0x30, 0x78, 0x26, 0x12, 0x0B, 0x5A, 0x79, 0x96, 0x7A, 0x09, 0x7B, 0x01, 0x75, 0xF0, 0x03, 0x12, 0x06, 0xC7, 0x78, 0x25, 0x76, 0x03, 0x80, 0x76, 0x78, 0x26, 0x12, 0x0B, 0x5A, 0x79,
0x9A, 0x7A, 0x09, 0x7B, 0x01, 0x75, 0xF0, 0x03, 0x12, 0x06, 0xC7, 0x78, 0x25, 0x76, 0x03, 0x80, 0x5F, 0x78, 0x26, 0x12, 0x0B, 0x5A, 0x79, 0x9E, 0x7A, 0x09, 0x7B, 0x01, 0x75, 0xF0, 0x03, 0x12,
0x06, 0xC7, 0x78, 0x25, 0x76, 0x03, 0x80, 0x48, 0x78, 0x26, 0x12, 0x0B, 0x5A, 0x79, 0xA2, 0x7A, 0x09, 0x7B, 0x01, 0x75, 0xF0, 0x03, 0x12, 0x06, 0xC7, 0x80, 0x35, 0x78, 0x26, 0x12, 0x0B, 0x5A,
0x79, 0x60, 0x7A, 0x2D, 0x7B, 0x02, 0x75, 0xF0, 0x03, 0x12, 0x06, 0xC7, 0x80, 0x22, 0x78, 0x26, 0x12, 0x0B, 0x5A, 0x79, 0x2A, 0x7A, 0x2E, 0x7B, 0x02, 0x75, 0xF0, 0x03, 0x12, 0x06, 0xC7, 0x80,
0x0F, 0x78, 0x26, 0x12, 0x0B, 0x5A, 0xE4, 0x12, 0x0A, 0x76, 0x78, 0x25, 0x76, 0x00, 0x80, 0x00, 0x78, 0x25, 0xE6, 0xFC, 0x22, 0x78, 0x2F, 0xED, 0xF6, 0x08, 0xEC, 0xF6, 0xE4, 0xFF, 0x7E, 0x7B,
0x7C, 0x01, 0x12, 0x75, 0xEF, 0x78, 0x2F, 0xE6, 0xFF, 0x08, 0xE6, 0xFE, 0x7C, 0x02, 0x12, 0x75, 0xEF, 0xE4, 0xFF, 0x7E, 0x7B, 0x7C, 0x03, 0x12, 0x75, 0xEF, 0xE4, 0xFF, 0x7E, 0x7B, 0x7C, 0x04,
0x12, 0x75, 0xEF, 0x90, 0x1A, 0xFE, 0xE4, 0xF0, 0xA3, 0x74, 0x02, 0xF0, 0x22, 0x7F, 0x01, 0x7E, 0xF9, 0x7C, 0x05, 0x12, 0x75, 0xEF, 0x90, 0x0A, 0xC2, 0xE0, 0x90, 0x09, 0x6B, 0xF0, 0x90, 0x0A,
0xC3, 0xE0, 0x90, 0x09, 0x6C, 0xF0, 0x90, 0x0A, 0xC4, 0xE0, 0x90, 0x09, 0x6D, 0xF0, 0x90, 0x0A, 0xC5, 0xE0, 0x90, 0x09, 0x6E, 0xF0, 0x90, 0x0A, 0xC6, 0xE0, 0x90, 0x09, 0x6F, 0xF0, 0x90, 0x0A,
0xC7, 0xE0, 0x90, 0x09, 0x70, 0xF0, 0x90, 0x0A, 0xC8, 0xE0, 0x90, 0x09, 0x71, 0xF0, 0x90, 0x0A, 0xC9, 0xE0, 0x90, 0x09, 0x72, 0xF0, 0x90, 0x0A, 0xCA, 0xE0, 0x90, 0x09, 0x73, 0xF0, 0x90, 0x0A,
0xCB, 0xE0, 0x90, 0x09, 0x74, 0xF0, 0x90, 0x0A, 0xCC, 0xE0, 0x90, 0x09, 0x75, 0xF0, 0x90, 0x0A, 0xCD, 0xE0, 0x90, 0x09, 0x76, 0xF0, 0x90, 0x0A, 0xCE, 0xE0, 0x90, 0x09, 0x77, 0xF0, 0x90, 0x0A,
0xCF, 0xE0, 0x90, 0x09, 0x78, 0xF0, 0x7F, 0x01, 0x7E, 0xFA, 0x7C, 0x05, 0x12, 0x75, 0xEF, 0x90, 0x0A, 0xC2, 0xE0, 0x90, 0x09, 0x56, 0xF0, 0x90, 0x0A, 0xC3, 0xE0, 0x90, 0x09, 0x57, 0xF0, 0xE4,
0x90, 0x09, 0x58, 0xF0, 0x90, 0x0A, 0xC4, 0xE0, 0x90, 0x09, 0x59, 0xF0, 0x90, 0x0A, 0xC5, 0xE0, 0x90, 0x09, 0x5A, 0xF0, 0xE4, 0x90, 0x09, 0x5B, 0xF0, 0x90, 0x0A, 0xC6, 0xE0, 0x90, 0x09, 0x5C,
0xF0, 0x90, 0x0A, 0xC7, 0xE0, 0x90, 0x09, 0x5D, 0xF0, 0xE4, 0x90, 0x09, 0x5E, 0xF0, 0x90, 0x0A, 0xC8, 0xE0, 0x90, 0x09, 0x5F, 0xF0, 0x90, 0x0A, 0xC9, 0xE0, 0x90, 0x09, 0x60, 0xF0, 0xE4, 0x90,
0x09, 0x61, 0xF0, 0x90, 0x0A, 0xCA, 0xE0, 0x90, 0x09, 0x62, 0xF0, 0x90, 0x0A, 0xCB, 0xE0, 0x90, 0x09, 0x63, 0xF0, 0xE4, 0x90, 0x09, 0x64, 0xF0, 0x90, 0x0A, 0xCC, 0xE0, 0x90, 0x09, 0x65, 0xF0,
0x90, 0x0A, 0xCD, 0xE0, 0x90, 0x09, 0x66, 0xF0, 0xE4, 0x90, 0x09, 0x67, 0xF0, 0x90, 0x0A, 0xCE, 0xE0, 0x90, 0x09, 0x68, 0xF0, 0x90, 0x0A, 0xCF, 0xE0, 0x90, 0x09, 0x69, 0xF0, 0xE4, 0x90, 0x09,
0x6A, 0xF0, 0x7F, 0x01, 0x7E, 0xFB, 0x7C, 0x05, 0x12, 0x75, 0xEF, 0x7F, 0x00, 0xEF, 0x24, 0xF6, 0x40, 0x2F, 0xEF, 0x24, 0xC2, 0xF5, 0x82, 0xE4, 0x34, 0x0A, 0xF5, 0x83, 0xE0, 0xFC, 0xEF, 0x24,
0x79, 0xF5, 0x82, 0xE4, 0x34, 0x09, 0xF5, 0x83, 0xEC, 0xF0, 0xEF, 0x60, 0x11, 0xE4, 0xEF, 0x24, 0xC1, 0xF5, 0x82, 0xE4, 0x34, 0x0A, 0xF5, 0x83, 0xE0, 0xB4, 0x20, 0x02, 0x80, 0x03, 0x0F, 0x80,
0xCC, 0x78, 0x2F, 0xEF, 0xF6, 0x78, 0x2F, 0xE6, 0x24, 0x79, 0xF5, 0x82, 0xE4, 0x34, 0x09, 0xF5, 0x83, 0xE4, 0xF0, 0x7F, 0x0A, 0xEF, 0x24, 0xEC, 0x40, 0x33, 0xEF, 0x24, 0xC2, 0xF5, 0x82, 0xE4,
0x34, 0x0A, 0xF5, 0x83, 0xE0, 0xFC, 0xEF, 0x24, 0xF6, 0x24, 0x83, 0xF5, 0x82, 0xE4, 0x34, 0x09, 0xF5, 0x83, 0xEC, 0xF0, 0xEF, 0x24, 0xF5, 0x50, 0x11, 0xE4, 0xEF, 0x24, 0xC1, 0xF5, 0x82, 0xE4,
0x34, 0x0A, 0xF5, 0x83, 0xE0, 0xB4, 0x20, 0x02, 0x80, 0x03, 0x0F, 0x80, 0xC8, 0x78, 0x2F, 0xEF, 0xF6, 0x78, 0x2F, 0xE6, 0x24, 0xF6, 0x24, 0x83, 0xF5, 0x82, 0xE4, 0x34, 0x09, 0xF5, 0x83, 0xE4,
0xF0, 0x7F, 0x02, 0x7E, 0x56, 0x7C, 0x05, 0x12, 0x75, 0xEF, 0x7F, 0x00, 0xEF, 0x24, 0xF8, 0x40, 0x1B, 0xEF, 0x24, 0xC2, 0xF5, 0x82, 0xE4, 0x34, 0x0A, 0xF5, 0x83, 0xE0, 0xFC, 0xEF, 0x24, 0x8D,
0xF5, 0x82, 0xE4, 0x34, 0x09, 0xF5, 0x83, 0xEC, 0xF0, 0x0F, 0x80, 0xE0, 0x78, 0x2F, 0xEF, 0xF6, 0x78, 0x2F, 0xE6, 0x24, 0x8D, 0xF5, 0x82, 0xE4, 0x34, 0x09, 0xF5, 0x83, 0xE4, 0xF0, 0x7F, 0x01,
0x7E, 0xC2, 0x7C, 0x05, 0x12, 0x75, 0xEF, 0x90, 0x0A, 0xC2, 0xE0, 0x90, 0x09, 0x96, 0xF0, 0x90, 0x0A, 0xC3, 0xE0, 0x90, 0x09, 0x97, 0xF0, 0x90, 0x0A, 0xC4, 0xE0, 0x90, 0x09, 0x98, 0xF0, 0xE4,
0x90, 0x09, 0x99, 0xF0, 0x90, 0x0A, 0xC5, 0xE0, 0x90, 0x09, 0x9A, 0xF0, 0x90, 0x0A, 0xC6, 0xE0, 0x90, 0x09, 0x9B, 0xF0, 0x90, 0x0A, 0xC7, 0xE0, 0x90, 0x09, 0x9C, 0xF0, 0xE4, 0x90, 0x09, 0x9D,
0xF0, 0x90, 0x0A, 0xC8, 0xE0, 0x90, 0x09, 0x9E, 0xF0, 0x90, 0x0A, 0xC9, 0xE0, 0x90, 0x09, 0x9F, 0xF0, 0x90, 0x0A, 0xCA, 0xE0, 0x90, 0x09, 0xA0, 0xF0, 0xE4, 0x90, 0x09, 0xA1, 0xF0, 0x90, 0x0A,
0xCB, 0xE0, 0x90, 0x09, 0xA2, 0xF0, 0x90, 0x0A, 0xCC, 0xE0, 0x90, 0x09, 0xA3, 0xF0, 0x90, 0x0A, 0xCD, 0xE0, 0x90, 0x09, 0xA4, 0xF0, 0xE4, 0x90, 0x09, 0xA5, 0xF0, 0x90, 0x1B, 0x78, 0xE0, 0x54,
0xFE, 0xF0, 0x90, 0x1B, 0x78, 0xE0, 0x54, 0xFD, 0xF0, 0x90, 0x1B, 0x78, 0xE0, 0x54, 0xF7, 0xF0, 0x90, 0x1B, 0x78, 0xE0, 0x54, 0xEF, 0xF0, 0x90, 0x1B, 0x78, 0xE0, 0x54, 0xBF, 0xF0, 0x90, 0x1B,
0x78, 0xE0, 0x44, 0x80, 0xF0, 0x90, 0x1B, 0x77, 0xE0, 0x44, 0x01, 0xF0, 0x90, 0x1B, 0x77, 0xE0, 0x54, 0xFD, 0xF0, 0x90, 0x1B, 0x77, 0xE0, 0x44, 0x04, 0xF0, 0x90, 0x1B, 0x77, 0xE0, 0x54, 0xF7,
0xF0, 0x7D, 0xFC, 0x7E, 0x1E, 0x7F, 0x01, 0x90, 0x1B, 0x79, 0x12, 0x0B, 0xB1, 0x90, 0x0A, 0x16, 0xE0, 0xFD, 0xA3, 0xE0, 0x90, 0x1B, 0x7C, 0xCD, 0xF0, 0xA3, 0xCD, 0xF0, 0x90, 0x13, 0x64, 0xE0,
0xFD, 0xA3, 0xE0, 0x4D, 0x70, 0x08, 0x74, 0x21, 0x90, 0x22, 0x3D, 0xF0, 0x80, 0x05, 0xE4, 0x90, 0x22, 0x3D, 0xF0, 0x02, 0xD3, 0x4C, 0x90, 0x1B, 0xC0, 0x7E, 0x21, 0x74, 0xFF, 0xF0, 0xA3, 0xDE,
0xFC, 0x7F, 0x00, 0x22, 0xE4, 0x90, 0x1B, 0xBA, 0xF0, 0xE4, 0x90, 0x1B, 0xBB, 0xF0, 0xE4, 0x90, 0x1B, 0xBC, 0xF0, 0xE4, 0x90, 0x1B, 0xBD, 0xF0, 0xE4, 0x90, 0x1B, 0xBE, 0xF0, 0x78, 0x27, 0xE4,
0xF6, 0x08, 0xF6, 0x78, 0x29, 0x76, 0x00, 0x78, 0x25, 0xE4, 0xF6, 0x08, 0xF6, 0x78, 0x29, 0xE6, 0xFD, 0x78, 0x25, 0xE6, 0xFF, 0x08, 0xE6, 0xFE, 0xC3, 0xEE, 0x94, 0x20, 0xEF, 0x94, 0x00, 0x50,
0x7D, 0xEF, 0xFB, 0xEE, 0x90, 0x14, 0xCC, 0x12, 0x0B, 0x93, 0xA3, 0xE0, 0x30, 0xE0, 0x67, 0x78, 0x27, 0xE4, 0xF6, 0x08, 0x04, 0xF6, 0xEF, 0xFB, 0xEE, 0x90, 0x14, 0xCC, 0x12, 0x0B, 0x93, 0xA3,
0xE0, 0x20, 0xE1, 0x01, 0x0D, 0xEF, 0xFB, 0xEE, 0x90, 0x16, 0x8C, 0x12, 0x0B, 0x93, 0xE0, 0xFB, 0xA3, 0xE0, 0x4B, 0x70, 0x08, 0x74, 0x01, 0x90, 0x1B, 0xBB, 0xF0, 0x80, 0x39, 0xEF, 0xFB, 0xEE,
0x90, 0x16, 0x8C, 0x12, 0x0B, 0x93, 0xE0, 0xFB, 0xA3, 0xE0, 0x14, 0x4B, 0x70, 0x08, 0x74, 0x01, 0x90, 0x1B, 0xBC, 0xF0, 0x80, 0x20, 0xEF, 0xFB, 0xEE, 0x90, 0x16, 0x8C, 0x12, 0x0B, 0x93, 0xE0,
0xFB, 0xA3, 0xE0, 0x64, 0x02, 0x4B, 0x70, 0x08, 0x74, 0x01, 0x90, 0x1B, 0xBD, 0xF0, 0x80, 0x06, 0x74, 0x01, 0x90, 0x1B, 0xBE, 0xF0, 0x0E, 0xBE, 0x00, 0x01, 0x0F, 0x02, 0xE5, 0x98, 0x78, 0x29,
0xED, 0xF6, 0x78, 0x25, 0xEF, 0xF6, 0x08, 0xEE, 0xF6, 0x78, 0x29, 0xE6, 0x60, 0x11, 0x90, 0x09, 0xD2, 0xE4, 0xF0, 0xA3, 0x74, 0x02, 0xF0, 0x74, 0x01, 0x90, 0x1B, 0xBA, 0xF0, 0x80, 0x18, 0x78,
0x27, 0xE6, 0x08, 0x46, 0x60, 0x0A, 0x90, 0x09, 0xD2, 0xE4, 0xF0, 0xA3, 0x04, 0xF0, 0x80, 0x07, 0x90, 0x09, 0xD2, 0xE4, 0xF0, 0xA3, 0xF0, 0x22, 0x74, 0x01, 0x90, 0x1B, 0xBF, 0xF0, 0x78, 0x44,
0xEC, 0xF6, 0x7D, 0x00, 0x90, 0x14, 0xCC, 0x12, 0x0B, 0x98, 0xA3, 0xE0, 0x44, 0x01, 0xF0, 0x78, 0x44, 0xE6, 0x7D, 0x00, 0x90, 0x14, 0xCC, 0x12, 0x0B, 0x98, 0xE4, 0xF0, 0xA3, 0xE0, 0x54, 0xFD,
0xF0, 0x90, 0x09, 0xB4, 0xE0, 0xFD, 0xA3, 0xE0, 0xFC, 0x78, 0x44, 0xE6, 0x7F, 0x00, 0x90, 0x15, 0x0C, 0x12, 0x0B, 0x9D, 0xED, 0xF0, 0xA3, 0xEC, 0xF0, 0x90, 0x09, 0xB0, 0xE0, 0xFD, 0xA3, 0xE0,
0xFC, 0x78, 0x44, 0xE6, 0x7F, 0x00, 0x90, 0x15, 0x4C, 0x12, 0x0B, 0x9D, 0xED, 0xF0, 0xA3, 0xEC, 0xF0, 0x90, 0x09, 0xAE, 0xE0, 0xFD, 0xA3, 0xE0, 0xFC, 0x78, 0x44, 0xE6, 0x7F, 0x00, 0x90, 0x15,
0x8C, 0x12, 0x0B, 0x9D, 0xED, 0xF0, 0xA3, 0xEC, 0xF0, 0x90, 0x09, 0xAC, 0xE0, 0xFD, 0xA3, 0xE0, 0xFC, 0x78, 0x44, 0xE6, 0x7F, 0x00, 0x90, 0x15, 0xCC, 0x12, 0x0B, 0x9D, 0xED, 0xF0, 0xA3, 0xEC,
0xF0, 0x90, 0x09, 0xAA, 0xE0, 0xFD, 0xA3, 0xE0, 0xFC, 0x78, 0x44, 0xE6, 0x7F, 0x00, 0x90, 0x16, 0x0C, 0x12, 0x0B, 0x9D, 0xED, 0xF0, 0xA3, 0xEC, 0xF0, 0x90, 0x09, 0xA8, 0xE0, 0xFD, 0xA3, 0xE0,
0xFC, 0x78, 0x44, 0xE6, 0x7F, 0x00, 0x90, 0x16, 0x4C, 0x12, 0x0B, 0x9D, 0xED, 0xF0, 0xA3, 0xEC, 0xF0, 0x78, 0x44, 0xE6, 0x78, 0x36, 0xF6, 0x90, 0x09, 0xB4, 0xE0, 0xFD, 0xA3, 0xE0, 0x7C, 0x04,
0xCD, 0xC3, 0x13, 0xCD, 0x13, 0xDC, 0xF9, 0x24, 0x30, 0x78, 0x37, 0xF6, 0x90, 0x09, 0xB5, 0xE0, 0x54, 0x0F, 0x24, 0x30, 0x78, 0x38, 0xF6, 0x90, 0x09, 0xB0, 0xE0, 0xFD, 0xA3, 0xE0, 0x7C, 0x04,
0xCD, 0xC3, 0x13, 0xCD, 0x13, 0xDC, 0xF9, 0x24, 0x30, 0x78, 0x39, 0xF6, 0x90, 0x09, 0xB1, 0xE0, 0x54, 0x0F, 0x24, 0x30, 0x78, 0x3A, 0xF6, 0x90, 0x09, 0xAE, 0xE0, 0xFD, 0xA3, 0xE0, 0x7C, 0x04,
0xCD, 0xC3, 0x13, 0xCD, 0x13, 0xDC, 0xF9, 0x24, 0x30, 0x78, 0x3B, 0xF6, 0x90, 0x09, 0xAF, 0xE0, 0x54, 0x0F, 0x24, 0x30, 0x78, 0x3C, 0xF6, 0x90, 0x09, 0xAC, 0xE0, 0xFD, 0xA3, 0xE0, 0x7C, 0x04,
0xCD, 0xC3, 0x13, 0xCD, 0x13, 0xDC, 0xF9, 0x24, 0x30, 0x78, 0x3D, 0xF6, 0x90, 0x09, 0xAD, 0xE0, 0x54, 0x0F, 0x24, 0x30, 0x78, 0x3E, 0xF6, 0x90, 0x09, 0xAA, 0xE0, 0xFD, 0xA3, 0xE0, 0x7C, 0x04,
0xCD, 0xC3, 0x13, 0xCD, 0x13, 0xDC, 0xF9, 0x24, 0x30, 0x78, 0x3F, 0xF6, 0x90, 0x09, 0xAB, 0xE0, 0x54, 0x0F, 0x24, 0x30, 0x78, 0x40, 0xF6, 0x90, 0x09, 0xA8, 0xE0, 0xFD, 0xA3, 0xE0, 0x7C, 0x04,
0xCD, 0xC3, 0x13, 0xCD, 0x13, 0xDC, 0xF9, 0x24, 0x30, 0x78, 0x41, 0xF6, 0x90, 0x09, 0xA9, 0xE0, 0x54, 0x0F, 0x24, 0x30, 0x78, 0x42, 0xF6, 0x78, 0x43, 0x76, 0x00, 0x7D, 0x36, 0xE4, 0xFE, 0xFF,
0x12, 0x72, 0x55, 0x78, 0x35, 0x76, 0x00, 0x78, 0x34, 0x76, 0x1F, 0x78, 0x35, 0xE6, 0xFE, 0x78, 0x34, 0xE6, 0xFF, 0xEF, 0x60, 0x32, 0xE4, 0xEF, 0x14, 0x24, 0xC0, 0xF5, 0x82, 0xE4, 0x34, 0x1B,
0xF5, 0x83, 0xE0, 0x04, 0x60, 0x02, 0x7E, 0x01, 0xEE, 0x60, 0x1A, 0xE4, 0xEF, 0x14, 0x24, 0xC0, 0xF5, 0x82, 0xE4, 0x34, 0x1B, 0xF5, 0x83, 0xE0, 0xFC, 0xEF, 0x24, 0xC0, 0xF5, 0x82, 0xE4, 0x34,
0x1B, 0xF5, 0x83, 0xEC, 0xF0, 0x1F, 0x80, 0xCB, 0x78, 0x35, 0xEE, 0xF6, 0x78, 0x34, 0xEF, 0xF6, 0x78, 0x44, 0xE6, 0x90, 0x1B, 0xC0, 0xF0, 0x02, 0xE5, 0x64, 0x78, 0x2A, 0xEC, 0xF6, 0x7D, 0x00,
0x90, 0x14, 0xCC, 0x12, 0x0B, 0x98, 0xA3, 0xE0, 0x44, 0x02, 0xF0, 0x02, 0xE5, 0x64, 0x78, 0x2C, 0xEC, 0xF6, 0x7D, 0x00, 0x90, 0x14, 0xCC, 0x12, 0x0B, 0x98, 0xA3, 0xE0, 0x20, 0xE1, 0x28, 0x78,
0x2C, 0xE6, 0x7D, 0x00, 0x90, 0x16, 0x8C, 0x12, 0x0B, 0x98, 0xE0, 0xFD, 0xA3, 0xE0, 0x64, 0x02, 0x4D, 0x60, 0x14, 0x78, 0x2C, 0xE6, 0x7D, 0x00, 0x90, 0x16, 0x8C, 0x12, 0x0B, 0x98, 0xE0, 0xFD,
0xA3, 0xE0, 0x64, 0x03, 0x4D, 0x70, 0x7B, 0x78, 0x2C, 0xE6, 0x7D, 0x00, 0x90, 0x14, 0xCC, 0x12, 0x0B, 0x98, 0xE4, 0xF0, 0xA3, 0xF0, 0x78, 0x2B, 0x76, 0x00, 0x78, 0x2A, 0x76, 0x00, 0x78, 0x2B,
0xE6, 0xFE, 0x78, 0x2A, 0xE6, 0xFF, 0xEF, 0x24, 0xE1, 0x40, 0x40, 0xEF, 0x24, 0xC0, 0xF5, 0x82, 0xE4, 0x34, 0x1B, 0xF5, 0x83, 0xE0, 0xFC, 0x33, 0x95, 0xE0, 0xFD, 0x78, 0x2C, 0xE6, 0x7B, 0x00,
0xFA, 0xEC, 0x6A, 0x70, 0x02, 0xED, 0x6B, 0x70, 0x02, 0x7E, 0x01, 0xEE, 0x60, 0x1A, 0xE4, 0xEF, 0x04, 0x24, 0xC0, 0xF5, 0x82, 0xE4, 0x34, 0x1B, 0xF5, 0x83, 0xE0, 0xFC, 0xEF, 0x24, 0xC0, 0xF5,
0x82, 0xE4, 0x34, 0x1B, 0xF5, 0x83, 0xEC, 0xF0, 0x0F, 0x80, 0xBB, 0x78, 0x2B, 0xEE, 0xF6, 0x78, 0x2A, 0xEF, 0xF6, 0x78, 0x2A, 0xE6, 0x24, 0xC0, 0xF5, 0x82, 0xE4, 0x34, 0x1B, 0xF5, 0x83, 0x74,
0xFF, 0xF0, 0x02, 0xE5, 0x64, 0x78, 0x2C, 0xEC, 0xF6, 0x7D, 0x00, 0x90, 0x14, 0xCC, 0x12, 0x0B, 0x98, 0xE4, 0xF0, 0xA3, 0xF0, 0x78, 0x2B, 0x76, 0x00, 0x78, 0x2A, 0x76, 0x00, 0x78, 0x2B, 0xE6,
0xFE, 0x78, 0x2A, 0xE6, 0xFF, 0xEF, 0x24, 0xE1, 0x40, 0x40, 0xEF, 0x24, 0xC0, 0xF5, 0x82, 0xE4, 0x34, 0x1B, 0xF5, 0x83, 0xE0, 0xFC, 0x33, 0x95, 0xE0, 0xFD, 0x78, 0x2C, 0xE6, 0x7B, 0x00, 0xFA,
0xEC, 0x6A, 0x70, 0x02, 0xED, 0x6B, 0x70, 0x02, 0x7E, 0x01, 0xEE, 0x60, 0x1A, 0xE4, 0xEF, 0x04, 0x24, 0xC0, 0xF5, 0x82, 0xE4, 0x34, 0x1B, 0xF5, 0x83, 0xE0, 0xFC, 0xEF, 0x24, 0xC0, 0xF5, 0x82,
0xE4, 0x34, 0x1B, 0xF5, 0x83, 0xEC, 0xF0, 0x0F, 0x80, 0xBB, 0x78, 0x2B, 0xEE, 0xF6, 0x78, 0x2A, 0xEF, 0xF6, 0x78, 0x2A, 0xE6, 0x24, 0xC0, 0xF5, 0x82, 0xE4, 0x34, 0x1B, 0xF5, 0x83, 0x74, 0xFF,
0xF0, 0x02, 0xE5, 0x64, 0x78, 0x25, 0xEC, 0xF6, 0x7D, 0x00, 0x90, 0x14, 0xCC, 0x12, 0x0B, 0x98, 0xA3, 0xE0, 0x54, 0x01, 0xFC, 0x22, 0x78, 0x26, 0xED, 0xF6, 0x7F, 0x00, 0x78, 0x25, 0xCC, 0xF6,
0xCC, 0x7D, 0x00, 0xFE, 0xEC, 0x90, 0x16, 0x8C, 0x12, 0x0B, 0x98, 0xEF, 0xF0, 0xA3, 0xEE, 0xF0, 0x22, 0x90, 0x0A, 0x00, 0xE0, 0xFD, 0xA3, 0xE0, 0x90, 0x16, 0xFE, 0xCD, 0xF0, 0xA3, 0xCD, 0xF0,
0x90, 0x0A, 0x04, 0xE0, 0xFD, 0xA3, 0xE0, 0x90, 0x17, 0x00, 0xCD, 0xF0, 0xA3, 0xCD, 0xF0, 0x90, 0x0A, 0x08, 0xE0, 0xFD, 0xA3, 0xE0, 0x90, 0x17, 0x02, 0xCD, 0xF0, 0xA3, 0xCD, 0xF0, 0x90, 0x0A,
0x02, 0xE0, 0xFD, 0xA3, 0xE0, 0x90, 0x17, 0x04, 0xCD, 0xF0, 0xA3, 0xCD, 0xF0, 0x90, 0x0A, 0x06, 0xE0, 0xFD, 0xA3, 0xE0, 0x90, 0x17, 0x06, 0xCD, 0xF0, 0xA3, 0xCD, 0xF0, 0x90, 0x0A, 0x10, 0xE0,
0xFD, 0xA3, 0xE0, 0x90, 0x17, 0x08, 0xCD, 0xF0, 0xA3, 0xCD, 0xF0, 0x90, 0x0A, 0x0A, 0xE0, 0xFD, 0xA3, 0xE0, 0x90, 0x17, 0x0A, 0xCD, 0xF0, 0xA3, 0xCD, 0xF0, 0x90, 0x09, 0xFE, 0xE0, 0xFD, 0xA3,
0xE0, 0x90, 0x17, 0x0C, 0xCD, 0xF0, 0xA3, 0xCD, 0xF0, 0x90, 0x0A, 0x0C, 0xE0, 0xFD, 0xA3, 0xE0, 0x90, 0x17, 0x0E, 0xCD, 0xF0, 0xA3, 0xCD, 0xF0, 0x90, 0x0A, 0x0E, 0xE0, 0xFD, 0xA3, 0xE0, 0x90,
0x17, 0x10, 0xCD, 0xF0, 0xA3, 0xCD, 0xF0, 0x90, 0x0A, 0x12, 0xE0, 0xFD, 0xA3, 0xE0, 0x90, 0x17, 0x12, 0xCD, 0xF0, 0xA3, 0xCD, 0xF0, 0x90, 0x09, 0xD4, 0xE0, 0xFD, 0xA3, 0xE0, 0x90, 0x16, 0xD4,
0xCD, 0xF0, 0xA3, 0xCD, 0xF0, 0x90, 0x09, 0xD6, 0xE0, 0xFD, 0xA3, 0xE0, 0x90, 0x16, 0xD6, 0xCD, 0xF0, 0xA3, 0xCD, 0xF0, 0x90, 0x09, 0xD8, 0xE0, 0xFD, 0xA3, 0xE0, 0x90, 0x16, 0xD8, 0xCD, 0xF0,
0xA3, 0xCD, 0xF0, 0x90, 0x09, 0xDA, 0xE0, 0xFD, 0xA3, 0xE0, 0x90, 0x16, 0xDA, 0xCD, 0xF0, 0xA3, 0xCD, 0xF0, 0x90, 0x09, 0xDC, 0xE0, 0xFD, 0xA3, 0xE0, 0x90, 0x16, 0xDC, 0xCD, 0xF0, 0xA3, 0xCD,
0xF0, 0x90, 0x09, 0xDE, 0xE0, 0xFD, 0xA3, 0xE0, 0x90, 0x16, 0xDE, 0xCD, 0xF0, 0xA3, 0xCD, 0xF0, 0x90, 0x09, 0xE0, 0xE0, 0xFD, 0xA3, 0xE0, 0x90, 0x16, 0xE2, 0xCD, 0xF0, 0xA3, 0xCD, 0xF0, 0x90,
0x09, 0xE2, 0xE0, 0xFD, 0xA3, 0xE0, 0x90, 0x16, 0xE4, 0xCD, 0xF0, 0xA3, 0xCD, 0xF0, 0x90, 0x0A, 0x1E, 0xE0, 0xFD, 0xA3, 0xE0, 0x90, 0x17, 0x16, 0xCD, 0xF0, 0xA3, 0xCD, 0xF0, 0x90, 0x13, 0x5E,
0xE0, 0xFD, 0xA3, 0xE0, 0x4D, 0x60, 0x03, 0x02, 0xEB, 0xBE, 0x90, 0x16, 0xE6, 0xE0, 0xFD, 0xA3, 0xE0, 0x90, 0x09, 0xE6, 0xCD, 0xF0, 0xA3, 0xCD, 0xF0, 0x90, 0x16, 0xE8, 0xE0, 0xFD, 0xA3, 0xE0,
0x90, 0x09, 0xE8, 0xCD, 0xF0, 0xA3, 0xCD, 0xF0, 0x90, 0x16, 0xEA, 0xE0, 0xFD, 0xA3, 0xE0, 0x90, 0x09, 0xEA, 0xCD, 0xF0, 0xA3, 0xCD, 0xF0, 0x90, 0x16, 0xEC, 0xE0, 0xFD, 0xA3, 0xE0, 0x90, 0x09,
0xEC, 0xCD, 0xF0, 0xA3, 0xCD, 0xF0, 0x90, 0x16, 0xEE, 0xE0, 0xFD, 0xA3, 0xE0, 0x4D, 0x60, 0x0F, 0x90, 0x09, 0xF0, 0xE4, 0xF0, 0xA3, 0x04, 0xF0, 0x90, 0x16, 0xEE, 0xE4, 0xF0, 0xA3, 0xF0, 0x90,
0x16, 0xF0, 0xE0, 0xFD, 0xA3, 0xE0, 0x4D, 0x60, 0x0F, 0x90, 0x09, 0xEE, 0xE4, 0xF0, 0xA3, 0x04, 0xF0, 0x90, 0x16, 0xF0, 0xE4, 0xF0, 0xA3, 0xF0, 0x90, 0x16, 0xF2, 0xE0, 0xFD, 0xA3, 0xE0, 0x90,
0x09, 0xF2, 0xCD, 0xF0, 0xA3, 0xCD, 0xF0, 0x90, 0x16, 0xF4, 0xE0, 0xFD, 0xA3, 0xE0, 0x90, 0x09, 0xF4, 0xCD, 0xF0, 0xA3, 0xCD, 0xF0, 0x90, 0x16, 0xF6, 0xE0, 0xFD, 0xA3, 0xE0, 0x90, 0x09, 0xF6,
0xCD, 0xF0, 0xA3, 0xCD, 0xF0, 0x90, 0x16, 0xF8, 0xE0, 0xFD, 0xA3, 0xE0, 0x90, 0x09, 0xF8, 0xCD, 0xF0, 0xA3, 0xCD, 0xF0, 0x90, 0x16, 0xFA, 0xE0, 0xFD, 0xA3, 0xE0, 0x90, 0x09, 0xFA, 0xCD, 0xF0,
0xA3, 0xCD, 0xF0, 0x90, 0x16, 0xFC, 0xE0, 0xFD, 0xA3, 0xE0, 0x90, 0x09, 0xFC, 0xCD, 0xF0, 0xA3, 0xCD, 0xF0, 0x90, 0x1B, 0x56, 0x74, 0x1C, 0xF0, 0xA3, 0x74, 0x20, 0xF0, 0x80, 0x19, 0x90, 0x1B,
0x56, 0xE0, 0xFD, 0xA3, 0xE0, 0x4D, 0x70, 0x07, 0x90, 0x13, 0x5E, 0xE4, 0xF0, 0xA3, 0xF0, 0x78, 0x66, 0x76, 0xFF, 0x78, 0x67, 0x76, 0xFF, 0x90, 0x13, 0x66, 0xE0, 0xFD, 0xA3, 0xE0, 0x90, 0x0A,
0x2C, 0xCD, 0xF0, 0xA3, 0xCD, 0xF0, 0x22, 0x78, 0x36, 0xEF, 0xF6, 0x08, 0xEE, 0xF6, 0x78, 0x35, 0xEC, 0xF6, 0x70, 0x1D, 0x90, 0x12, 0xEC, 0xE0, 0xFD, 0xA3, 0xE0, 0x78, 0x2E, 0xF6, 0xED, 0x18,
0xF6, 0x90, 0x12, 0xEE, 0xE0, 0xFD, 0xA3, 0xE0, 0x78, 0x2F, 0xCD, 0xF6, 0xCD, 0x08, 0xF6, 0x80, 0x1B, 0x90, 0x12, 0xF2, 0xE0, 0xFD, 0xA3, 0xE0, 0x78, 0x2E, 0xF6, 0xED, 0x18, 0xF6, 0x90, 0x12,
0xF4, 0xE0, 0xFD, 0xA3, 0xE0, 0x78, 0x2F, 0xCD, 0xF6, 0xCD, 0x08, 0xF6, 0x78, 0x2D, 0xE6, 0xFD, 0x08, 0xE6, 0xFC, 0xED, 0x33, 0x95, 0xE0, 0xFE, 0xFF, 0xE4, 0xFA, 0xFB, 0x79, 0x03, 0x78, 0x70,
0x12, 0x02, 0x92, 0xE4, 0xF9, 0xFA, 0xFB, 0x78, 0x64, 0x12, 0x03, 0xB6, 0xE4, 0xF9, 0xFA, 0xFB, 0x78, 0xC8, 0x12, 0x04, 0xA9, 0x78, 0x29, 0x12, 0x0B, 0x4E, 0x78, 0x29, 0x12, 0x0B, 0x6C, 0x78,
0x38, 0x74, 0xFF, 0xF9, 0xFA, 0xFB, 0x12, 0x04, 0xA9, 0xE4, 0xF9, 0xFA, 0xFB, 0x78, 0x64, 0x12, 0x02, 0x92, 0xE4, 0xFA, 0xFB, 0x79, 0x02, 0x78, 0x26, 0x12, 0x03, 0xB6, 0x78, 0x31, 0x12, 0x0B,
0x4E, 0x78, 0x36, 0xE6, 0xFD, 0x08, 0xE6, 0x12, 0x06, 0x3D, 0x00, 0x00, 0x0B, 0xEF, 0xAF, 0xEC, 0xA7, 0xEC, 0xCD, 0xED, 0x13, 0xED, 0x59, 0xED, 0x9F, 0xED, 0xE5, 0xEE, 0x2B, 0xEE, 0x72, 0xEE,
0xB9, 0xEF, 0x00, 0xEF, 0x46, 0xEF, 0x8C, 0x78, 0x35, 0xE6, 0x7D, 0x00, 0x90, 0x12, 0xFC, 0x12, 0x0B, 0x98, 0xE0, 0xFD, 0xA3, 0xE0, 0xFC, 0xED, 0x33, 0x95, 0xE0, 0xFE, 0xFF, 0x78, 0x29, 0x12,
0x0B, 0x78, 0x12, 0x04, 0xA9, 0x78, 0x25, 0x12, 0x0B, 0x4E, 0x02, 0xEF, 0xAF, 0x78, 0x35, 0xE6, 0x7D, 0x00, 0x90, 0x13, 0x00, 0x12, 0x0B, 0x98, 0xE0, 0xFD, 0xA3, 0xE0, 0xFC, 0xED, 0x33, 0x95,
0xE0, 0xFE, 0xFF, 0x12, 0x0B, 0x18, 0x78, 0x31, 0x12, 0x0B, 0x6C, 0xE4, 0xF9, 0xFA, 0xFB, 0x78, 0x32, 0x12, 0x02, 0x92, 0xE4, 0xF9, 0xFA, 0xFB, 0x78, 0x64, 0x12, 0x03, 0xB6, 0x12, 0x0B, 0x2A,
0x12, 0x04, 0xCA, 0x78, 0x29, 0x12, 0x0B, 0x78, 0x12, 0x04, 0xA9, 0x78, 0x25, 0x12, 0x0B, 0x4E, 0x02, 0xEF, 0xAF, 0x78, 0x35, 0xE6, 0x7D, 0x00, 0x90, 0x13, 0x04, 0x12, 0x0B, 0x98, 0xE0, 0xFD,
0xA3, 0xE0, 0xFC, 0xED, 0x33, 0x95, 0xE0, 0xFE, 0xFF, 0x12, 0x0B, 0x18, 0x78, 0x31, 0x12, 0x0B, 0x6C, 0xE4, 0xF9, 0xFA, 0xFB, 0x78, 0x64, 0x12, 0x02, 0x92, 0xE4, 0xF9, 0xFA, 0xFB, 0x78, 0x64,
0x12, 0x03, 0xB6, 0x12, 0x0B, 0x2A, 0x12, 0x04, 0xCA, 0x78, 0x29, 0x12, 0x0B, 0x78, 0x12, 0x04, 0xA9, 0x78, 0x25, 0x12, 0x0B, 0x4E, 0x02, 0xEF, 0xAF, 0x78, 0x35, 0xE6, 0x7D, 0x00, 0x90, 0x13,
0x08, 0x12, 0x0B, 0x98, 0xE0, 0xFD, 0xA3, 0xE0, 0xFC, 0xED, 0x33, 0x95, 0xE0, 0xFE, 0xFF, 0x12, 0x0B, 0x18, 0x78, 0x31, 0x12, 0x0B, 0x6C, 0xE4, 0xF9, 0xFA, 0xFB, 0x78, 0x96, 0x12, 0x02, 0x92,
0xE4, 0xF9, 0xFA, 0xFB, 0x78, 0x64, 0x12, 0x03, 0xB6, 0x12, 0x0B, 0x2A, 0x12, 0x04, 0xCA, 0x78, 0x29, 0x12, 0x0B, 0x78, 0x12, 0x04, 0xA9, 0x78, 0x25, 0x12, 0x0B, 0x4E, 0x02, 0xEF, 0xAF, 0x78,
0x35, 0xE6, 0x7D, 0x00, 0x90, 0x13, 0x0C, 0x12, 0x0B, 0x98, 0xE0, 0xFD, 0xA3, 0xE0, 0xFC, 0xED, 0x33, 0x95, 0xE0, 0xFE, 0xFF, 0x12, 0x0B, 0x18, 0x78, 0x31, 0x12, 0x0B, 0x6C, 0xE4, 0xF9, 0xFA,
0xFB, 0x78, 0xC8, 0x12, 0x02, 0x92, 0xE4, 0xF9, 0xFA, 0xFB, 0x78, 0x64, 0x12, 0x03, 0xB6, 0x12, 0x0B, 0x2A, 0x12, 0x04, 0xCA, 0x78, 0x29, 0x12, 0x0B, 0x78, 0x12, 0x04, 0xA9, 0x78, 0x25, 0x12,
0x0B, 0x4E, 0x02, 0xEF, 0xAF, 0x78, 0x35, 0xE6, 0x7D, 0x00, 0x90, 0x13, 0x10, 0x12, 0x0B, 0x98, 0xE0, 0xFD, 0xA3, 0xE0, 0xFC, 0xED, 0x33, 0x95, 0xE0, 0xFE, 0xFF, 0x12, 0x0B, 0x18, 0x78, 0x31,
0x12, 0x0B, 0x6C, 0xE4, 0xF9, 0xFA, 0xFB, 0x78, 0xFA, 0x12, 0x02, 0x92, 0xE4, 0xF9, 0xFA, 0xFB, 0x78, 0x64, 0x12, 0x03, 0xB6, 0x12, 0x0B, 0x2A, 0x12, 0x04, 0xCA, 0x78, 0x29, 0x12, 0x0B, 0x78,
0x12, 0x04, 0xA9, 0x78, 0x25, 0x12, 0x0B, 0x4E, 0x02, 0xEF, 0xAF, 0x78, 0x35, 0xE6, 0x7D, 0x00, 0x90, 0x13, 0x14, 0x12, 0x0B, 0x98, 0xE0, 0xFD, 0xA3, 0xE0, 0xFC, 0xED, 0x33, 0x95, 0xE0, 0xFE,
0xFF, 0x12, 0x0B, 0x18, 0x78, 0x31, 0x12, 0x0B, 0x6C, 0xE4, 0xFA, 0xFB, 0x04, 0xF9, 0x78, 0x2C, 0x12, 0x02, 0x92, 0xE4, 0xF9, 0xFA, 0xFB, 0x78, 0x64, 0x12, 0x03, 0xB6, 0x12, 0x0B, 0x2A, 0x12,
0x04, 0xCA, 0x78, 0x29, 0x12, 0x0B, 0x78, 0x12, 0x04, 0xA9, 0x78, 0x25, 0x12, 0x0B, 0x4E, 0x02, 0xEF, 0xAF, 0x78, 0x35, 0xE6, 0x7D, 0x00, 0x90, 0x13, 0x18, 0x12, 0x0B, 0x98, 0xE0, 0xFD, 0xA3,
0xE0, 0xFC, 0xED, 0x33, 0x95, 0xE0, 0xFE, 0xFF, 0x12, 0x0B, 0x18, 0x78, 0x31, 0x12, 0x0B, 0x6C, 0xE4, 0xFA, 0xFB, 0x04, 0xF9, 0x78, 0x5E, 0x12, 0x02, 0x92, 0xE4, 0xF9, 0xFA, 0xFB, 0x78, 0x64,
0x12, 0x03, 0xB6, 0x12, 0x0B, 0x2A, 0x12, 0x04, 0xCA, 0x78, 0x29, 0x12, 0x0B, 0x78, 0x12, 0x04, 0xA9, 0x78, 0x25, 0x12, 0x0B, 0x4E, 0x02, 0xEF, 0xAF, 0x78, 0x35, 0xE6, 0x7D, 0x00, 0x90, 0x13,
0x1C, 0x12, 0x0B, 0x98, 0xE0, 0xFD, 0xA3, 0xE0, 0xFC, 0xED, 0x33, 0x95, 0xE0, 0xFE, 0xFF, 0x12, 0x0B, 0x18, 0x78, 0x31, 0x12, 0x0B, 0x6C, 0xE4, 0xFA, 0xFB, 0x04, 0xF9, 0x78, 0x90, 0x12, 0x02,
0x92, 0xE4, 0xF9, 0xFA, 0xFB, 0x78, 0x64, 0x12, 0x03, 0xB6, 0x12, 0x0B, 0x2A, 0x12, 0x04, 0xCA, 0x78, 0x29, 0x12, 0x0B, 0x78, 0x12, 0x04, 0xA9, 0x78, 0x25, 0x12, 0x0B, 0x4E, 0x02, 0xEF, 0xAF,
0x78, 0x35, 0xE6, 0x7D, 0x00, 0x90, 0x13, 0x20, 0x12, 0x0B, 0x98, 0xE0, 0xFD, 0xA3, 0xE0, 0xFC, 0xED, 0x33, 0x95, 0xE0, 0xFE, 0xFF, 0x12, 0x0B, 0x18, 0x78, 0x31, 0x12, 0x0B, 0x6C, 0xE4, 0xFA,
0xFB, 0x04, 0xF9, 0x78, 0xC2, 0x12, 0x02, 0x92, 0xE4, 0xF9, 0xFA, 0xFB, 0x78, 0x64, 0x12, 0x03, 0xB6, 0x12, 0x0B, 0x2A, 0x12, 0x04, 0xCA, 0x78, 0x29, 0x12, 0x0B, 0x78, 0x12, 0x04, 0xA9, 0x78,
0x25, 0x12, 0x0B, 0x4E, 0x80, 0x69, 0x78, 0x35, 0xE6, 0x7D, 0x00, 0x90, 0x13, 0x24, 0x12, 0x0B, 0x98, 0xE0, 0xFD, 0xA3, 0xE0, 0xFC, 0xED, 0x33, 0x95, 0xE0, 0xFE, 0xFF, 0x12, 0x0B, 0x18, 0x78,
0x31, 0x12, 0x0B, 0x6C, 0xE4, 0xFA, 0xFB, 0x04, 0xF9, 0x78, 0xF4, 0x12, 0x02, 0x92, 0xE4, 0xF9, 0xFA, 0xFB, 0x78, 0x64, 0x12, 0x03, 0xB6, 0x12, 0x0B, 0x2A, 0x12, 0x04, 0xCA, 0x78, 0x29, 0x12,
0x0B, 0x78, 0x12, 0x04, 0xA9, 0x78, 0x25, 0x12, 0x0B, 0x4E, 0x80, 0x23, 0x78, 0x35, 0xE6, 0x7D, 0x00, 0x90, 0x13, 0x28, 0x12, 0x0B, 0x98, 0xA3, 0xE0, 0x24, 0xC8, 0xFC, 0x12, 0x0B, 0x84, 0xE0,
0x34, 0x00, 0xFD, 0x33, 0x95, 0xE0, 0xFE, 0xFF, 0x78, 0x25, 0x12, 0x0B, 0x4E, 0x80, 0x00, 0x78, 0x2F, 0xE6, 0xFD, 0x08, 0xE6, 0xFC, 0xED, 0x33, 0x95, 0xE0, 0xFE, 0xFF, 0x78, 0x25, 0x12, 0x05,
0x0B, 0x78, 0x2D, 0xE6, 0x08, 0x46, 0x70, 0x1F, 0x78, 0x25, 0x12, 0x0B, 0x6C, 0xE4, 0xF9, 0xFA, 0xFB, 0x78, 0x64, 0x74, 0x0B, 0x12, 0x04, 0x16, 0x70, 0x05, 0xE4, 0xFD, 0x7C, 0x64, 0x22, 0x78,
0x27, 0xE6, 0xFD, 0x08, 0xE6, 0xFC, 0x22, 0x78, 0x25, 0x12, 0x0B, 0x6C, 0xE4, 0xFA, 0xFB, 0x79, 0x04, 0x78, 0x38, 0x74, 0x07, 0x12, 0x04, 0x16, 0x70, 0x05, 0x7D, 0x04, 0x7C, 0x38, 0x22, 0x78,
0x25, 0x12, 0x0B, 0x6C, 0xE4, 0xF9, 0xFA, 0xFB, 0x78, 0x64, 0x74, 0x0B, 0x12, 0x04, 0x16, 0x70, 0x05, 0xE4, 0xFD, 0x7C, 0x64, 0x22, 0x78, 0x27, 0xE6, 0xFD, 0x08, 0xE6, 0xFC, 0x22, 0x78, 0x3D,
0xEF, 0xF6, 0x08, 0xEE, 0xF6, 0x78, 0x3C, 0xEC, 0xF6, 0xE4, 0xFE, 0xFF, 0x12, 0xEB, 0xE7, 0x78, 0x38, 0xED, 0xF6, 0x08, 0xEC, 0xF6, 0x78, 0x3C, 0xE6, 0xFC, 0xE4, 0xFF, 0x04, 0xFE, 0x12, 0xEB,
0xE7, 0x78, 0x3A, 0xED, 0xF6, 0x08, 0xEC, 0xF6, 0xC3, 0x78, 0x3E, 0xE6, 0x94, 0xA2, 0x18, 0xE6, 0x64, 0x80, 0x94, 0x7E, 0x50, 0x08, 0x78, 0x38, 0xE6, 0xFD, 0x08, 0xE6, 0xFC, 0x22, 0xC3, 0x78,
0x3E, 0xE6, 0x94, 0xA2, 0x18, 0xE6, 0x64, 0x80, 0x94, 0x7E, 0x40, 0x57, 0xD3, 0x78, 0x3E, 0xE6, 0x94, 0xD4, 0x18, 0xE6, 0x64, 0x80, 0x94, 0x7E, 0x50, 0x49, 0xC3, 0x78, 0x3B, 0x79, 0x39, 0xE7,
0x96, 0xFC, 0x18, 0x19, 0xE7, 0x96, 0xFD, 0xE4, 0xFB, 0x7A, 0x64, 0x12, 0x01, 0x36, 0xE4, 0xFB, 0x7A, 0x32, 0x12, 0x01, 0x60, 0x74, 0xD4, 0xC3, 0xC8, 0xFE, 0xC8, 0xC9, 0xFF, 0xC9, 0x78, 0x3E,
0x96, 0xFC, 0x18, 0x74, 0xFE, 0x96, 0xFD, 0xEC, 0xFA, 0xED, 0xFB, 0x12, 0x01, 0x2F, 0xE4, 0xFB, 0x7A, 0x64, 0x12, 0x01, 0x60, 0xE8, 0xFC, 0xE9, 0xFD, 0x78, 0x3B, 0xEC, 0x26, 0xFC, 0x18, 0xED,
0x36, 0xFD, 0x22, 0x78, 0x3A, 0xE6, 0xFD, 0x08, 0xE6, 0x79, 0x39, 0xF7, 0xED, 0x19, 0xF7, 0x78, 0x3C, 0xE6, 0xFC, 0xE4, 0xFF, 0x7E, 0x02, 0x12, 0xEB, 0xE7, 0x78, 0x3A, 0xED, 0xF6, 0x08, 0xEC,
0xF6, 0xC3, 0x78, 0x3E, 0xE6, 0x94, 0xD4, 0x18, 0xE6, 0x64, 0x80, 0x94, 0x7E, 0x40, 0x57, 0xD3, 0x78, 0x3E, 0xE6, 0x94, 0x06, 0x18, 0xE6, 0x64, 0x80, 0x94, 0x7F, 0x50, 0x49, 0xC3, 0x78, 0x3B,
0x79, 0x39, 0xE7, 0x96, 0xFC, 0x18, 0x19, 0xE7, 0x96, 0xFD, 0xE4, 0xFB, 0x7A, 0x64, 0x12, 0x01, 0x36, 0xE4, 0xFB, 0x7A, 0x32, 0x12, 0x01, 0x60, 0x74, 0x06, 0xC3, 0xC8, 0xFE, 0xC8, 0xC9, 0xFF,
0xC9, 0x78, 0x3E, 0x96, 0xFC, 0x18, 0x74, 0xFF, 0x96, 0xFD, 0xEC, 0xFA, 0xED, 0xFB, 0x12, 0x01, 0x2F, 0xE4, 0xFB, 0x7A, 0x64, 0x12, 0x01, 0x60, 0xE8, 0xFC, 0xE9, 0xFD, 0x78, 0x3B, 0xEC, 0x26,
0xFC, 0x18, 0xED, 0x36, 0xFD, 0x22, 0x78, 0x3A, 0xE6, 0xFD, 0x08, 0xE6, 0x79, 0x39, 0xF7, 0xED, 0x19, 0xF7, 0x78, 0x3C, 0xE6, 0xFC, 0xE4, 0xFF, 0x7E, 0x03, 0x12, 0xEB, 0xE7, 0x78, 0x3A, 0xED,
0xF6, 0x08, 0xEC, 0xF6, 0xC3, 0x78, 0x3E, 0xE6, 0x94, 0x06, 0x18, 0xE6, 0x64, 0x80, 0x94, 0x7F, 0x40, 0x57, 0xD3, 0x78, 0x3E, 0xE6, 0x94, 0x38, 0x18, 0xE6, 0x64, 0x80, 0x94, 0x7F, 0x50, 0x49,
0xC3, 0x78, 0x3B, 0x79, 0x39, 0xE7, 0x96, 0xFC, 0x18, 0x19, 0xE7, 0x96, 0xFD, 0xE4, 0xFB, 0x7A, 0x64, 0x12, 0x01, 0x36, 0xE4, 0xFB, 0x7A, 0x32, 0x12, 0x01, 0x60, 0x74, 0x38, 0xC3, 0xC8, 0xFE,
0xC8, 0xC9, 0xFF, 0xC9, 0x78, 0x3E, 0x96, 0xFC, 0x18, 0x74, 0xFF, 0x96, 0xFD, 0xEC, 0xFA, 0xED, 0xFB, 0x12, 0x01, 0x2F, 0xE4, 0xFB, 0x7A, 0x64, 0x12, 0x01, 0x60, 0xE8, 0xFC, 0xE9, 0xFD, 0x78,
0x3B, 0xEC, 0x26, 0xFC, 0x18, 0xED, 0x36, 0xFD, 0x22, 0x78, 0x3A, 0xE6, 0xFD, 0x08, 0xE6, 0x79, 0x39, 0xF7, 0xED, 0x19, 0xF7, 0x78, 0x3C, 0xE6, 0xFC, 0xE4, 0xFF, 0x7E, 0x04, 0x12, 0xEB, 0xE7,
0x78, 0x3A, 0xED, 0xF6, 0x08, 0xEC, 0xF6, 0xC3, 0x78, 0x3E, 0xE6, 0x94, 0x38, 0x18, 0xE6, 0x64, 0x80, 0x94, 0x7F, 0x40, 0x57, 0xD3, 0x78, 0x3E, 0xE6, 0x94, 0x6A, 0x18, 0xE6, 0x64, 0x80, 0x94,
0x7F, 0x50, 0x49, 0xC3, 0x78, 0x3B, 0x79, 0x39, 0xE7, 0x96, 0xFC, 0x18, 0x19, 0xE7, 0x96, 0xFD, 0xE4, 0xFB, 0x7A, 0x64, 0x12, 0x01, 0x36, 0xE4, 0xFB, 0x7A, 0x32, 0x12, 0x01, 0x60, 0x74, 0x6A,
0xC3, 0xC8, 0xFE, 0xC8, 0xC9, 0xFF, 0xC9, 0x78, 0x3E, 0x96, 0xFC, 0x18, 0x74, 0xFF, 0x96, 0xFD, 0xEC, 0xFA, 0xED, 0xFB, 0x12, 0x01, 0x2F, 0xE4, 0xFB, 0x7A, 0x64, 0x12, 0x01, 0x60, 0xE8, 0xFC,
0xE9, 0xFD, 0x78, 0x3B, 0xEC, 0x26, 0xFC, 0x18, 0xED, 0x36, 0xFD, 0x22, 0x78, 0x3A, 0xE6, 0xFD, 0x08, 0xE6, 0x79, 0x39, 0xF7, 0xED, 0x19, 0xF7, 0x78, 0x3C, 0xE6, 0xFC, 0xE4, 0xFF, 0x7E, 0x05,
0x12, 0xEB, 0xE7, 0x78, 0x3A, 0xED, 0xF6, 0x08, 0xEC, 0xF6, 0xC3, 0x78, 0x3E, 0xE6, 0x94, 0x6A, 0x18, 0xE6, 0x64, 0x80, 0x94, 0x7F, 0x40, 0x57, 0xD3, 0x78, 0x3E, 0xE6, 0x94, 0x9C, 0x18, 0xE6,
0x64, 0x80, 0x94, 0x7F, 0x50, 0x49, 0xC3, 0x78, 0x3B, 0x79, 0x39, 0xE7, 0x96, 0xFC, 0x18, 0x19, 0xE7, 0x96, 0xFD, 0xE4, 0xFB, 0x7A, 0x64, 0x12, 0x01, 0x36, 0xE4, 0xFB, 0x7A, 0x32, 0x12, 0x01,
0x60, 0x74, 0x9C, 0xC3, 0xC8, 0xFE, 0xC8, 0xC9, 0xFF, 0xC9, 0x78, 0x3E, 0x96, 0xFC, 0x18, 0x74, 0xFF, 0x96, 0xFD, 0xEC, 0xFA, 0xED, 0xFB, 0x12, 0x01, 0x2F, 0xE4, 0xFB, 0x7A, 0x64, 0x12, 0x01,
0x60, 0xE8, 0xFC, 0xE9, 0xFD, 0x78, 0x3B, 0xEC, 0x26, 0xFC, 0x18, 0xED, 0x36, 0xFD, 0x22, 0x78, 0x3A, 0xE6, 0xFD, 0x08, 0xE6, 0x79, 0x39, 0xF7, 0xED, 0x19, 0xF7, 0x78, 0x3C, 0xE6, 0xFC, 0xE4,
0xFF, 0x7E, 0x06, 0x12, 0xEB, 0xE7, 0x78, 0x3A, 0xED, 0xF6, 0x08, 0xEC, 0xF6, 0xC3, 0x78, 0x3E, 0xE6, 0x94, 0x9C, 0x18, 0xE6, 0x64, 0x80, 0x94, 0x7F, 0x40, 0x57, 0xD3, 0x78, 0x3E, 0xE6, 0x94,
0xCE, 0x18, 0xE6, 0x64, 0x80, 0x94, 0x7F, 0x50, 0x49, 0xC3, 0x78, 0x3B, 0x79, 0x39, 0xE7, 0x96, 0xFC, 0x18, 0x19, 0xE7, 0x96, 0xFD, 0xE4, 0xFB, 0x7A, 0x64, 0x12, 0x01, 0x36, 0xE4, 0xFB, 0x7A,
0x32, 0x12, 0x01, 0x60, 0x74, 0xCE, 0xC3, 0xC8, 0xFE, 0xC8, 0xC9, 0xFF, 0xC9, 0x78, 0x3E, 0x96, 0xFC, 0x18, 0x74, 0xFF, 0x96, 0xFD, 0xEC, 0xFA, 0xED, 0xFB, 0x12, 0x01, 0x2F, 0xE4, 0xFB, 0x7A,
0x64, 0x12, 0x01, 0x60, 0xE8, 0xFC, 0xE9, 0xFD, 0x78, 0x3B, 0xEC, 0x26, 0xFC, 0x18, 0xED, 0x36, 0xFD, 0x22, 0x78, 0x3A, 0xE6, 0xFD, 0x08, 0xE6, 0x79, 0x39, 0xF7, 0xED, 0x19, 0xF7, 0x78, 0x3C,
0xE6, 0xFC, 0xE4, 0xFF, 0x7E, 0x07, 0x12, 0xEB, 0xE7, 0x78, 0x3A, 0xED, 0xF6, 0x08, 0xEC, 0xF6, 0xC3, 0x78, 0x3E, 0xE6, 0x94, 0xCE, 0x18, 0xE6, 0x64, 0x80, 0x94, 0x7F, 0x40, 0x53, 0xD3, 0x78,
0x3E, 0xE6, 0x94, 0x00, 0x18, 0xE6, 0x64, 0x80, 0x94, 0x80, 0x50, 0x45, 0xC3, 0x78, 0x3B, 0x79, 0x39, 0xE7, 0x96, 0xFC, 0x18, 0x19, 0xE7, 0x96, 0xFD, 0xE4, 0xFB, 0x7A, 0x64, 0x12, 0x01, 0x36,
0xE4, 0xFB, 0x7A, 0x32, 0x12, 0x01, 0x60, 0xE8, 0xFE, 0xE9, 0xFF, 0x78, 0x3E, 0xC3, 0xE4, 0x96, 0xFD, 0x18, 0xE4, 0x96, 0xCD, 0xFC, 0xFA, 0xED, 0xFB, 0x12, 0x01, 0x2F, 0xE4, 0xFB, 0x7A, 0x64,
0x12, 0x01, 0x60, 0xE8, 0xFC, 0xE9, 0xFD, 0x78, 0x3B, 0xEC, 0x26, 0xFC, 0x18, 0xED, 0x36, 0xFD, 0x22, 0x78, 0x3A, 0xE6, 0xFD, 0x08, 0xE6, 0x79, 0x39, 0xF7, 0xED, 0x19, 0xF7, 0x78, 0x3C, 0xE6,
0xFC, 0xE4, 0xFF, 0x7E, 0x08, 0x12, 0xEB, 0xE7, 0x78, 0x3A, 0xED, 0xF6, 0x08, 0xEC, 0xF6, 0x78, 0x3D, 0xE6, 0x33, 0x40, 0x58, 0xD3, 0x78, 0x3E, 0xE6, 0x94, 0x32, 0x18, 0xE6, 0x64, 0x80, 0x94,
0x80, 0x50, 0x4A, 0xC3, 0x78, 0x3B, 0x79, 0x39, 0xE7, 0x96, 0xFC, 0x18, 0x19, 0xE7, 0x96, 0xFD, 0xE4, 0xFB, 0x7A, 0x64, 0x12, 0x01, 0x36, 0xE4, 0xFB, 0x7A, 0x32, 0x12, 0x01, 0x60, 0xE4, 0xFD,
0x74, 0x32, 0xC3, 0xC8, 0xFE, 0xC8, 0xC9, 0xFF, 0xC9, 0x78, 0x3E, 0x96, 0xFC, 0x18, 0xED, 0x96, 0xFD, 0xEC, 0xFA, 0xED, 0xFB, 0x12, 0x01, 0x2F, 0xE4, 0xFB, 0x7A, 0x64, 0x12, 0x01, 0x60, 0xE8,
0xFC, 0xE9, 0xFD, 0x78, 0x3B, 0xEC, 0x26, 0xFC, 0x18, 0xED, 0x36, 0xFD, 0x22, 0x78, 0x3A, 0xE6, 0xFD, 0x08, 0xE6, 0x79, 0x39, 0xF7, 0xED, 0x19, 0xF7, 0x78, 0x3C, 0xE6, 0xFC, 0xE4, 0xFF, 0x7E,
0x09, 0x12, 0xEB, 0xE7, 0x78, 0x3A, 0xED, 0xF6, 0x08, 0xEC, 0xF6, 0xC3, 0x78, 0x3E, 0xE6, 0x94, 0x32, 0x18, 0xE6, 0x64, 0x80, 0x94, 0x80, 0x40, 0x58, 0xD3, 0x78, 0x3E, 0xE6, 0x94, 0x64, 0x18,
0xE6, 0x64, 0x80, 0x94, 0x80, 0x50, 0x4A, 0xC3, 0x78, 0x3B, 0x79, 0x39, 0xE7, 0x96, 0xFC, 0x18, 0x19, 0xE7, 0x96, 0xFD, 0xE4, 0xFB, 0x7A, 0x64, 0x12, 0x01, 0x36, 0xE4, 0xFB, 0x7A, 0x32, 0x12,
0x01, 0x60, 0xE4, 0xFD, 0x74, 0x64, 0xC3, 0xC8, 0xFE, 0xC8, 0xC9, 0xFF, 0xC9, 0x78, 0x3E, 0x96, 0xFC, 0x18, 0xED, 0x96, 0xFD, 0xEC, 0xFA, 0xED, 0xFB, 0x12, 0x01, 0x2F, 0xE4, 0xFB, 0x7A, 0x64,
0x12, 0x01, 0x60, 0xE8, 0xFC, 0xE9, 0xFD, 0x78, 0x3B, 0xEC, 0x26, 0xFC, 0x18, 0xED, 0x36, 0xFD, 0x22, 0x78, 0x3A, 0xE6, 0xFD, 0x08, 0xE6, 0x79, 0x39, 0xF7, 0xED, 0x19, 0xF7, 0x78, 0x3C, 0xE6,
0xFC, 0xE4, 0xFF, 0x7E, 0x0A, 0x12, 0xEB, 0xE7, 0x78, 0x3A, 0xED, 0xF6, 0x08, 0xEC, 0xF6, 0xC3, 0x78, 0x3E, 0xE6, 0x94, 0x64, 0x18, 0xE6, 0x64, 0x80, 0x94, 0x80, 0x40, 0x58, 0xD3, 0x78, 0x3E,
0xE6, 0x94, 0x96, 0x18, 0xE6, 0x64, 0x80, 0x94, 0x80, 0x50, 0x4A, 0xC3, 0x78, 0x3B, 0x79, 0x39, 0xE7, 0x96, 0xFC, 0x18, 0x19, 0xE7, 0x96, 0xFD, 0xE4, 0xFB, 0x7A, 0x64, 0x12, 0x01, 0x36, 0xE4,
0xFB, 0x7A, 0x32, 0x12, 0x01, 0x60, 0xE4, 0xFD, 0x74, 0x96, 0xC3, 0xC8, 0xFE, 0xC8, 0xC9, 0xFF, 0xC9, 0x78, 0x3E, 0x96, 0xFC, 0x18, 0xED, 0x96, 0xFD, 0xEC, 0xFA, 0xED, 0xFB, 0x12, 0x01, 0x2F,
0xE4, 0xFB, 0x7A, 0x64, 0x12, 0x01, 0x60, 0xE8, 0xFC, 0xE9, 0xFD, 0x78, 0x3B, 0xEC, 0x26, 0xFC, 0x18, 0xED, 0x36, 0xFD, 0x22, 0x78, 0x3A, 0xE6, 0xFD, 0x08, 0xE6, 0x79, 0x39, 0xF7, 0xED, 0x19,
0xF7, 0x78, 0x3C, 0xE6, 0xFC, 0xE4, 0xFF, 0x7E, 0x0B, 0x12, 0xEB, 0xE7, 0x78, 0x3A, 0xED, 0xF6, 0x08, 0xEC, 0xF6, 0xC3, 0x78, 0x3E, 0xE6, 0x94, 0x96, 0x18, 0xE6, 0x64, 0x80, 0x94, 0x80, 0x40,
0x58, 0xD3, 0x78, 0x3E, 0xE6, 0x94, 0xC8, 0x18, 0xE6, 0x64, 0x80, 0x94, 0x80, 0x50, 0x4A, 0xC3, 0x78, 0x3B, 0x79, 0x39, 0xE7, 0x96, 0xFC, 0x18, 0x19, 0xE7, 0x96, 0xFD, 0xE4, 0xFB, 0x7A, 0x64,
0x12, 0x01, 0x36, 0xE4, 0xFB, 0x7A, 0x32, 0x12, 0x01, 0x60, 0xE4, 0xFD, 0x74, 0xC8, 0xC3, 0xC8, 0xFE, 0xC8, 0xC9, 0xFF, 0xC9, 0x78, 0x3E, 0x96, 0xFC, 0x18, 0xED, 0x96, 0xFD, 0xEC, 0xFA, 0xED,
0xFB, 0x12, 0x01, 0x2F, 0xE4, 0xFB, 0x7A, 0x64, 0x12, 0x01, 0x60, 0xE8, 0xFC, 0xE9, 0xFD, 0x78, 0x3B, 0xEC, 0x26, 0xFC, 0x18, 0xED, 0x36, 0xFD, 0x22, 0xD3, 0x78, 0x3E, 0xE6, 0x94, 0xC8, 0x18,
0xE6, 0x64, 0x80, 0x94, 0x80, 0x40, 0x08, 0x78, 0x3A, 0xE6, 0xFD, 0x08, 0xE6, 0xFC, 0x22, 0x7C, 0x18, 0x7D, 0xFC, 0x22, 0x78, 0x31, 0xEC, 0xF6, 0x7D, 0x00, 0x90, 0x13, 0xFA, 0x12, 0x0B, 0x98,
0xE0, 0xFD, 0xA3, 0xE0, 0x78, 0x26, 0xF6, 0xED, 0x18, 0xF6, 0x78, 0x31, 0xE6, 0x7D, 0x00, 0x90, 0x14, 0x24, 0x12, 0x0B, 0x98, 0xE0, 0xFD, 0xA3, 0xE0, 0xFC, 0xE4, 0xFB, 0x7A, 0x60, 0x12, 0x01,
0x36, 0xE8, 0xFC, 0xE9, 0xFD, 0x78, 0x31, 0xE6, 0x7F, 0x00, 0x90, 0x14, 0x4E, 0x12, 0x0B, 0x9D, 0xA3, 0xE0, 0x2C, 0xFC, 0x12, 0x0B, 0x84, 0xE0, 0x3D, 0x78, 0x27, 0xF6, 0x08, 0xEC, 0xF6, 0x78,
0x31, 0xE6, 0x7D, 0x00, 0x90, 0x14, 0x78, 0x12, 0x0B, 0x98, 0xE0, 0xFD, 0xA3, 0xE0, 0xFC, 0xE4, 0xFB, 0x7A, 0x60, 0x12, 0x01, 0x36, 0xE8, 0xFC, 0xE9, 0xFD, 0x78, 0x31, 0xE6, 0x7F, 0x00, 0x90,
0x14, 0xA2, 0x12, 0x0B, 0x9D, 0xA3, 0xE0, 0x2C, 0xFC, 0x12, 0x0B, 0x84, 0xE0, 0x3D, 0x78, 0x29, 0xF6, 0x08, 0xEC, 0xF6, 0x90, 0x09, 0xAC, 0xE0, 0xFD, 0xA3, 0xE0, 0xFC, 0xE4, 0xFB, 0x7A, 0x60,
0x12, 0x01, 0x36, 0x90, 0x09, 0xAB, 0xE0, 0x28, 0xF8, 0x90, 0x09, 0xAA, 0xE0, 0x39, 0xF9, 0xE8, 0x78, 0x2E, 0xF6, 0xE9, 0x18, 0xF6, 0x78, 0x2F, 0x76, 0x00, 0x78, 0x2B, 0xE4, 0xF6, 0x08, 0x04,
0xF6, 0x78, 0x30, 0x76, 0x01, 0x78, 0x2B, 0xE6, 0xFD, 0x08, 0xE6, 0xFC, 0x78, 0x30, 0xE6, 0xFF, 0xEF, 0x7B, 0x00, 0xFA, 0x90, 0x09, 0xB3, 0xE0, 0xD3, 0x9A, 0x90, 0x09, 0xB2, 0xE0, 0x9B, 0x40,
0x0A, 0xEC, 0x25, 0xE0, 0xCD, 0x33, 0xCD, 0xFC, 0x0F, 0x80, 0xE5, 0x78, 0x2B, 0xED, 0xF6, 0x08, 0xEC, 0xF6, 0x78, 0x30, 0xEF, 0xF6, 0x78, 0x27, 0xE6, 0x08, 0x46, 0x70, 0x1D, 0x78, 0x29, 0xE6,
0x08, 0x46, 0x70, 0x16, 0x78, 0x2C, 0x79, 0x26, 0xE7, 0x56, 0xFC, 0x18, 0x19, 0xE7, 0x56, 0x4C, 0xFD, 0x60, 0x07, 0x78, 0x2F, 0x76, 0x01, 0x02, 0xF7, 0xC1, 0x78, 0x27, 0xE6, 0xFD, 0x08, 0xE6,
0x78, 0x2A, 0xC3, 0x96, 0xED, 0x18, 0x96, 0x50, 0x34, 0x78, 0x27, 0xE6, 0xFD, 0x08, 0xE6, 0x78, 0x2E, 0xD3, 0x96, 0xED, 0x18, 0x96, 0x50, 0x22, 0x78, 0x2D, 0xE6, 0xFD, 0x08, 0xE6, 0x78, 0x2A,
0xC3, 0x96, 0xED, 0x18, 0x96, 0x50, 0x13, 0x78, 0x2C, 0x79, 0x26, 0xE7, 0x56, 0xFC, 0x18, 0x19, 0xE7, 0x56, 0x4C, 0xFD, 0x60, 0x04, 0x78, 0x2F, 0x76, 0x01, 0x02, 0xF7, 0xC1, 0x78, 0x29, 0xE6,
0xFD, 0x08, 0xE6, 0x78, 0x28, 0xC3, 0x96, 0xED, 0x18, 0x96, 0x50, 0x75, 0x78, 0x27, 0xE6, 0xFD, 0x08, 0xE6, 0x78, 0x2E, 0xD3, 0x96, 0xED, 0x18, 0x96, 0x50, 0x15, 0x78, 0x2C, 0x79, 0x26, 0xE7,
0x56, 0xFC, 0x18, 0x19, 0xE7, 0x56, 0x4C, 0xFD, 0x60, 0x06, 0x78, 0x2F, 0x76, 0x01, 0x80, 0x51, 0x78, 0x2D, 0xE6, 0xFD, 0x08, 0xE6, 0x78, 0x2A, 0xC3, 0x96, 0xED, 0x18, 0x96, 0x50, 0x42, 0x90,
0x09, 0xB3, 0xE0, 0x14, 0x70, 0x04, 0x90, 0x09, 0xB2, 0xE0, 0x70, 0x09, 0x78, 0x2B, 0xE4, 0xF6, 0x08, 0x76, 0x40, 0x80, 0x0A, 0x78, 0x2B, 0xC3, 0xE6, 0x13, 0xF6, 0x08, 0xE6, 0x13, 0xF6, 0x78,
0x2D, 0xE6, 0xFD, 0x08, 0xE6, 0x78, 0x2A, 0xC3, 0x96, 0xED, 0x18, 0x96, 0x50, 0x13, 0x78, 0x2C, 0x79, 0x26, 0xE7, 0x56, 0xFC, 0x18, 0x19, 0xE7, 0x56, 0x4C, 0xFD, 0x60, 0x04, 0x78, 0x2F, 0x76,
0x01, 0x78, 0x2F, 0xE6, 0xFC, 0x22, 0x07, 0x9E, 0x07, 0x85, 0x07, 0x6C, 0x07, 0x53, 0x07, 0x3A, 0x07, 0x21, 0x07, 0x08, 0x06, 0xEF, 0x06, 0xD6, 0x06, 0xBD, 0x06, 0xA4, 0x06, 0x8B, 0x06, 0x72,
0x06, 0x59, 0x06, 0x40, 0x06, 0x27, 0x06, 0x0E, 0x05, 0xF5, 0x05, 0xDC, 0x05, 0xCB, 0x05, 0xBB, 0x05, 0xAA, 0x05, 0x91, 0x05, 0x78, 0x05, 0x67, 0x05, 0x57, 0x05, 0x46, 0x05, 0x3A, 0x05, 0x2D,
0x05, 0x21, 0x05, 0x14, 0x05, 0x08, 0x04, 0xFB, 0x04, 0xEF, 0x04, 0xE2, 0x04, 0xD6, 0x04, 0xC9, 0x04, 0xBD, 0x04, 0xB0, 0x04, 0xA6, 0x04, 0x9C, 0x04, 0x92, 0x04, 0x88, 0x04, 0x7E, 0x04, 0x77,
0x04, 0x70, 0x04, 0x69, 0x04, 0x61, 0x04, 0x5A, 0x04, 0x53, 0x04, 0x4C, 0x04, 0x45, 0x04, 0x3E, 0x04, 0x37, 0x04, 0x2F, 0x04, 0x28, 0x04, 0x21, 0x04, 0x1A, 0x04, 0x14, 0x04, 0x0E, 0x04, 0x07,
0x04, 0x01, 0x03, 0xFB, 0x03, 0xF5, 0x03, 0xEE, 0x03, 0xE8, 0x03, 0xE3, 0x03, 0xDE, 0x03, 0xD9, 0x03, 0xD4, 0x03, 0xCF, 0x03, 0xCA, 0x03, 0xC5, 0x03, 0xC0, 0x03, 0xBB, 0x03, 0xB6, 0x03, 0xB1,
0x03, 0xAD, 0x03, 0xA8, 0x03, 0xA4, 0x03, 0x9F, 0x03, 0x9B, 0x03, 0x96, 0x03, 0x92, 0x03, 0x8D, 0x03, 0x89, 0x03, 0x84, 0x03, 0x80, 0x03, 0x7C, 0x03, 0x78, 0x03, 0x75, 0x03, 0x71, 0x03, 0x6D,
0x03, 0x69, 0x03, 0x65, 0x03, 0x61, 0x03, 0x5E, 0x03, 0x5A, 0x03, 0x56, 0x03, 0x52, 0x03, 0x4F, 0x03, 0x4B, 0x03, 0x48, 0x03, 0x45, 0x03, 0x41, 0x03, 0x3E, 0x03, 0x3B, 0x03, 0x37, 0x03, 0x34,
0x03, 0x31, 0x03, 0x2D, 0x03, 0x2A, 0x03, 0x27, 0x03, 0x23, 0x03, 0x20, 0x03, 0x1D, 0x03, 0x1A, 0x03, 0x18, 0x03, 0x15, 0x03, 0x12, 0x03, 0x0F, 0x03, 0x0D, 0x03, 0x0A, 0x03, 0x07, 0x03, 0x04,
0x03, 0x01, 0x02, 0xFF, 0x02, 0xFC, 0x02, 0xF9, 0x02, 0xF6, 0x02, 0xF4, 0x02, 0xF1, 0x02, 0xEE, 0x02, 0xEC, 0x02, 0xE9, 0x02, 0xE7, 0x02, 0xE4, 0x02, 0xE2, 0x02, 0xE0, 0x02, 0xDD, 0x02, 0xDB,
0x02, 0xD9, 0x02, 0xD6, 0x02, 0xD4, 0x02, 0xD1, 0x02, 0xCF, 0x02, 0xCD, 0x02, 0xCA, 0x02, 0xC8, 0x02, 0xC6, 0x02, 0xC3, 0x02, 0xC1, 0x02, 0xBE, 0x02, 0xBC, 0x02, 0xBA, 0x02, 0xB8, 0x02, 0xB6,
0x02, 0xB4, 0x02, 0xB2, 0x02, 0xAF, 0x02, 0xAD, 0x02, 0xAB, 0x02, 0xA9, 0x02, 0xA7, 0x02, 0xA5, 0x02, 0xA3, 0x02, 0xA1, 0x02, 0x9F, 0x02, 0x9D, 0x02, 0x9B, 0x02, 0x99, 0x02, 0x97, 0x02, 0x94,
0x02, 0x92, 0x02, 0x90, 0x02, 0x8E, 0x02, 0x8C, 0x02, 0x8A, 0x02, 0x88, 0x02, 0x86, 0x02, 0x84, 0x02, 0x83, 0x02, 0x81, 0x02, 0x7F, 0x02, 0x7D, 0x02, 0x7B, 0x02, 0x79, 0x02, 0x77, 0x02, 0x76,
0x02, 0x74, 0x02, 0x72, 0x02, 0x70, 0x02, 0x6E, 0x02, 0x6C, 0x02, 0x6B, 0x02, 0x69, 0x02, 0x67, 0x02, 0x65, 0x02, 0x63, 0x02, 0x61, 0x02, 0x5F, 0x02, 0x5E, 0x02, 0x5C, 0x02, 0x5A, 0x02, 0x58,
0x02, 0x56, 0x02, 0x55, 0x02, 0x53, 0x02, 0x52, 0x02, 0x50, 0x02, 0x4F, 0x02, 0x4D, 0x02, 0x4C, 0x02, 0x4A, 0x02, 0x48, 0x02, 0x47, 0x02, 0x45, 0x02, 0x44, 0x02, 0x42, 0x02, 0x41, 0x02, 0x3F,
0x02, 0x3D, 0x02, 0x3C, 0x02, 0x3A, 0x02, 0x39, 0x02, 0x37, 0x02, 0x36, 0x02, 0x34, 0x02, 0x33, 0x02, 0x31, 0x02, 0x2F, 0x02, 0x2E, 0x02, 0x2C, 0x02, 0x2B, 0x02, 0x29, 0x02, 0x28, 0x02, 0x26,
0x02, 0x25, 0x02, 0x23, 0x02, 0x22, 0x02, 0x20, 0x02, 0x1F, 0x02, 0x1D, 0x02, 0x1C, 0x02, 0x1B, 0x02, 0x19, 0x02, 0x18, 0x02, 0x16, 0x02, 0x15, 0x02, 0x13, 0x02, 0x12, 0x02, 0x11, 0x02, 0x0F,
0x02, 0x0E, 0x02, 0x0C, 0x02, 0x0B, 0x02, 0x09, 0x02, 0x08, 0x02, 0x07, 0x02, 0x05, 0x02, 0x04, 0x02, 0x02, 0x02, 0x01, 0x01, 0xFF, 0x01, 0xFE, 0x01, 0xFD, 0x01, 0xFB, 0x01, 0xFA, 0x01, 0xF8,
0x01, 0xF7, 0x01, 0xF5, 0x01, 0xF4, 0x01, 0xF3, 0x01, 0xF2, 0x01, 0xF0, 0x01, 0xEF, 0x01, 0xEE, 0x01, 0xED, 0x01, 0xEB, 0x01, 0xEA, 0x01, 0xE9, 0x01, 0xE8, 0x01, 0xE7, 0x01, 0xE5, 0x01, 0xE4,
0x01, 0xE3, 0x01, 0xE2, 0x01, 0xE0, 0x01, 0xDF, 0x01, 0xDE, 0x01, 0xDD, 0x01, 0xDC, 0x01, 0xDA, 0x01, 0xD9, 0x01, 0xD8, 0x01, 0xD7, 0x01, 0xD6, 0x01, 0xD4, 0x01, 0xD3, 0x01, 0xD2, 0x01, 0xD1,
0x01, 0xCF, 0x01, 0xCE, 0x01, 0xCD, 0x01, 0xCC, 0x01, 0xCB, 0x01, 0xC9, 0x01, 0xC8, 0x01, 0xC7, 0x01, 0xC6, 0x01, 0xC4, 0x01, 0xC3, 0x01, 0xC2, 0x01, 0xC1, 0x01, 0xC0, 0x01, 0xBF, 0x01, 0xBD,
0x01, 0xBC, 0x01, 0xBB, 0x01, 0xBA, 0x01, 0xB9, 0x01, 0xB8, 0x01, 0xB7, 0x01, 0xB6, 0x01, 0xB4, 0x01, 0xB3, 0x01, 0xB2, 0x01, 0xB1, 0x01, 0xB0, 0x01, 0xAF, 0x01, 0xAE, 0x01, 0xAC, 0x01, 0xAB,
0x01, 0xAA, 0x01, 0xA9, 0x01, 0xA8, 0x01, 0xA7, 0x01, 0xA6, 0x01, 0xA4, 0x01, 0xA3, 0x01, 0xA2, 0x01, 0xA1, 0x01, 0xA0, 0x01, 0x9F, 0x01, 0x9E, 0x01, 0x9D, 0x01, 0x9B, 0x01, 0x9A, 0x01, 0x99,
0x01, 0x98, 0x01, 0x97, 0x01, 0x96, 0x01, 0x95, 0x01, 0x93, 0x01, 0x92, 0x01, 0x91, 0x01, 0x90, 0x01, 0x8F, 0x01, 0x8E, 0x01, 0x8D, 0x01, 0x8C, 0x01, 0x8B, 0x01, 0x8A, 0x01, 0x89, 0x01, 0x88,
0x01, 0x87, 0x01, 0x86, 0x01, 0x85, 0x01, 0x84, 0x01, 0x83, 0x01, 0x82, 0x01, 0x81, 0x01, 0x80, 0x01, 0x7F, 0x01, 0x7E, 0x01, 0x7D, 0x01, 0x7C, 0x01, 0x7B, 0x01, 0x7A, 0x01, 0x79, 0x01, 0x78,
0x01, 0x76, 0x01, 0x75, 0x01, 0x74, 0x01, 0x73, 0x01, 0x72, 0x01, 0x71, 0x01, 0x70, 0x01, 0x6F, 0x01, 0x6E, 0x01, 0x6D, 0x01, 0x6C, 0x01, 0x6B, 0x01, 0x6A, 0x01, 0x69, 0x01, 0x68, 0x01, 0x67,
0x01, 0x66, 0x01, 0x65, 0x01, 0x64, 0x01, 0x63, 0x01, 0x62, 0x01, 0x61, 0x01, 0x60, 0x01, 0x5F, 0x01, 0x5E, 0x01, 0x5D, 0x01, 0x5C, 0x01, 0x5B, 0x01, 0x5A, 0x01, 0x59, 0x01, 0x58, 0x01, 0x57,
0x01, 0x56, 0x01, 0x55, 0x01, 0x54, 0x01, 0x53, 0x01, 0x52, 0x01, 0x52, 0x01, 0x51, 0x01, 0x50, 0x01, 0x4F, 0x01, 0x4E, 0x01, 0x4D, 0x01, 0x4C, 0x01, 0x4B, 0x01, 0x4A, 0x01, 0x49, 0x01, 0x48,
0x01, 0x47, 0x01, 0x46, 0x01, 0x45, 0x01, 0x44, 0x01, 0x43, 0x01, 0x42, 0x01, 0x41, 0x01, 0x40, 0x01, 0x3F, 0x01, 0x3E, 0x01, 0x3D, 0x01, 0x3C, 0x01, 0x3B, 0x01, 0x3A, 0x01, 0x39, 0x01, 0x39,
0x01, 0x38, 0x01, 0x37, 0x01, 0x36, 0x01, 0x35, 0x01, 0x34, 0x01, 0x33, 0x01, 0x32, 0x01, 0x31, 0x01, 0x30, 0x01, 0x2F, 0x01, 0x2E, 0x01, 0x2D, 0x01, 0x2C, 0x01, 0x2B, 0x01, 0x2A, 0x01, 0x29,
0x01, 0x28, 0x01, 0x27, 0x01, 0x27, 0x01, 0x26, 0x01, 0x25, 0x01, 0x24, 0x01, 0x23, 0x01, 0x22, 0x01, 0x21, 0x01, 0x20, 0x01, 0x1F, 0x01, 0x1E, 0x01, 0x1D, 0x01, 0x1D, 0x01, 0x1C, 0x01, 0x1B,
0x01, 0x1A, 0x01, 0x19, 0x01, 0x18, 0x01, 0x17, 0x01, 0x16, 0x01, 0x15, 0x01, 0x14, 0x01, 0x13, 0x01, 0x13, 0x01, 0x12, 0x01, 0x11, 0x01, 0x10, 0x01, 0x0F, 0x01, 0x0E, 0x01, 0x0D, 0x01, 0x0C,
0x01, 0x0B, 0x01, 0x0A, 0x01, 0x09, 0x01, 0x09, 0x01, 0x08, 0x01, 0x07, 0x01, 0x06, 0x01, 0x05, 0x01, 0x04, 0x01, 0x03, 0x01, 0x02, 0x01, 0x01, 0x01, 0x00, 0x00, 0xFF, 0x00, 0xFF, 0x00, 0xFE,
0x00, 0xFD, 0x00, 0xFC, 0x00, 0xFB, 0x00, 0xFA, 0x00, 0xF9, 0x00, 0xF8, 0x00, 0xF7, 0x00, 0xF6, 0x00, 0xF6, 0x00, 0xF5, 0x00, 0xF4, 0x00, 0xF3, 0x00, 0xF2, 0x00, 0xF1, 0x00, 0xF0, 0x00, 0xEF,
0x00, 0xEF, 0x00, 0xEE, 0x00, 0xED, 0x00, 0xEC, 0x00, 0xEB, 0x00, 0xEA, 0x00, 0xE9, 0x00, 0xE8, 0x00, 0xE8, 0x00, 0xE7, 0x00, 0xE6, 0x00, 0xE5, 0x00, 0xE4, 0x00, 0xE3, 0x00, 0xE2, 0x00, 0xE1,
0x00, 0xE1, 0x00, 0xE0, 0x00, 0xDF, 0x00, 0xDE, 0x00, 0xDD, 0x00, 0xDC, 0x00, 0xDB, 0x00, 0xDA, 0x00, 0xDA, 0x00, 0xD9, 0x00, 0xD8, 0x00, 0xD7, 0x00, 0xD6, 0x00, 0xD5, 0x00, 0xD4, 0x00, 0xD3,
0x00, 0xD3, 0x00, 0xD2, 0x00, 0xD1, 0x00, 0xD0, 0x00, 0xCF, 0x00, 0xCE, 0x00, 0xCD, 0x00, 0xCC, 0x00, 0xCC, 0x00, 0xCB, 0x00, 0xCA, 0x00, 0xC9, 0x00, 0xC8, 0x00, 0xC6, 0x00, 0xC5, 0x00, 0xC4,
0x00, 0xC4, 0x00, 0xC3, 0x00, 0xC2, 0x00, 0xC1, 0x00, 0xC0, 0x00, 0xBF, 0x00, 0xBE, 0x00, 0xBD, 0x00, 0xBD, 0x00, 0xBC, 0x00, 0xBB, 0x00, 0xBA, 0x00, 0xB9, 0x00, 0xB8, 0x00, 0xB7, 0x00, 0xB6,
0x00, 0xB6, 0x00, 0xB5, 0x00, 0xB4, 0x00, 0xB3, 0x00, 0xB2, 0x00, 0xB1, 0x00, 0xB0, 0x00, 0xAF, 0x00, 0xAF, 0x00, 0xAE, 0x00, 0xAD, 0x00, 0xAC, 0x00, 0xAB, 0x00, 0xAA, 0x00, 0xA9, 0x00, 0xA8,
0x00, 0xA8, 0x00, 0xA7, 0x00, 0xA6, 0x00, 0xA5, 0x00, 0xA4, 0x00, 0xA3, 0x00, 0xA2, 0x00, 0xA1, 0x00, 0xA1, 0x00, 0xA0, 0x00, 0x9F, 0x00, 0x9E, 0x00, 0x9D, 0x00, 0x9C, 0x00, 0x9B, 0x00, 0x9A,
0x00, 0x9A, 0x00, 0x99, 0x00, 0x98, 0x00, 0x97, 0x00, 0x96, 0x00, 0x95, 0x00, 0x94, 0x00, 0x93, 0x00, 0x92, 0x00, 0x92, 0x00, 0x91, 0x00, 0x90, 0x00, 0x8F, 0x00, 0x8E, 0x00, 0x8D, 0x00, 0x8C,
0x00, 0x8B, 0x00, 0x8A, 0x00, 0x8A, 0x00, 0x89, 0x00, 0x88, 0x00, 0x87, 0x00, 0x86, 0x00, 0x85, 0x00, 0x84, 0x00, 0x83, 0x00, 0x82, 0x00, 0x81, 0x00, 0x81, 0x00, 0x80, 0x00, 0x7F, 0x00, 0x7E,
0x00, 0x7D, 0x00, 0x7C, 0x00, 0x7B, 0x00, 0x7A, 0x00, 0x79, 0x00, 0x79, 0x00, 0x78, 0x00, 0x77, 0x00, 0x76, 0x00, 0x75, 0x00, 0x74, 0x00, 0x73, 0x00, 0x72, 0x00, 0x71, 0x00, 0x71, 0x00, 0x70,
0x00, 0x6F, 0x00, 0x6E, 0x00, 0x6D, 0x00, 0x6C, 0x00, 0x6B, 0x00, 0x6A, 0x00, 0x69, 0x00, 0x68, 0x00, 0x68, 0x00, 0x67, 0x00, 0x66, 0x00, 0x65, 0x00, 0x64, 0x00, 0x63, 0x00, 0x62, 0x00, 0x61,
0x00, 0x60, 0x00, 0x5F, 0x00, 0x5E, 0x00, 0x5D, 0x00, 0x5C, 0x00, 0x5C, 0x00, 0x5B, 0x00, 0x5A, 0x00, 0x59, 0x00, 0x58, 0x00, 0x57, 0x00, 0x56, 0x00, 0x55, 0x00, 0x54, 0x00, 0x53, 0x00, 0x52,
0x00, 0x51, 0x00, 0x50, 0x00, 0x4F, 0x00, 0x4E, 0x00, 0x4D, 0x00, 0x4C, 0x00, 0x4B, 0x00, 0x4B, 0x00, 0x4A, 0x00, 0x49, 0x00, 0x48, 0x00, 0x47, 0x00, 0x46, 0x00, 0x45, 0x00, 0x44, 0x00, 0x43,
0x00, 0x42, 0x00, 0x41, 0x00, 0x40, 0x00, 0x3F, 0x00, 0x3E, 0x00, 0x3D, 0x00, 0x3C, 0x00, 0x3B, 0x00, 0x3A, 0x00, 0x3A, 0x00, 0x39, 0x00, 0x38, 0x00, 0x37, 0x00, 0x36, 0x00, 0x35, 0x00, 0x34,
0x00, 0x33, 0x00, 0x32, 0x00, 0x31, 0x00, 0x30, 0x00, 0x2F, 0x00, 0x2E, 0x00, 0x2D, 0x00, 0x2C, 0x00, 0x2B, 0x00, 0x2A, 0x00, 0x29, 0x00, 0x28, 0x00, 0x27, 0x00, 0x26, 0x00, 0x25, 0x00, 0x24,
0x00, 0x23, 0x00, 0x22, 0x00, 0x21, 0x00, 0x20, 0x00, 0x1F, 0x00, 0x1E, 0x00, 0x1D, 0x00, 0x1C, 0x00, 0x1B, 0x00, 0x1A, 0x00, 0x18, 0x00, 0x17, 0x00, 0x16, 0x00, 0x15, 0x00, 0x14, 0x00, 0x13,
0x00, 0x12, 0x00, 0x11, 0x00, 0x10, 0x00, 0x0F, 0x00, 0x0E, 0x00, 0x0D, 0x00, 0x0C, 0x00, 0x0B, 0x00, 0x0A, 0x00, 0x09, 0x00, 0x08, 0x00, 0x07, 0x00, 0x06, 0x00, 0x05, 0x00, 0x04, 0x00, 0x03,
0x00, 0x02, 0x00, 0x01, 0x00, 0x00, 0xFF, 0xFF, 0xFF, 0xFE, 0xFF, 0xFD, 0xFF, 0xFB, 0xFF, 0xFA, 0xFF, 0xF9, 0xFF, 0xF8, 0xFF, 0xF7, 0xFF, 0xF6, 0xFF, 0xF5, 0xFF, 0xF3, 0xFF, 0xF2, 0xFF, 0xF1,
0xFF, 0xF0, 0xFF, 0xEF, 0xFF, 0xEE, 0xFF, 0xED, 0xFF, 0xEC, 0xFF, 0xEA, 0xFF, 0xE9, 0xFF, 0xE8, 0xFF, 0xE7, 0xFF, 0xE6, 0xFF, 0xE5, 0xFF, 0xE4, 0xFF, 0xE2, 0xFF, 0xE1, 0xFF, 0xE0, 0xFF, 0xDF,
0xFF, 0xDE, 0xFF, 0xDD, 0xFF, 0xDC, 0xFF, 0xDA, 0xFF, 0xD9, 0xFF, 0xD8, 0xFF, 0xD7, 0xFF, 0xD6, 0xFF, 0xD5, 0xFF, 0xD4, 0xFF, 0xD3, 0xFF, 0xD1, 0xFF, 0xD0, 0xFF, 0xCF, 0xFF, 0xCE, 0xFF, 0xCD,
0xFF, 0xCB, 0xFF, 0xCA, 0xFF, 0xC9, 0xFF, 0xC8, 0xFF, 0xC6, 0xFF, 0xC5, 0xFF, 0xC4, 0xFF, 0xC2, 0xFF, 0xC1, 0xFF, 0xC0, 0xFF, 0xBF, 0xFF, 0xBD, 0xFF, 0xBC, 0xFF, 0xBB, 0xFF, 0xB9, 0xFF, 0xB8,
0xFF, 0xB7, 0xFF, 0xB6, 0xFF, 0xB4, 0xFF, 0xB3, 0xFF, 0xB2, 0xFF, 0xB1, 0xFF, 0xAF, 0xFF, 0xAE, 0xFF, 0xAD, 0xFF, 0xAB, 0xFF, 0xAA, 0xFF, 0xA9, 0xFF, 0xA8, 0xFF, 0xA6, 0xFF, 0xA5, 0xFF, 0xA4,
0xFF, 0xA2, 0xFF, 0xA1, 0xFF, 0xA0, 0xFF, 0x9F, 0xFF, 0x9D, 0xFF, 0x9C, 0xFF, 0x9A, 0xFF, 0x99, 0xFF, 0x97, 0xFF, 0x96, 0xFF, 0x94, 0xFF, 0x93, 0xFF, 0x91, 0xFF, 0x90, 0xFF, 0x8E, 0xFF, 0x8D,
0xFF, 0x8B, 0xFF, 0x8A, 0xFF, 0x88, 0xFF, 0x87, 0xFF, 0x85, 0xFF, 0x84, 0xFF, 0x82, 0xFF, 0x81, 0xFF, 0x7F, 0xFF, 0x7E, 0xFF, 0x7C, 0xFF, 0x7B, 0xFF, 0x79, 0xFF, 0x78, 0xFF, 0x76, 0xFF, 0x75,
0xFF, 0x73, 0xFF, 0x72, 0xFF, 0x70, 0xFF, 0x6F, 0xFF, 0x6D, 0xFF, 0x6C, 0xFF, 0x6A, 0xFF, 0x68, 0xFF, 0x66, 0xFF, 0x65, 0xFF, 0x63, 0xFF, 0x61, 0xFF, 0x5F, 0xFF, 0x5D, 0xFF, 0x5C, 0xFF, 0x5A,
0xFF, 0x58, 0xFF, 0x56, 0xFF, 0x55, 0xFF, 0x53, 0xFF, 0x51, 0xFF, 0x4F, 0xFF, 0x4D, 0xFF, 0x4C, 0xFF, 0x4A, 0xFF, 0x48, 0xFF, 0x46, 0xFF, 0x44, 0xFF, 0x43, 0xFF, 0x41, 0xFF, 0x3F, 0xFF, 0x3D,
0xFF, 0x3C, 0xFF, 0x3A, 0xFF, 0x38, 0xFF, 0x36, 0xFF, 0x34, 0xFF, 0x31, 0xFF, 0x2F, 0xFF, 0x2D, 0xFF, 0x2B, 0xFF, 0x29, 0xFF, 0x27, 0xFF, 0x24, 0xFF, 0x22, 0xFF, 0x20, 0xFF, 0x1E, 0xFF, 0x1C,
0xFF, 0x1A, 0xFF, 0x17, 0xFF, 0x15, 0xFF, 0x13, 0xFF, 0x11, 0xFF, 0x0F, 0xFF, 0x0D, 0xFF, 0x0A, 0xFF, 0x08, 0xFF, 0x06, 0xFF, 0x03, 0xFF, 0x00, 0xFE, 0xFE, 0xFE, 0xFB, 0xFE, 0xF8, 0xFE, 0xF5,
0xFE, 0xF3, 0xFE, 0xF0, 0xFE, 0xED, 0xFE, 0xEA, 0xFE, 0xE7, 0xFE, 0xE5, 0xFE, 0xE2, 0xFE, 0xDF, 0xFE, 0xDC, 0xFE, 0xDA, 0xFE, 0xD7, 0xFE, 0xD4, 0xFE, 0xD0, 0xFE, 0xCD, 0xFE, 0xC9, 0xFE, 0xC6,
0xFE, 0xC2, 0xFE, 0xBF, 0xFE, 0xBB, 0xFE, 0xB7, 0xFE, 0xB4, 0xFE, 0xB0, 0xFE, 0xAD, 0xFE, 0xA9, 0xFE, 0xA6, 0xFE, 0xA2, 0xFE, 0x9E, 0xFE, 0x9A, 0xFE, 0x95, 0xFE, 0x91, 0xFE, 0x8D, 0xFE, 0x89,
0xFE, 0x85, 0xFE, 0x81, 0xFE, 0x7C, 0xFE, 0x78, 0xFE, 0x74, 0xFE, 0x70, 0xFE, 0x6C, 0xFE, 0x68, 0xFE, 0x63, 0xFE, 0x5F, 0xFE, 0x5B, 0xFE, 0x57, 0xFE, 0x53, 0xFE, 0x4F, 0xFE, 0x4A, 0xFE, 0x46,
0xFE, 0x42, 0xFE, 0x3E, 0xFE, 0x3A, 0xFE, 0x36, 0xFE, 0x31, 0xFE, 0x2D, 0xFE, 0x29, 0xFE, 0x25, 0xFE, 0x21, 0xFE, 0x1D, 0xFE, 0x19, 0xFE, 0x14, 0xFE, 0x10, 0xFE, 0x0C, 0xFE, 0x08, 0xFE, 0x04,
0xFE, 0x00, 0xFD, 0xFB, 0xFD, 0xF7, 0x2D, 0x08, 0x01, 0x02, 0x03, 0xFF, 0x2D, 0x08, 0x01, 0x02, 0x03, 0xFF, 0x04, 0x05, 0x06, 0x07, 0x00, 0x00, 0x00, 0x00, 0x00, 0x00, 0x00, 0x00, 0x00, 0x00,
0x00, 0x00, 0x00, 0x00, 0x00, 0x00, 0x00, 0x00, 0x00, 0x00, 0x00, 0x00, 0x00, 0x00, 0x00, 0x00, 0x00, 0x00, 0x00, 0x00, 0x00, 0x00, 0x00, 0x00, 0x00, 0x00, 0x00, 0x00, 0x00, 0x00, 0x00, 0x00,
];